Date,Storage(TWh)
2020-01-01,994.9453
2020-01-02,989.6235
2020-01-03,985.1284
2020-01-04,980.9065
2020-01-05,976.4436
2020-01-06,970.54
2020-01-07,964.1834
2020-01-08,958.1935
2020-01-09,952.5372
2020-01-10,947.7198
2020-01-11,942.865
2020-01-12,938.1512
2020-01-13,932.477
2020-01-14,926.5273
2020-01-15,920.5596
2020-01-16,914.3617
2020-01-17,908.0663
2020-01-18,901.7984
2020-01-19,894.9291
2020-01-20,887.2117
2020-01-21,878.534
2020-01-22,869.9594
2020-01-23,861.5652
2020-01-24,853.2052
2020-01-25,846.3214
2020-01-26,840.425
2020-01-27,833.5269
2020-01-28,825.2882
2020-01-29,818.0579
2020-01-30,812.5622
2020-01-31,807.5919
2020-02-01,805.5468
2020-02-02,803.3191
2020-02-03,799.1545
2020-02-04,794.0407
2020-02-05,787.8058
2020-02-06,780.665
2020-02-07,774.8668
2020-02-08,770.3505
2020-02-09,767.1215
2020-02-10,763.2795
2020-02-11,758.0185
2020-02-12,752.3974
2020-02-13,746.4323
2020-02-14,741.5443
2020-02-15,739.2953
2020-02-16,737.6289
2020-02-17,734.0642
2020-02-18,729.7984
2020-02-19,725.0605
2020-02-20,721.1215
2020-02-21,717.0058
2020-02-22,714.5796
2020-02-23,712.6942
2020-02-24,709.2964
2020-02-25,705.7424
2020-02-26,699.9329
2020-02-27,693.7583
2020-02-28,688.6444
2020-02-29,686.2543
2020-03-01,684.3587
2020-03-02,679.4609
2020-03-03,674.6701
2020-03-04,669.4575
2020-03-05,664.5606
2020-03-06,660.4823
2020-03-07,658.413
2020-03-08,656.7644
2020-03-09,652.9241
2020-03-10,650.206
2020-03-11,648.5719
2020-03-12,647.1269
2020-03-13,644.4851
2020-03-14,642.8412
2020-03-15,642.277
2020-03-16,640.3144
2020-03-17,638.9513
2020-03-18,637.8341
2020-03-19,636.7046
2020-03-20,636.1143
2020-03-21,636.6722
2020-03-22,635.7275
2020-03-23,632.9782
2020-03-24,630.3091
2020-03-25,627.3276
2020-03-26,624.5714
2020-03-27,623.0789
2020-03-28,622.7343
2020-03-29,621.6017
2020-03-30,619.3996
2020-03-31,615.8062
2020-04-01,616.8787
2020-04-02,616.8513
2020-04-03,616.9061
2020-04-04,618.651
2020-04-05,621.1582
2020-04-06,623.3844
2020-04-07,625.8642
2020-04-08,628.925
2020-04-09,632.5731
2020-04-10,636.4942
2020-04-11,640.8174
2020-04-12,645.9644
2020-04-13,649.0719
2020-04-14,652.0928
2020-04-15,654.4831
2020-04-16,657.712
2020-04-17,661.1824
2020-04-18,665.5218
2020-04-19,670.0005
2020-04-20,673.0792
2020-04-21,676.9208
2020-04-22,674.0614
2020-04-23,684.3271
2020-04-24,688.3671
2020-04-25,692.5996
2020-04-26,696.6012
2020-04-27,699.9373
2020-04-28,702.8977
2020-04-29,706.438
2020-04-30,709.9297
2020-05-01,716.2604
2020-05-02,720.3377
2020-05-03,724.3343
2020-05-04,727.9681
2020-05-05,731.2534
2020-05-06,734.5208
2020-05-07,738.2356
2020-05-08,742.8921
2020-05-09,748.4553
2020-05-10,753.1237
2020-05-11,756.8306
2020-05-12,758.4621
2020-05-13,760.6326
2020-05-14,763.0521
2020-05-15,765.7442
2020-05-16,769.8684
2020-05-17,774.4521
2020-05-18,778.3039
2020-05-19,781.6641
2020-05-20,784.2667
2020-05-21,788.4556
2020-05-22,793.4565
2020-05-23,798.3186
2020-05-24,802.7048
2020-05-25,806.4038
2020-05-26,809.4891
2020-05-27,811.7655
2020-05-28,814.4393
2020-05-29,817.2837
2020-05-30,820.9301
2020-05-31,824.7736
2020-06-01,828.472
2020-06-02,831.3015
2020-06-03,834.1006
2020-06-04,837.0602
2020-06-05,840.0774
2020-06-06,843.8851
2020-06-07,847.7299
2020-06-08,850.1192
2020-06-09,851.8144
2020-06-10,853.5921
2020-06-11,856.2025
2020-06-12,859.2267
2020-06-13,863.3108
2020-06-14,867.319
2020-06-15,869.5235
2020-06-16,871.616
2020-06-17,873.5957
2020-06-18,875.9147
2020-06-19,878.4603
2020-06-20,882.2541
2020-06-21,886.3549
2020-06-22,889.3315
2020-06-23,891.8868
2020-06-24,894.2662
2020-06-25,896.6595
2020-06-26,899.5159
2020-06-27,903.3443
2020-06-28,907.4189
2020-06-29,910.2987
2020-06-30,911.4124
2020-07-01,914.889
2020-07-02,917.0613
2020-07-03,920.3976
2020-07-04,924.6604
2020-07-05,929.0343
2020-07-06,931.395
2020-07-07,932.8199
2020-07-08,933.9476
2020-07-09,935.1672
2020-07-10,937.2954
2020-07-11,940.8834
2020-07-12,945.0734
2020-07-13,948.0108
2020-07-14,948.903
2020-07-15,948.5719
2020-07-16,949.3386
2020-07-17,950.202
2020-07-18,951.6459
2020-07-19,953.5801
2020-07-20,954.5264
2020-07-21,954.8536
2020-07-22,955.3475
2020-07-23,955.8466
2020-07-24,956.659
2020-07-25,957.2473
2020-07-26,960.686
2020-07-27,963.0305
2020-07-28,966.0989
2020-07-29,968.1498
2020-07-30,969.8782
2020-07-31,968.2178
2020-08-01,974.3948
2020-08-02,977.6267
2020-08-03,979.7741
2020-08-04,981.8453
2020-08-05,983.6366
2020-08-06,985.7305
2020-08-07,988.1902
2020-08-08,991.5143
2020-08-09,995.1531
2020-08-10,996.5017
2020-08-11,999.1492
2020-08-12,1001.2839
2020-08-13,1003.3717
2020-08-14,1005.9104
2020-08-15,1008.992
2020-08-16,1012.2902
2020-08-17,1014.672
2020-08-18,1016.7926
2020-08-19,1018.8419
2020-08-20,1020.8104
2020-08-21,1023.4872
2020-08-22,1026.8716
2020-08-23,1030.1421
2020-08-24,1031.4799
2020-08-25,1033.0561
2020-08-26,1034.4057
2020-08-27,1035.0896
2020-08-28,1034.6344
2020-08-29,1036.1598
2020-08-30,1037.8369
2020-08-31,1035.1478
2020-09-01,1035.3501
2020-09-02,1038.3836
2020-09-03,1040.0678
2020-09-04,1041.7917
2020-09-05,1044.5213
2020-09-06,1047.1305
2020-09-07,1048.4508
2020-09-08,1049.6973
2020-09-09,1051.1459
2020-09-10,1052.3105
2020-09-11,1053.9484
2020-09-12,1056.903
2020-09-13,1059.9492
2020-09-14,1061.4875
2020-09-15,1062.7098
2020-09-16,1063.8505
2020-09-17,1063.4467
2020-09-18,1065.0621
2020-09-19,1067.2275
2020-09-20,1069.4611
2020-09-21,1070.4003
2020-09-22,1071.3425
2020-09-23,1072.3628
2020-09-24,1073.7495
2020-09-25,1075.0633
2020-09-26,1076.6648
2020-09-27,1078.0181
2020-09-28,1077.4019
2020-09-29,1076.9034
2020-09-30,1075.7962
2020-10-01,1076.1302
2020-10-02,1077.7767
2020-10-03,1080.0721
2020-10-04,1082.5286
2020-10-05,1083.15
2020-10-06,1083.8886
2020-10-07,1084.385
2020-10-08,1084.8765
2020-10-09,1085.5221
2020-10-10,1088.1709
2020-10-11,1089.3375
2020-10-12,1088.6767
2020-10-13,1087.4478
2020-10-14,1086.1493
2020-10-15,1084.2949
2020-10-16,1082.3353
2020-10-17,1079.7627
2020-10-18,1080.9761
2020-10-19,1079.5377
2020-10-20,1078.521
2020-10-21,1078.0575
2020-10-22,1077.472
2020-10-23,1076.9835
2020-10-24,1078.3696
2020-10-25,1079.6235
2020-10-26,1079.4882
2020-10-27,1077.7706
2020-10-28,1076.8633
2020-10-29,1075.8781
2020-10-30,1076.3161
2020-10-31,1077.5593
2020-11-01,1079.6009
2020-11-02,1080.2665
2020-11-03,1079.1693
2020-11-04,1077.0668
2020-11-05,1074.6716
2020-11-06,1073.0243
2020-11-07,1072.3949
2020-11-08,1072.1488
2020-11-09,1070.0663
2020-11-10,1067.0249
2020-11-11,1064.8264
2020-11-12,1062.638
2020-11-13,1060.5728
2020-11-14,1060.414
2020-11-15,1060.7559
2020-11-16,1059.1473
2020-11-17,1057.3976
2020-11-18,1056.1233
2020-11-19,1053.8632
2020-11-20,1050.3908
2020-11-21,1048.1
2020-11-22,1045.4507
2020-11-23,1041.4326
2020-11-24,1036.9906
2020-11-25,1031.58
2020-11-26,1025.692
2020-11-27,1019.7617
2020-11-28,1014.8239
2020-11-29,1009.8108
2020-11-30,1003.6207
2020-12-01,997.0613
2020-12-02,989.4642
2020-12-03,982.0512
2020-12-04,975.3924
2020-12-05,970.4564
2020-12-06,965.4959
2020-12-07,958.7017
2020-12-08,952.3295
2020-12-09,944.3071
2020-12-10,936.9971
2020-12-11,930.157
2020-12-12,924.9929
2020-12-13,920.8906
2020-12-14,915.8699
2020-12-15,910.2929
2020-12-16,905.252
2020-12-17,900.4851
2020-12-18,896.3221
2020-12-19,893.5449
2020-12-20,890.3934
2020-12-21,885.9878
2020-12-22,882.2674
2020-12-23,879.717
2020-12-24,877.4457
2020-12-25,874.137
2020-12-26,870.8091
2020-12-27,866.5272
2020-12-28,860.7284
2020-12-29,854.8547
2020-12-30,848.9146
2020-12-31,830.2783
2021-01-01,825.9856
2021-01-02,820.0704
2021-01-03,813.714
2021-01-04,805.1843
2021-01-05,795.9524
2021-01-06,787.1214
2021-01-07,777.2378
2021-01-08,767.2417
2021-01-09,758.4266
2021-01-10,749.8406
2021-01-11,739.7254
2021-01-12,729.9468
2021-01-13,720.5865
2021-01-14,710.5084
2021-01-15,699.7224
2021-01-16,690.1831
2021-01-17,681.0721
2021-01-18,670.6721
2021-01-19,661.575
2021-01-20,654.1584
2021-01-21,647.7463
2021-01-22,641.0833
2021-01-23,634.9859
2021-01-24,628.6504
2021-01-25,619.7549
2021-01-26,611.0161
2021-01-27,602.1993
2021-01-28,594.8405
2021-01-29,588.6843
2021-01-30,582.9579
2021-01-31,576.4815
2021-02-01,568.9971
2021-02-02,562.3215
2021-02-03,557.068
2021-02-04,551.3046
2021-02-05,545.9073
2021-02-06,541.4256
2021-02-07,535.4559
2021-02-08,526.163
2021-02-09,516.1888
2021-02-10,506.0321
2021-02-11,495.9929
2021-02-12,485.7231
2021-02-13,476.087
2021-02-14,467.4391
2021-02-15,458.5666
2021-02-16,451.8461
2021-02-17,446.5736
2021-02-18,441.5959
2021-02-19,436.827
2021-02-20,433.9129
2021-02-21,431.7064
2021-02-22,427.6689
2021-02-23,424.4579
2021-02-24,422.3406
2021-02-25,419.5405
2021-02-26,416.8013
2021-02-27,414.5626
2021-02-28,411.8842
2021-03-01,407.9084
2021-03-02,404.2351
2021-03-03,400.5674
2021-03-04,396.3385
2021-03-05,391.7639
2021-03-06,388.2186
2021-03-07,384.5949
2021-03-08,379.5061
2021-03-09,374.4717
2021-03-10,370.8154
2021-03-11,368.575
2021-03-12,366.7949
2021-03-13,365.5924
2021-03-14,364.0853
2021-03-15,361.7185
2021-03-16,358.5754
2021-03-17,355.1749
2021-03-18,351.0523
2021-03-19,347.37
2021-03-20,344.8344
2021-03-21,343.022
2021-03-22,339.5541
2021-03-23,336.8219
2021-03-24,334.927
2021-03-25,333.7216
2021-03-26,333.9284
2021-03-27,334.3579
2021-03-28,334.9525
2021-03-29,335.1305
2021-03-30,337.028
2021-03-31,337.9001
2021-04-01,343.0023
2021-04-02,345.0231
2021-04-03,347.2507
2021-04-04,349.4529
2021-04-05,350.3698
2021-04-06,348.4116
2021-04-07,345.25
2021-04-08,342.483
2021-04-09,340.7722
2021-04-10,340.3205
2021-04-11,340.4558
2021-04-12,337.5356
2021-04-13,334.1632
2021-04-14,331.0085
2021-04-15,328.3099
2021-04-16,326.7471
2021-04-17,326.6411
2021-04-18,327.024
2021-04-19,326.4643
2021-04-20,326.4169
2021-04-21,327.1148
2021-04-22,327.8492
2021-04-23,328.7841
2021-04-24,331.4765
2021-04-25,334.1302
2021-04-26,335.1666
2021-04-27,336.0143
2021-04-28,337.1018
2021-04-29,338.1295
2021-04-30,336.0534
2021-05-01,338.4377
2021-05-02,340.8527
2021-05-03,341.9475
2021-05-04,343.3034
2021-05-05,343.6199
2021-05-06,343.5909
2021-05-07,344.1167
2021-05-08,347.263
2021-05-09,351.8024
2021-05-10,355.9459
2021-05-11,359.4331
2021-05-12,362.6226
2021-05-13,366.3428
2021-05-14,369.782
2021-05-15,373.4829
2021-05-16,377.2896
2021-05-17,379.6248
2021-05-18,381.2107
2021-05-19,383.0195
2021-05-20,385.8929
2021-05-21,389.3853
2021-05-22,393.3714
2021-05-23,397.5584
2021-05-24,401.1457
2021-05-25,403.7628
2021-05-26,405.8979
2021-05-27,407.6938
2021-05-28,410.4953
2021-05-29,415.0799
2021-05-30,419.8913
2021-05-31,422.5138
2021-06-01,426.6578
2021-06-02,431.3447
2021-06-03,435.8824
2021-06-04,440.2905
2021-06-05,445.0886
2021-06-06,449.9995
2021-06-07,453.5808
2021-06-08,457.0595
2021-06-09,459.5693
2021-06-10,462.8818
2021-06-11,466.4505
2021-06-12,471.3373
2021-06-13,476.4825
2021-06-14,480.4695
2021-06-15,483.7557
2021-06-16,486.9022
2021-06-17,490.0117
2021-06-18,493.8497
2021-06-19,498.2845
2021-06-20,502.7627
2021-06-21,506.1188
2021-06-22,508.3495
2021-06-23,510.5949
2021-06-24,513.0258
2021-06-25,515.9164
2021-06-26,520.0434
2021-06-27,524.4934
2021-06-28,527.8429
2021-06-29,531.0474
2021-06-30,534.1234
2021-07-01,537.4291
2021-07-02,540.3217
2021-07-03,545.019
2021-07-04,549.9634
2021-07-05,554.1224
2021-07-06,557.1571
2021-07-07,559.7112
2021-07-08,562.2263
2021-07-09,565.4922
2021-07-10,570.0635
2021-07-11,574.7358
2021-07-12,578.0113
2021-07-13,579.8196
2021-07-14,581.7566
2021-07-15,583.5267
2021-07-16,586.208
2021-07-17,589.5373
2021-07-18,592.9821
2021-07-19,595.4542
2021-07-20,597.521
2021-07-21,599.4707
2021-07-22,601.4287
2021-07-23,605.1799
2021-07-24,609.8726
2021-07-25,614.5048
2021-07-26,618.1718
2021-07-27,621.8518
2021-07-28,625.7547
2021-07-29,629.6982
2021-07-30,633.5637
2021-07-31,637.9227
2021-08-01,641.6465
2021-08-02,645.6469
2021-08-03,649.028
2021-08-04,652.2912
2021-08-05,655.7198
2021-08-06,659.925
2021-08-07,664.3121
2021-08-08,668.6785
2021-08-09,672.1011
2021-08-10,675.7553
2021-08-11,678.9042
2021-08-12,682.309
2021-08-13,686.0707
2021-08-14,690.5919
2021-08-15,695.0051
2021-08-16,698.822
2021-08-17,702.0817
2021-08-18,705.4953
2021-08-19,708.9664
2021-08-20,712.8232
2021-08-21,716.9448
2021-08-22,721.1405
2021-08-23,724.8595
2021-08-24,728.5991
2021-08-25,732.1555
2021-08-26,735.6869
2021-08-27,739.5998
2021-08-28,743.8505
2021-08-29,748.2359
2021-08-30,751.7746
2021-08-31,753.8002
2021-09-01,758.9021
2021-09-02,761.2179
2021-09-03,763.7573
2021-09-04,767.0997
2021-09-05,770.8914
2021-09-06,773.3166
2021-09-07,775.2655
2021-09-08,777.6213
2021-09-09,780.0382
2021-09-10,782.3392
2021-09-11,785.5548
2021-09-12,788.8784
2021-09-13,790.7787
2021-09-14,792.3193
2021-09-15,793.5583
2021-09-16,794.9216
2021-09-17,797.2105
2021-09-18,800.4983
2021-09-19,803.882
2021-09-20,805.9291
2021-09-21,807.7443
2021-09-22,809.4897
2021-09-23,812.0252
2021-09-24,814.7736
2021-09-25,818.7743
2021-09-26,823.1071
2021-09-27,826.1825
2021-09-28,828.7753
2021-09-29,831.5619
2021-09-30,834.1568
2021-10-01,836.6555
2021-10-02,839.3384
2021-10-03,842.7648
2021-10-04,844.7065
2021-10-05,847.1772
2021-10-06,848.4123
2021-10-07,849.0516
2021-10-08,850.2872
2021-10-09,852.6626
2021-10-10,859.5715
2021-10-11,859.5586
2021-10-12,860.0922
2021-10-13,859.3858
2021-10-14,859.2567
2021-10-15,859.2377
2021-10-16,860.0944
2021-10-17,861.1373
2021-10-18,861.1145
2021-10-19,861.756
2021-10-20,863.1588
2021-10-21,863.3303
2021-10-22,862.6392
2021-10-23,862.3943
2021-10-24,862.579
2021-10-25,861.2098
2021-10-26,860.2264
2021-10-27,860.4956
2021-10-28,860.0409
2021-10-29,859.8745
2021-10-30,860.4678
2021-10-31,861.0656
2021-11-01,861.0767
2021-11-02,858.2454
2021-11-03,854.6944
2021-11-04,851.8254
2021-11-05,849.1455
2021-11-06,848.1256
2021-11-07,847.5038
2021-11-08,844.3955
2021-11-09,841.0618
2021-11-10,837.8039
2021-11-11,834.4279
2021-11-12,830.7749
2021-11-13,828.8526
2021-11-14,827.5905
2021-11-15,824.0177
2021-11-16,819.8102
2021-11-17,816.1366
2021-11-18,812.9124
2021-11-19,810.7081
2021-11-20,809.0409
2021-11-21,806.9434
2021-11-22,802.3186
2021-11-23,796.9836
2021-11-24,790.7634
2021-11-25,784.851
2021-11-26,779.1364
2021-11-27,774.3973
2021-11-28,769.6518
2021-11-29,763.0644
2021-11-30,756.8966
2021-12-01,750.5951
2021-12-02,744.0328
2021-12-03,737.5599
2021-12-04,732.4916
2021-12-05,727.3714
2021-12-06,720.3386
2021-12-07,713.5074
2021-12-08,706.7163
2021-12-09,699.448
2021-12-10,692.7375
2021-12-11,687.2298
2021-12-12,682.8341
2021-12-13,676.8305
2021-12-14,671.2783
2021-12-15,666.0114
2021-12-16,660.6609
2021-12-17,655.2763
2021-12-18,650.7658
2021-12-19,645.9461
2021-12-20,638.3316
2021-12-21,629.7487
2021-12-22,620.9815
2021-12-23,614.1794
2021-12-24,610.3632
2021-12-25,607.3713
2021-12-26,603.5878
2021-12-27,600.2427
2021-12-28,597.6261
2021-12-29,596.5261
2021-12-30,596.2895
2021-12-31,597.9398
2022-01-01,600.4245
2022-01-02,600.4137
2022-01-03,598.9044
2022-01-04,596.1655
2022-01-05,591.8799
2022-01-06,587.5168
2022-01-07,581.7404
2022-01-08,576.9609
2022-01-09,572.1768
2022-01-10,564.0221
2022-01-11,555.9013
2022-01-12,547.6744
2022-01-13,539.756
2022-01-14,531.8066
2022-01-15,525.5723
2022-01-16,520.0626
2022-01-17,512.875
2022-01-18,505.119
2022-01-19,498.1384
2022-01-20,490.8656
2022-01-21,483.1578
2022-01-22,476.6819
2022-01-23,470.5199
2022-01-24,462.7379
2022-01-25,454.6487
2022-01-26,447.0515
2022-01-27,440.4757
2022-01-28,434.2103
2022-01-29,430.2332
2022-01-30,426.3531
2022-01-31,420.2242
2022-02-01,415.2835
2022-02-02,410.4205
2022-02-03,405.8298
2022-02-04,402.0459
2022-02-05,399.3311
2022-02-06,396.8214
2022-02-07,392.4174
2022-02-08,388.3226
2022-02-09,384.4337
2022-02-10,379.8319
2022-02-11,375.1295
2022-02-12,371.3088
2022-02-13,368.3807
2022-02-14,364.4237
2022-02-15,360.3072
2022-02-16,356.9757
2022-02-17,354.4056
2022-02-18,351.7258
2022-02-19,349.2588
2022-02-20,347.3623
2022-02-21,343.7363
2022-02-22,340.0494
2022-02-23,336.967
2022-02-24,334.1767
2022-02-25,331.4167
2022-02-26,329.5142
2022-02-27,327.7781
2022-02-28,323.9264
2022-03-01,320.018
2022-03-02,316.3522
2022-03-03,312.9677
2022-03-04,309.9788
2022-03-05,307.9094
2022-03-06,305.5945
2022-03-07,301.3755
2022-03-08,297.842
2022-03-09,295.1212
2022-03-10,294.1433
2022-03-11,292.9763
2022-03-12,292.9924
2022-03-13,292.9607
2022-03-14,290.9945
2022-03-15,289.226
2022-03-16,288.0839
2022-03-17,287.1092
2022-03-18,286.4804
2022-03-19,285.4293
2022-03-20,287.6582
2022-03-21,287.0232
2022-03-22,287.0366
2022-03-23,287.473
2022-03-24,288.8328
2022-03-25,290.2077
2022-03-26,292.6377
2022-03-27,295.2473
2022-03-28,296.4385
2022-03-29,297.5422
2022-03-30,297.8521
2022-03-31,293.761
2022-04-01,293.897
2022-04-02,293.4023
2022-04-03,292.7519
2022-04-04,291.7666
2022-04-05,291.2176
2022-04-06,292.5942
2022-04-07,294.2388
2022-04-08,295.9217
2022-04-09,297.9926
2022-04-10,300.3703
2022-04-11,301.6242
2022-04-12,304.1278
2022-04-13,307.0514
2022-04-14,310.4633
2022-04-15,315.2153
2022-04-16,319.9148
2022-04-17,324.7294
2022-04-18,329.2962
2022-04-19,332.4172
2022-04-20,335.1868
2022-04-21,338.2845
2022-04-22,341.8817
2022-04-23,346.3989
2022-04-24,351.0869
2022-04-25,354.0308
2022-04-26,356.3135
2022-04-27,358.4407
2022-04-28,361.4656
2022-04-29,364.7967
2022-04-30,368.7328
2022-05-01,373.7964
2022-05-02,378.1233
2022-05-03,382.5679
2022-05-04,386.9052
2022-05-05,391.4184
2022-05-06,396.1074
2022-05-07,401.8442
2022-05-08,407.5155
2022-05-09,412.3347
2022-05-10,416.9331
2022-05-11,421.8772
2022-05-12,426.6538
2022-05-13,432.2637
2022-05-14,438.4219
2022-05-15,444.8755
2022-05-16,449.6483
2022-05-17,454.0455
2022-05-18,458.4326
2022-05-19,463.2931
2022-05-20,468.4334
2022-05-21,474.3776
2022-05-22,480.2333
2022-05-23,485.0387
2022-05-24,489.708
2022-05-25,494.729
2022-05-26,500.0618
2022-05-27,505.3683
2022-05-28,510.7558
2022-05-29,515.9441
2022-05-30,519.5383
2022-05-31,522.7593
2022-06-01,526.5777
2022-06-02,531.0707
2022-06-03,535.7671
2022-06-04,541.3408
2022-06-05,546.9115
2022-06-06,551.9051
2022-06-07,555.7274
2022-06-08,558.6392
2022-06-09,561.2394
2022-06-10,563.8665
2022-06-11,569.6185
2022-06-12,575.3248
2022-06-13,580.0739
2022-06-14,583.7135
2022-06-15,587.3955
2022-06-16,591.0715
2022-06-17,594.8578
2022-06-18,599.6499
2022-06-19,604.4824
2022-06-20,608.0218
2022-06-21,614.054
2022-06-22,617.0949
2022-06-23,620.1468
2022-06-24,623.7243
2022-06-25,628.502
2022-06-26,633.3563
2022-06-27,636.6311
2022-06-28,640.1583
2022-06-29,643.4265
2022-06-30,646.506
2022-07-01,650.7038
2022-07-02,655.4738
2022-07-03,660.5334
2022-07-04,664.6153
2022-07-05,668.5845
2022-07-06,672.5842
2022-07-07,676.4676
2022-07-08,680.3679
2022-07-09,685.6538
2022-07-10,690.8969
2022-07-11,693.5519
2022-07-12,696.433
2022-07-13,699.5628
2022-07-14,703.0542
2022-07-15,706.7668
2022-07-16,711.5183
2022-07-17,716.0245
2022-07-18,719.3617
2022-07-19,722.1142
2022-07-20,724.8959
2022-07-21,727.9941
2022-07-22,731.8093
2022-07-23,736.5857
2022-07-24,741.7096
2022-07-25,746.0328
2022-07-26,750.0578
2022-07-27,753.9249
2022-07-28,757.7655
2022-07-29,761.4913
2022-07-30,766.1234
2022-07-31,770.3283
2022-08-01,774.7829
2022-08-02,779.0509
2022-08-03,783.0479
2022-08-04,786.1631
2022-08-05,790.2438
2022-08-06,795.267
2022-08-07,800.4608
2022-08-08,804.6915
2022-08-09,809.0264
2022-08-10,813.5197
2022-08-11,817.6375
2022-08-12,821.9575
2022-08-13,826.8823
2022-08-14,831.7792
2022-08-15,836.2396
2022-08-16,840.2262
2022-08-17,843.8238
2022-08-18,847.6932
2022-08-19,851.8611
2022-08-20,856.726
2022-08-21,861.512
2022-08-22,865.1155
2022-08-23,868.6321
2022-08-24,872.3581
2022-08-25,876.1216
2022-08-26,879.6624
2022-08-27,883.9365
2022-08-28,888.3667
2022-08-29,891.4736
2022-08-30,894.4697
2022-08-31,895.7715
2022-09-01,899.7772
2022-09-02,903.0806
2022-09-03,907.5318
2022-09-04,912.133
2022-09-05,915.5598
2022-09-06,918.8292
2022-09-07,921.365
2022-09-08,924.7981
2022-09-09,928.0413
2022-09-10,931.9245
2022-09-11,935.8973
2022-09-12,938.707
2022-09-13,941.3366
2022-09-14,943.8733
2022-09-15,946.6639
2022-09-16,950.3228
2022-09-17,954.4169
2022-09-18,958.4001
2022-09-19,960.9462
2022-09-20,963.3722
2022-09-21,965.738
2022-09-22,968.2078
2022-09-23,970.8637
2022-09-24,974.28
2022-09-25,977.8193
2022-09-26,980.3369
2022-09-27,982.523
2022-09-28,984.1002
2022-09-29,986.1431
2022-09-30,987.4342
2022-10-01,991.0759
2022-10-02,994.9371
2022-10-03,997.7611
2022-10-04,1000.1963
2022-10-05,1002.9346
2022-10-06,1005.7536
2022-10-07,1008.5687
2022-10-08,1012.1288
2022-10-09,1015.4058
2022-10-10,1017.8079
2022-10-11,1019.4402
2022-10-12,1020.8383
2022-10-13,1022.187
2022-10-14,1024.3546
2022-10-15,1027.5279
2022-10-16,1030.6657
2022-10-17,1033.0195
2022-10-18,1034.8382
2022-10-19,1036.3637
2022-10-20,1037.579
2022-10-21,1038.9309
2022-10-22,1041.3192
2022-10-23,1043.7044
2022-10-24,1045.8332
2022-10-25,1047.0659
2022-10-26,1048.1046
2022-10-27,1049.6886
2022-10-28,1051.498
2022-10-29,1054.058
2022-10-30,1056.6069
2022-10-31,1058.2953
2022-11-01,1060.2462
2022-11-02,1061.2311
2022-11-03,1061.4308
2022-11-04,1062.0635
2022-11-05,1063.3031
2022-11-06,1064.696
2022-11-07,1065.2325
2022-11-08,1065.8808
2022-11-09,1066.5893
2022-11-10,1067.2482
2022-11-11,1067.8995
2022-11-12,1068.8525
2022-11-13,1069.9086
2022-11-14,1069.1771
2022-11-15,1067.9428
2022-11-16,1067.2688
2022-11-17,1066.8778
2022-11-18,1065.6542
2022-11-19,1064.6139
2022-11-20,1063.3403
2022-11-21,1061.0532
2022-11-22,1058.4577
2022-11-23,1056.5257
2022-11-24,1054.5788
2022-11-25,1052.6613
2022-11-26,1051.9008
2022-11-27,1051.2784
2022-11-28,1047.93
2022-11-29,1043.4119
2022-11-30,1038.8324
2022-12-01,1033.5197
2022-12-02,1028.3802
2022-12-03,1025.075
2022-12-04,1021.829
2022-12-05,1017.1151
2022-12-06,1012.0558
2022-12-07,1006.6241
2022-12-08,1000.9526
2022-12-09,995.5367
2022-12-10,990.7029
2022-12-11,985.4662
2022-12-12,977.6165
2022-12-13,968.9158
2022-12-14,961.0664
2022-12-15,953.5757
2022-12-16,947.0468
2022-12-17,942.356
2022-12-18,938.3461
2022-12-19,934.2137
2022-12-20,931.1683
2022-12-21,929.7734
2022-12-22,928.7365
2022-12-23,928.3609
2022-12-24,929.2471
2022-12-25,930.615
2022-12-26,931.7377
2022-12-27,931.4395
2022-12-28,931.4201
2022-12-29,931.789
2022-12-30,932.4036
2022-12-31,933.4146
2023-01-01,934.9275
2023-01-02,934.9074
2023-01-03,933.9947
2023-01-04,933.2785
2023-01-05,931.8386
2023-01-06,931.2802
2023-01-07,930.8104
2023-01-08,930.03
2023-01-09,927.5206
2023-01-10,924.8934
2023-01-11,922.3836
2023-01-12,920.0537
2023-01-13,917.3944
2023-01-14,915.3039
2023-01-15,912.9805
2023-01-16,908.2574
2023-01-17,902.9051
2023-01-18,897.2544
2023-01-19,890.6133
2023-01-20,883.7173
2023-01-21,877.8163
2023-01-22,871.6349
2023-01-23,863.5858
2023-01-24,855.5187
2023-01-25,847.8995
2023-01-26,840.6904
2023-01-27,832.819
2023-01-28,826.3141
2023-01-29,820.4155
2023-01-30,813.9439
2023-01-31,810.1723
2023-02-01,804.8734
2023-02-02,799.7852
2023-02-03,795.4731
2023-02-04,791.986
2023-02-05,787.1428
2023-02-06,781.1436
2023-02-07,773.8454
2023-02-08,766.4737
2023-02-09,758.8946
2023-02-10,752.3464
2023-02-11,747.5334
2023-02-12,743.4935
2023-02-13,738.3865
2023-02-14,733.4188
2023-02-15,728.7353
2023-02-16,724.8763
2023-02-17,722.0692
2023-02-18,720.8646
2023-02-19,719.4409
2023-02-20,716.7556
2023-02-21,713.3503
2023-02-22,710.0861
2023-02-23,707.0077
2023-02-24,703.9285
2023-02-25,701.2036
2023-02-26,698.504
2023-02-27,692.215
2023-02-28,686.3222
2023-03-01,681.5597
2023-03-02,676.2093
2023-03-03,671.2202
2023-03-04,668.9794
2023-03-05,662.7734
2023-03-06,658.1859
2023-03-07,652.4524
2023-03-08,646.8191
2023-03-09,642.6249
2023-03-10,639.3208
2023-03-11,636.7109
2023-03-12,635.0198
2023-03-13,633.9407
2023-03-14,632.0824
2023-03-15,629.1877
2023-03-16,626.956
2023-03-17,625.9414
2023-03-18,626.5062
2023-03-19,626.8036
2023-03-20,625.445
2023-03-21,624.9643
2023-03-22,625.2916
2023-03-23,626.0067
2023-03-24,627.5113
2023-03-25,628.9689
2023-03-26,629.8029
2023-03-27,628.2532
2023-03-28,625.8618
2023-03-29,625.012
2023-03-30,625.4537
2023-03-31,627.8241
2023-04-01,627.9931
2023-04-02,628.5865
2023-04-03,627.7306
2023-04-04,626.3315
2023-04-05,624.9899
2023-04-06,624.1149
2023-04-07,624.3902
2023-04-08,625.6381
2023-04-09,627.7175
2023-04-10,630.0833
2023-04-11,631.6249
2023-04-12,632.5212
2023-04-13,633.3855
2023-04-14,633.39
2023-04-15,635.2792
2023-04-16,637.6789
2023-04-17,638.9929
2023-04-18,640.523
2023-04-19,642.4117
2023-04-20,644.093
2023-04-21,646.4475
2023-04-22,650.1344
2023-04-23,654.1633
2023-04-24,657.3483
2023-04-25,659.8699
2023-04-26,660.9714
2023-04-27,662.9205
2023-04-28,665.5249
2023-04-29,669.4202
2023-04-30,673.7924
2023-05-01,677.85
2023-05-02,680.3856
2023-05-03,682.9928
2023-05-04,685.3646
2023-05-05,688.766
2023-05-06,692.7355
2023-05-07,696.8523
2023-05-08,700.0501
2023-05-09,702.4646
2023-05-10,704.8702
2023-05-11,707.3034
2023-05-12,710.2775
2023-05-13,714.7887
2023-05-14,719.2941
2023-05-15,722.504
2023-05-16,725.5067
2023-05-17,728.5457
2023-05-18,731.8914
2023-05-19,735.52
2023-05-20,740.2532
2023-05-21,745.1257
2023-05-22,748.1494
2023-05-23,751.0923
2023-05-24,753.64
2023-05-25,756.4485
2023-05-26,760.0434
2023-05-27,764.5046
2023-05-28,768.7084
2023-05-29,772.3597
2023-05-30,775.347
2023-05-31,777.8543
2023-06-01,780.5664
2023-06-02,784.0648
2023-06-03,787.9565
2023-06-04,791.9009
2023-06-05,794.5259
2023-06-06,796.8271
2023-06-07,799.0241
2023-06-08,801.9967
2023-06-09,805.4832
2023-06-10,809.6492
2023-06-11,813.9668
2023-06-12,817.2673
2023-06-13,820.6397
2023-06-14,823.7153
2023-06-15,826.5071
2023-06-16,829.7424
2023-06-17,833.434
2023-06-18,837.7829
2023-06-19,840.7602
2023-06-20,843.9519
2023-06-21,845.078
2023-06-22,846.7646
2023-06-23,849.46
2023-06-24,853.5544
2023-06-25,857.5833
2023-06-26,860.6019
2023-06-27,863.0523
2023-06-28,865.28
2023-06-29,867.551
2023-06-30,870.491
2023-07-01,874.4794
2023-07-02,878.4355
2023-07-03,881.3098
2023-07-04,883.8471
2023-07-05,887.0109
2023-07-06,889.814
2023-07-07,893.1543
2023-07-08,897.187
2023-07-09,901.1457
2023-07-10,903.6132
2023-07-11,906.164
2023-07-12,908.914
2023-07-13,911.585
2023-07-14,914.8432
2023-07-15,919.1439
2023-07-16,923.4364
2023-07-17,926.6251
2023-07-18,929.2774
2023-07-19,931.7633
2023-07-20,934.2815
2023-07-21,937.2209
2023-07-22,941.0963
2023-07-23,945.2491
2023-07-24,948.1978
2023-07-25,951.0385
2023-07-26,954.0391
2023-07-27,956.9953
2023-07-28,959.8771
2023-07-29,964.0784
2023-07-30,968.4296
2023-07-31,971.8749
2023-08-01,973.8457
2023-08-02,977.1058
2023-08-03,980.1497
2023-08-04,982.6704
2023-08-05,986.1717
2023-08-06,989.815
2023-08-07,993.1994
2023-08-08,996.6019
2023-08-09,999.7139
2023-08-10,1002.7488
2023-08-11,1006.2534
2023-08-12,1010.4651
2023-08-13,1014.563
2023-08-14,1018.0724
2023-08-15,1021.2976
2023-08-16,1024.365
2023-08-17,1027.6695
2023-08-18,1031.1039
2023-08-19,1034.6734
2023-08-20,1037.9875
2023-08-21,1040.4294
2023-08-22,1041.1774
2023-08-23,1043.8583
2023-08-24,1045.3702
2023-08-25,1047.132
2023-08-26,1049.3046
2023-08-27,1051.7847
2023-08-28,1053.1458
2023-08-29,1053.7757
2023-08-30,1054.8582
2023-08-31,1055.1335
2023-09-01,1057.0346
2023-09-02,1058.9702
2023-09-03,1061.1745
2023-09-04,1062.4538
2023-09-05,1063.4788
2023-09-06,1064.0754
2023-09-07,1064.7107
2023-09-08,1065.4022
2023-09-09,1066.7721
2023-09-10,1068.0361
2023-09-11,1068.441
2023-09-12,1068.4304
2023-09-13,1068.548
2023-09-14,1068.6707
2023-09-15,1069.3148
2023-09-16,1070.4533
2023-09-17,1071.9672
2023-09-18,1073.0119
2023-09-19,1074.0245
2023-09-20,1074.8786
2023-09-21,1075.9085
2023-09-22,1077.2962
2023-09-23,1079.3006
2023-09-24,1081.5512
2023-09-25,1082.9236
2023-09-26,1084.0457
2023-09-27,1085.5238
2023-09-28,1086.86
2023-09-29,1088.4738
2023-09-30,1088.9028
2023-10-01,1091.2594
2023-10-02,1093.0381
2023-10-03,1095.1852
2023-10-04,1096.8171
2023-10-05,1097.6489
2023-10-06,1099.4933
2023-10-07,1101.4785
2023-10-08,1103.1731
2023-10-09,1104.2411
2023-10-10,1105.8517
2023-10-11,1107.6803
2023-10-12,1109.3281
2023-10-13,1111.7668
2023-10-14,1114.325
2023-10-15,1116.189
2023-10-16,1116.5055
2023-10-17,1116.747
2023-10-18,1117.0182
2023-10-19,1117.6784
2023-10-20,1118.777
2023-10-21,1120.651
2023-10-22,1122.4947
2023-10-23,1123.0828
2023-10-24,1123.8158
2023-10-25,1124.2556
2023-10-26,1124.9151
2023-10-27,1125.5315
2023-10-28,1127.6216
2023-10-29,1129.5761
2023-10-30,1130.6172
2023-10-31,1131.7
2023-11-01,1133.1705
2023-11-02,1134.0711
2023-11-03,1134.215
2023-11-04,1134.821
2023-11-05,1135.64
2023-11-06,1135.7301
2023-11-07,1135.5505
2023-11-08,1135.0599
2023-11-09,1134.6145
2023-11-10,1134.0909
2023-11-11,1134.2299
2023-11-12,1134.2922
2023-11-13,1133.4052
2023-11-14,1133.1513
2023-11-15,1132.6418
2023-11-16,1130.6655
2023-11-17,1128.8196
2023-11-18,1128.0712
2023-11-19,1128.4116
2023-11-20,1127.1018
2023-11-21,1124.8585
2023-11-22,1121.5706
2023-11-23,1118.9599
2023-11-24,1116.1641
2023-11-25,1113.4702
2023-11-26,1110.5006
2023-11-27,1105.5639
2023-11-28,1099.9153
2023-11-29,1093.2389
2023-11-30,1086.7034
2023-12-01,1080.5421
2023-12-02,1075.0608
2023-12-03,1070.1878
2023-12-04,1063.3818
2023-12-05,1056.7791
2023-12-06,1050.1022
2023-12-07,1044.086
2023-12-08,1039.2411
2023-12-09,1036.3117
2023-12-10,1034.0861
2023-12-11,1030.4717
2023-12-12,1026.5985
2023-12-13,1022.6145
2023-12-14,1018.2759
2023-12-15,1014.5261
2023-12-16,1012.7216
2023-12-17,1010.6713
2023-12-18,1006.602
2023-12-19,1002.2363
2023-12-20,998.5996
2023-12-21,995.8264
2023-12-22,993.8092
2023-12-23,992.4714
2023-12-24,991.9429
2023-12-25,991.7394
2023-12-26,990.9871
2023-12-27,989.3271
2023-12-28,988.1666
2023-12-29,986.8246
2023-12-30,985.7918
2023-12-31,984.6128
2024-01-01,982.8235
2024-01-02,980.3646
2024-01-03,977.8049
2024-01-04,973.9535
2024-01-05,969.6804
2024-01-06,965.4381
2024-01-07,960.2621
2024-01-08,951.289
2024-01-09,941.6657
2024-01-10,931.7757
2024-01-11,922.197
2024-01-12,913.6162
2024-01-13,906.7266
2024-01-14,900.4664
2024-01-15,892.5677
2024-01-16,883.9921
2024-01-17,875.659
2024-01-18,868.0469
2024-01-19,860.243
2024-01-20,853.8786
2024-01-21,847.9545
2024-01-22,842.0951
2024-01-23,836.654
2024-01-24,832.2717
2024-01-25,827.669
2024-01-26,823.4162
2024-01-27,819.356
2024-01-28,815.1971
2024-01-29,809.796
2024-01-30,804.5193
2024-01-31,799.5583
2024-02-01,794.5999
2024-02-02,790.3394
2024-02-03,787.8439
2024-02-04,785.4001
2024-02-05,781.7123
2024-02-06,778.0658
2024-02-07,773.3838
2024-02-08,768.8824
2024-02-09,765.9301
2024-02-10,763.9623
2024-02-11,761.8656
2024-02-12,757.9335
2024-02-13,753.9802
2024-02-14,750.806
2024-02-15,748.3018
2024-02-16,746.2797
2024-02-17,745.0395
2024-02-18,743.8023
2024-02-19,741.5295
2024-02-20,739.1399
2024-02-21,736.6726
2024-02-22,734.2078
2024-02-23,731.1868
2024-02-24,728.9427
2024-02-25,727.0986
2024-02-26,723.4581
2024-02-27,719.3716
2024-02-28,715.4699
2024-02-29,712.4841
2024-03-01,710.2454
2024-03-02,709.3771
2024-03-03,708.6572
2024-03-04,706.1442
2024-03-05,703.034
2024-03-06,699.4265
2024-03-07,696.2107
2024-03-08,693.5633
2024-03-09,692.3154
2024-03-10,691.4001
2024-03-11,688.6612
2024-03-12,685.7393
2024-03-13,683.3923
2024-03-14,683.1464
2024-03-15,681.7707
2024-03-16,681.4035
2024-03-17,680.9728
2024-03-18,679.3258
2024-03-19,677.7172
2024-03-20,676.5293
2024-03-21,675.708
2024-03-22,675.4096
2024-03-23,675.6173
2024-03-24,675.3142
2024-03-25,673.4159
2024-03-26,672.2386
2024-03-27,671.1349
2024-03-28,669.9592
2024-03-29,669.9592
2024-03-30,670.2893
2024-03-31,666.1458
2024-04-01,669.1111
2024-04-02,670.6287
2024-04-03,671.3505
2024-04-04,671.7742
2024-04-05,673.6079
2024-04-06,677.2041
2024-04-07,680.1409
2024-04-08,683.4832
2024-04-09,685.2941
2024-04-10,686.8486
2024-04-11,688.9496
2024-04-12,691.7604
2024-04-13,695.7098
2024-04-14,699.3679
2024-04-15,701.5052
2024-04-16,702.7103
2024-04-17,702.7987
2024-04-18,702.5321
2024-04-19,702.3462
2024-04-20,702.9335
2024-04-21,703.514
2024-04-22,702.2528
2024-04-23,700.6539
2024-04-24,699.2015
2024-04-25,697.8631
2024-04-26,697.5113
2024-04-27,699.0063
2024-04-28,701.3379
2024-04-29,703.2102
2024-04-30,705.7761
2024-05-01,708.9415
2024-05-02,711.8372
2024-05-03,714.1125
2024-05-04,716.8065
2024-05-05,719.6126
2024-05-06,721.7591
2024-05-07,723.2142
2024-05-08,724.4164
2024-05-09,727.319
2024-05-10,730.4044
2024-05-11,734.4311
2024-05-12,738.6014
2024-05-13,742.0061
2024-05-14,745.4346
2024-05-15,748.5274
2024-05-16,751.0707
2024-05-17,753.8838
2024-05-18,757.264
2024-05-19,760.7549
2024-05-20,763.6009
2024-05-21,765.1428
2024-05-22,767.3966
2024-05-23,770.0577
2024-05-24,772.6885
2024-05-25,775.9266
2024-05-26,779.7599
2024-05-27,782.4725
2024-05-28,784.916
2024-05-29,787.2028
2024-05-30,789.7389
2024-05-31,792.9097
2024-06-01,795.5348
2024-06-02,798.6805
2024-06-03,800.5558
2024-06-04,802.3301
2024-06-05,804.2831
2024-06-06,806.8609
2024-06-07,809.2998
2024-06-08,812.5253
2024-06-09,815.7288
2024-06-10,817.9674
2024-06-11,819.9515
2024-06-12,821.98
2024-06-13,824.2484
2024-06-14,827.4555
2024-06-15,831.1865
2024-06-16,832.8353
2024-06-17,837.9257
2024-06-18,840.5822
2024-06-19,843.4487
2024-06-20,845.9513
2024-06-21,848.6039
2024-06-22,852.4008
2024-06-23,856.2176
2024-06-24,859.1098
2024-06-25,861.9297
2024-06-26,864.8598
2024-06-27,867.895
2024-06-28,871.1888
2024-06-29,874.9805
2024-06-30,878.8032
2024-07-01,881.5666
2024-07-02,884.4195
2024-07-03,887.228
2024-07-04,890.3107
2024-07-05,893.5202
2024-07-06,897.0592
2024-07-07,900.5516
2024-07-08,903.7771
2024-07-09,906.8107
2024-07-10,909.6302
2024-07-11,912.2059
2024-07-12,914.8096
2024-07-13,918.0186
2024-07-14,921.3442
2024-07-15,924.0643
2024-07-16,926.697
2024-07-17,929.1794
2024-07-18,931.4619
2024-07-19,934.2312
2024-07-20,937.7588
2024-07-21,941.4457
2024-07-22,944.1683
2024-07-23,946.5927
2024-07-24,949.0506
2024-07-25,951.4531
2024-07-26,954.0147
2024-07-27,957.2097
2024-07-28,960.6125
2024-07-29,963.1391
2024-07-30,965.5134
2024-07-31,967.8472
2024-08-01,969.3184
2024-08-02,971.9194
2024-08-03,975.1823
2024-08-04,978.54
2024-08-05,981.1433
2024-08-06,983.4545
2024-08-07,985.9226
2024-08-08,988.3229
2024-08-09,991.1629
2024-08-10,994.2634
2024-08-11,998.2683
2024-08-12,1000.4787
2024-08-13,1003.5796
2024-08-14,1006.6193
2024-08-15,1010.1989
2024-08-16,1013.6429
2024-08-17,1017.5131
2024-08-18,1021.5357
2024-08-19,1024.5295
2024-08-20,1027.4617
2024-08-21,1030.369
2024-08-22,1033.1516
2024-08-23,1036.1411
2024-08-24,1040.3056
2024-08-25,1043.8707
2024-08-26,1045.7776
2024-08-27,1047.9527
2024-08-28,1050.0513
2024-08-29,1051.6295
2024-08-30,1053.2147
2024-08-31,1055.5968
2024-09-01,1058.0498
2024-09-02,1059.3972
2024-09-03,1059.9998
2024-09-04,1060.5024
2024-09-05,1061.2942
2024-09-06,1062.3533
2024-09-07,1063.4202
2024-09-08,1064.8832
2024-09-09,1065.9971
2024-09-10,1067.1731
2024-09-11,1067.7545
2024-09-12,1067.7663
2024-09-13,1068.0451
2024-09-14,1068.6857
2024-09-15,1069.6373
2024-09-16,1069.7927
2024-09-17,1069.9616
2024-09-18,1070.6183
2024-09-19,1071.279
2024-09-20,1072.1151
2024-09-21,1073.5915
2024-09-22,1074.9676
2024-09-23,1075.3317
2024-09-24,1076.0205
2024-09-25,1076.8471
2024-09-26,1077.4228
2024-09-27,1078.3043
2024-09-28,1079.6547
2024-09-29,1080.9931
2024-09-30,1081.3933
2024-10-01,1082.021
2024-10-02,1081.6254
2024-10-03,1081.7742
2024-10-04,1082.1023
2024-10-05,1083.2066
2024-10-06,1084.4697
2024-10-07,1084.9203
2024-10-08,1085.9377
2024-10-09,1087.122
2024-10-10,1088.0113
2024-10-11,1088.5717
2024-10-12,1089.5707
2024-10-13,1090.5725
2024-10-14,1090.0551
2024-10-15,1090.1778
2024-10-16,1090.7144
2024-10-17,1091.0995
2024-10-18,1091.3743
2024-10-19,1092.4893
2024-10-20,1093.7417
2024-10-21,1093.9419
2024-10-22,1093.8088
2024-10-23,1093.1594
2024-10-24,1092.6855
2024-10-25,1092.5842
2024-10-26,1093.3114
2024-10-27,1093.77
2024-10-28,1093.8498
2024-10-29,1092.7145
2024-10-30,1092.7369
2024-10-31,1092.2695
2024-11-01,1092.7379
2024-11-02,1092.8884
2024-11-03,1092.5872
2024-11-04,1090.3432
2024-11-05,1087.2813
2024-11-06,1083.5078
2024-11-07,1079.5825
2024-11-08,1076.1116
2024-11-09,1073.5011
2024-11-10,1071.1242
2024-11-11,1067.8764
2024-11-12,1062.5534
2024-11-13,1057.0316
2024-11-14,1052.0301
2024-11-15,1047.4951
2024-11-16,1044.4619
2024-11-17,1041.4584
2024-11-18,1036.433
2024-11-19,1031.3818
2024-11-20,1026.2251
2024-11-21,1019.7397
2024-11-22,1013.3609
2024-11-23,1008.9186
2024-11-24,1006.5843
2024-11-25,1003.4706
2024-11-26,999.1301
2024-11-27,994.5277
2024-11-28,989.559
2024-11-29,984.1403
2024-11-30,980.3169
2024-12-01,976.5291
2024-12-02,971.6369
2024-12-03,965.894
2024-12-04,959.5157
2024-12-05,953.8858
2024-12-06,949.0941
2024-12-07,945.2755
2024-12-08,941.6205
2024-12-09,935.8758
2024-12-10,928.3703
2024-12-11,920.1328
2024-12-12,911.8464
2024-12-13,904.0608
2024-12-14,898.4706
2024-12-15,894.3162
2024-12-16,889.5831
2024-12-17,884.9408
2024-12-18,880.772
2024-12-19,877.6342
2024-12-20,873.6619
2024-12-21,870.976
2024-12-22,868.2352
2024-12-23,864.3304
2024-12-24,860.7697
2024-12-25,858.1866
2024-12-26,854.6118
2024-12-27,849.3637
2024-12-28,844.0154
2024-12-29,838.9858
2024-12-30,832.034
2024-12-31,828.2619
2025-01-01,824.1108
2025-01-02,818.5787
2025-01-03,811.9268
2025-01-04,805.4236
2025-01-05,800.1595
2025-01-06,795.5522
2025-01-07,789.9662
2025-01-08,783.1577
2025-01-09,776.2323
2025-01-10,769.1
2025-01-11,762.0436
2025-01-12,754.8484
2025-01-13,745.7851
2025-01-14,736.2443
2025-01-15,727.0225
2025-01-16,717.9908
2025-01-17,708.3038
2025-01-18,699.685
2025-01-19,691.0117
2025-01-20,680.8493
2025-01-21,670.1575
2025-01-22,661.0187
2025-01-23,654.326
2025-01-24,648.7325
2025-01-25,644.7304
2025-01-26,640.5577
2025-01-27,636.1765
2025-01-28,631.7825
2025-01-29,627.1476
2025-01-30,621.2845
2025-01-31,614.9951
2025-02-01,609.7409
2025-02-02,604.16
2025-02-03,596.4551
2025-02-04,588.7587
2025-02-05,580.9442
2025-02-06,573.5181
2025-02-07,567.0671
2025-02-08,561.4717
2025-02-09,556.2885
2025-02-10,549.5508
2025-02-11,542.1501
2025-02-12,534.5067
2025-02-13,526.7548
2025-02-14,518.7511
2025-02-15,512.0861
2025-02-16,505.7319
2025-02-17,497.3652
2025-02-18,488.8154
2025-02-19,481.3207
2025-02-20,475.1908
2025-02-21,470.9645
2025-02-22,468.0235
2025-02-23,465.8033
2025-02-24,462.4161
2025-02-25,458.2085
2025-02-26,453.7938
2025-02-27,448.9954
2025-02-28,438.9787
2025-03-01,438.3178
2025-03-02,435.4298
2025-03-03,431.3648
2025-03-04,427.7832
2025-03-05,424.9037
2025-03-06,422.754
2025-03-07,420.9982
2025-03-08,420.7084
2025-03-09,420.3819
2025-03-10,418.3344
2025-03-11,415.2955
2025-03-12,411.4892
2025-03-13,407.403
2025-03-14,403.8625
2025-03-15,401.5243
2025-03-16,399.4127
2025-03-17,395.917
2025-03-18,392.6969
2025-03-19,390.0038
2025-03-20,388.3117
2025-03-21,387.9263
2025-03-22,388.6108
2025-03-23,388.9886
2025-03-24,387.7575
2025-03-25,386.5285
2025-03-26,385.3977
2025-03-27,384.8585
2025-03-28,384.9156
2025-03-29,385.7359
2025-03-30,386.7138
2025-03-31,387.5468
2025-04-01,387.6555
2025-04-02,388.625
2025-04-03,389.3909
2025-04-04,390.9952
2025-04-05,393.2485
2025-04-06,395.6178
2025-04-07,395.4131
2025-04-08,395.1625
2025-04-09,395.2436
2025-04-10,395.6622
2025-04-11,396.7421
2025-04-12,399.4332
2025-04-13,402.4579
2025-04-14,404.5132
2025-04-15,406.3802
2025-04-16,407.8477
2025-04-17,409.5272
2025-04-18,411.7757
2025-04-19,415.047
2025-04-20,418.4375
2025-04-21,421.6292
2025-04-22,424.0409
2025-04-23,426.2672
2025-04-24,428.3297
2025-04-25,430.8176
2025-04-26,433.9972
2025-04-27,437.0728
2025-04-28,440.0703
2025-04-29,443.0158
2025-04-30,446.4413
2025-05-01,451.022
2025-05-02,455.519
2025-05-03,460.5276
2025-05-04,465.0514
2025-05-05,467.9978
2025-05-06,470.5036
2025-05-07,472.8021
2025-05-08,473.9098
2025-05-09,476.5988
2025-05-10,480.445
2025-05-11,484.5063
2025-05-12,487.7306
2025-05-13,490.6674
2025-05-14,493.8821
2025-05-15,496.6239
2025-05-16,499.3776
2025-05-17,502.833
2025-05-18,506.054
2025-05-19,508.4645
2025-05-20,511.0729
2025-05-21,512.5248
2025-05-22,514.6294
2025-05-23,517.1379
2025-05-24,520.3227
2025-05-25,524.382
2025-05-26,527.6026
2025-05-27,530.8541
2025-05-28,534.1083
2025-05-29,538.1239
2025-05-30,542.3016
2025-05-31,547.3699
2025-06-01,554.2962
2025-06-02,558.1412
2025-06-03,561.933
2025-06-04,565.749
2025-06-05,568.9069
2025-06-06,573.0248
2025-06-07,578.0355
2025-06-08,582.9537
2025-06-09,587.3371
2025-06-10,591.0686
2025-06-11,594.7098
2025-06-12,598.197
2025-06-13,601.2336
2025-06-14,605.5624
2025-06-15,609.875
2025-06-16,613.1742
2025-06-17,616.7316
2025-06-18,620.5082
2025-06-19,624.356
2025-06-20,628.224
2025-06-21,632.9427
2025-06-22,637.7261
2025-06-23,641.762
2025-06-24,645.3566
2025-06-25,648.3348
2025-06-26,651.2044
2025-06-27,655.1932
2025-06-28,659.7692
2025-06-29,664.4431
2025-06-30,667.9449
2025-07-01,670.7453
2025-07-02,674.0766
2025-07-03,676.9345
2025-07-04,680.1492
2025-07-05,683.8555
2025-07-06,687.8204
2025-07-07,691.1066
2025-07-08,698.4266
2025-07-09,698.1407
2025-07-10,702.056
2025-07-11,705.7032
2025-07-12,710.2419
2025-07-13,714.6148
2025-07-14,718.0468
2025-07-15,721.2713
2025-07-16,723.6439
2025-07-17,726.3195
2025-07-18,729.5904
2025-07-19,733.6984
2025-07-20,737.9326
2025-07-21,741.1396
2025-07-22,744.4957
2025-07-23,747.7495
2025-07-24,750.5542
2025-07-25,753.7458
2025-07-26,757.8855
2025-07-27,762.9945
2025-07-28,766.4301
2025-07-29,770.4294
2025-07-30,774.3315
2025-07-31,777.6828
2025-08-01,781.3814
2025-08-02,785.7627
2025-08-03,790.1456
2025-08-04,793.9788
2025-08-05,797.7614
2025-08-06,801.4235
2025-08-07,804.99
2025-08-08,808.5427
2025-08-09,812.6139
2025-08-10,817.5365
2025-08-11,820.9914
2025-08-12,823.9587
2025-08-13,826.6932
2025-08-14,829.5619
2025-08-15,833.0921
2025-08-16,836.7871
2025-08-17,840.4749
2025-08-18,843.7771
2025-08-19,847.0535
2025-08-20,850.11
2025-08-21,853.2998
2025-08-22,856.3328
2025-08-23,859.9587
2025-08-24,863.6361
2025-08-25,866.4489
2025-08-26,868.9304
2025-08-27,871.0767
2025-08-28,873.3465
2025-08-29,876.0092
2025-08-30,879.3787
2025-08-31,882.4131
2025-09-01,887.907
2025-09-02,890.2405
2025-09-03,892.8834
2025-09-04,895.5008
2025-09-05,897.9175
2025-09-06,900.9769
2025-09-07,904.1357
2025-09-08,905.8998
2025-09-09,907.2578
2025-09-10,908.6674
2025-09-11,910.0601
2025-09-12,912.0313
2025-09-13,914.7343
2025-09-14,917.5251
2025-09-15,920.1172
2025-09-16,921.7775
2025-09-17,923.119
2025-09-18,924.7272
2025-09-19,926.3952
2025-09-20,929.0938
2025-09-21,931.8047
2025-09-22,933.0575
2025-09-23,933.8856
2025-09-24,934.6222
2025-09-25,935.336
2025-09-26,936.3198
2025-09-27,938.2152
2025-09-28,940.0407
2025-09-29,941.0451
2025-09-30,940.0239
2025-10-01,942.5355
2025-10-02,942.028
2025-10-03,942.7987
2025-10-04,944.3444
2025-10-05,945.7642
2025-10-06,945.8675
2025-10-07,945.6054
2025-10-08,945.2086
2025-10-09,945.1386
2025-10-10,945.7986
2025-10-11,947.5078
2025-10-12,948.8615
2025-10-13,948.2454
2025-10-14,947.5837
2025-10-15,946.3455
2025-10-16,944.9809
2025-10-17,944.4181
2025-10-18,944.8355
2025-10-19,945.4364
2025-10-20,945.3056
2025-10-21,945.19
2025-10-22,945.2323
2025-10-23,945.644
2025-10-24,945.7411
2025-10-25,946.1085
2025-10-26,946.2501
2025-10-27,945.6729
2025-10-28,945.6908
2025-10-29,945.2471
2025-10-30,945.5364
2025-10-31,945.82
2025-11-01,945.6996
2025-11-02,946.7112
2025-11-03,948.0577
2025-11-04,948.0877
2025-11-05,947.4576
2025-11-06,945.9339
2025-11-07,944.2237
2025-11-08,943.4301
2025-11-09,942.7029
2025-11-10,940.8306
2025-11-11,939.863
2025-11-12,938.9399
2025-11-13,937.6918
2025-11-14,936.8021
2025-11-15,936.1688
2025-11-16,935.1818
2025-11-17,932.1093
2025-11-18,926.8668
2025-11-19,921.5243
2025-11-20,915.1674
2025-11-21,908.2727
2025-11-22,902.917
2025-11-23,897.9167
2025-11-24,891.6433
2025-11-25,885.2277
2025-11-26,878.5321
2025-11-27,872.4564
2025-11-28,867.2126
2025-11-29,863.5209
2025-11-30,858.8652
2025-12-01,854.0887
2025-12-02,848.0658
2025-12-03,841.2033
2025-12-04,834.9909
2025-12-05,829.1842
2025-12-06,825.7073
2025-12-07,823.0926
2025-12-08,820.2888
2025-12-09,817.2467
2025-12-10,813.9344
2025-12-11,809.4842
2025-12-12,804.3106
2025-12-13,800.2998
2025-12-14,796.7007
2025-12-15,791.2735
2025-12-16,784.2598
2025-12-17,778.7355
2025-12-18,775.3372
2025-12-19,771.4063
2025-12-20,767.4224
2025-12-21,764.2556
2025-12-22,759.6671
2025-12-23,755.0847
2025-12-24,750.3407
2025-12-25,744.4001
2025-12-26,738.1811
2025-12-27,733.0463
2025-12-28,727.8156
2025-12-29,721.1907
2025-12-30,714.5191
2025-12-31,707.9809
2026-01-01,702.7194
2026-01-02,696.5524
2026-01-03,690.0975
2026-01-04,682.5092
2026-01-05,672.7386
2026-01-06,663.0624
2026-01-07,652.8195
2026-01-08,642.5818
2026-01-09,633.9911
2026-01-10,625.2855
2026-01-11,616.6043
2026-01-12,607.6028
2026-01-13,599.6731
2026-01-14,592.6439
2026-01-15,586.4279
2026-01-16,580.6842
2026-01-17,574.9999
2026-01-18,569.1522
2026-01-19,560.8588
2026-01-20,551.883
2026-01-21,543.5855
2026-01-22,534.9317
2026-01-23,526.7837
2026-01-24,519.9876
2026-01-25,513.1807
2026-01-26,504.9772
2026-01-27,497.3464
2026-01-28,489.5725
2026-01-29,481.6663
2026-01-30,474.6302
2026-01-31,468.7076
2026-02-01,463.0615
2026-02-02,455.5248
2026-02-03,447.6683
2026-02-04,439.9291
2026-02-05,432.9572
2026-02-06,426.9671
2026-02-07,423.2156
2026-02-08,419.0197
2026-02-09,412.7173
2026-02-10,406.9948
2026-02-11,402.1776
2026-02-12,397.6345
2026-02-13,392.7498
2026-02-14,387.8839
2026-02-15,383.1784
2026-02-16,377.2896
2026-02-17,371.3612
2026-02-18,365.2517
2026-02-19,359.5198
2026-02-20,355.0132
2026-02-21,352.5875
2026-02-22,351.772
2026-02-23,349.6367
2026-02-24,346.7547
2026-02-25,344.9971
2026-02-26,343.8723
2026-02-27,343.3812
2026-02-28,342.5502
2026-03-01,342.4953
2026-03-02,341.494
2026-03-03,339.9485
2026-03-04,338.1372
2026-03-05,337.3323
2026-03-06,336.1935
2026-03-07,335.9394
2026-03-08,335.9106
2026-03-09,334.7405
2026-03-10,334.4125
2026-03-11,334.1502
2026-03-12,333.2505
2026-03-13,332.5572
2026-03-14,331.6649
2026-03-15,331.4237
2026-03-16,330.5595
2026-03-17,328.8633
2026-03-18,327.4323
2026-03-19,326.2009
2026-03-20,325.7925
2026-03-21,325.4803
2026-03-22,325.3977
2026-03-23,324.7242
2026-03-24,325.0724
2026-03-25,324.9293
2026-03-26,323.2825
2026-03-27,321.5738
2026-03-28,321.0274
2026-03-29,321.107
2026-03-30,319.6875
2026-03-31,313.7922
2026-04-01,315.9275
2026-04-02,315.5612
2026-04-03,316.299
2026-04-04,318.8211
2026-04-05,321.4901
2026-04-06,323.6776
2026-04-07,325.3924
2026-04-08,327.2148
2026-04-09,328.829
2026-04-10,330.3688
2026-04-11,332.4353
2026-04-12,334.2478
2026-04-13,334.3719
2026-04-14,334.4621
2026-04-15,335.2257
2026-04-16,337.0742
2026-04-17,339.5579
2026-04-18,342.758
2026-04-19,345.5293
2026-04-20,347.283
2026-04-21,348.2595
2026-04-22,349.6034
2026-04-23,350.6093
2026-04-24,353.8971
2026-04-25,357.1419
2026-04-26,360.1694
2026-04-27,362.7179
2026-04-28,365.6033
2026-04-29,368.5278
2026-04-30,371.3954
2026-05-01,374.9697
2026-05-02,379.0878
2026-05-03,382.8828
2026-05-04,385.9921
2026-05-05,388.0596
2026-05-06,389.6876
2026-05-07,391.057
2026-05-08,393.7888
2026-05-09,397.2331
2026-05-10,400.5162
2026-05-11,402.9882
2026-05-12,404.6256
2026-05-13,405.9983
2026-05-14,407.6901
2026-05-15,409.5015
2026-05-16,411.8086
2026-05-17,414.2065
2026-05-18,416.0537
2026-05-19,417.7208
2026-05-20,419.0714
2026-05-21,421.273
2026-05-22,424.5506
2026-05-23,428.7682
2026-05-24,433.0505
2026-05-25,436.3166
2026-05-26,439.7547
2026-05-27,443.2318
2026-05-28,446.4538
2026-05-29,450.1806
2026-05-30,454.2058
2026-05-31,458.5484
2026-06-01,461.7603
2026-06-02,464.7251
2026-06-03,467.2208
2026-06-04,470.3495
2026-06-05,473.384
2026-06-06,477.2383
2026-06-07,481.1819
2026-06-08,484.7056
2026-06-09,488.1108
2026-06-10,491.0684
2026-06-11,493.8149
2026-06-12,497.5088
2026-06-13,502.0014
2026-06-14,506.0677
2026-06-15,509.5248
2026-06-16,512.5431
2026-06-17,515.5257
2026-06-18,518.4775
2026-06-19,521.7037
2026-06-20,525.2354
2026-06-21,528.577
2026-06-22,531.4507
2026-06-23,534.0103
2026-06-24,536.5965
2026-06-25,539.6072
2026-06-26,542.8892
2026-06-27,546.6114
2026-06-28,550.2167
2026-06-29,552.7856
2026-06-30,555.3326
2026-07-01,557.1355
2026-07-02,559.7934
2026-07-03,562.7702
2026-07-04,566.4949
2026-07-05,569.9284
2026-07-06,572.9222
2026-07-07,575.8139
2026-07-08,578.234
2026-07-09,580.6054
2026-07-10,583.2003
2026-07-11,587.0552
2026-07-12,591.0387
2026-07-13,594.2017
2026-07-14,596.9567
2026-07-15,599.332
2026-07-16,601.1633
2026-07-17,603.7006
2026-07-18,607.2295
2026-07-19,610.5731
2026-07-20,612.948
2026-07-21,615.0072
2026-07-22,617.5427
2026-07-23,620.0963
2026-07-24,622.9818
2026-07-25,626.1964
2026-07-26,629.5494
2026-07-27,631.9541
