Date,LNG_sendout(GWh/d)
2020-03-07,3443.5
2020-03-08,3302.2
2020-03-09,3886.2
2020-03-10,3690.8
2020-03-11,3692.1
2020-03-12,3573.7
2020-03-13,3488.8
2020-03-14,3007.6
2020-03-15,2932.5
2020-03-16,3630.9
2020-03-17,3338.3
2020-03-18,3408.9
2020-03-19,3670.8
2020-03-20,3575.6
2020-03-21,3300.7
2020-03-22,3173.5
2020-03-23,3472.5
2020-03-24,3101.1
2020-03-25,3110.2
2020-03-26,3216.9
2020-03-27,3294.6
2020-03-28,2927.2
2020-03-29,3194.8
2020-03-30,3523.0
2020-03-31,3442.1
2020-04-01,3736.9
2020-04-02,3633.2
2020-04-03,3654.8
2020-04-04,3207.9
2020-04-05,3094.2
2020-04-06,3345.2
2020-04-07,3371.3
2020-04-08,3555.0
2020-04-09,3478.9
2020-04-10,3372.8
2020-04-11,3222.8
2020-04-12,3209.3
2020-04-13,3331.6
2020-04-14,3658.3
2020-04-15,3491.5
2020-04-16,3570.1
2020-04-17,3489.2
2020-04-18,3475.3
2020-04-19,3388.8
2020-04-20,3721.7
2020-04-21,3755.3
2020-04-22,3786.7
2020-04-23,3788.9
2020-04-24,3773.2
2020-04-25,3398.0
2020-04-26,3362.1
2020-04-27,3708.9
2020-04-28,3663.3
2020-04-29,3677.7
2020-04-30,3569.3
2020-05-01,3059.9
2020-05-02,3165.2
2020-05-03,3176.9
2020-05-04,3412.6
2020-05-05,3464.8
2020-05-06,3795.5
2020-05-07,3714.6
2020-05-08,3655.7
2020-05-09,3606.3
2020-05-10,3528.5
2020-05-11,3711.4
2020-05-12,3774.9
2020-05-13,3815.8
2020-05-14,3792.2
2020-05-15,3726.9
2020-05-16,3385.1
2020-05-17,3427.6
2020-05-18,3832.3
2020-05-19,3479.8
2020-05-20,3677.0
2020-05-21,3609.6
2020-05-22,3737.4
2020-05-23,3330.0
2020-05-24,3114.1
2020-05-25,3555.3
2020-05-26,3407.9
2020-05-27,2784.7
2020-05-28,2977.2
2020-05-29,2974.5
2020-05-30,2731.4
2020-05-31,2790.2
2020-06-01,2412.8
2020-06-02,2598.1
2020-06-03,2526.7
2020-06-04,2621.5
2020-06-05,2413.0
2020-06-06,2364.4
2020-06-07,2595.9
2020-06-08,2909.0
2020-06-09,2667.8
2020-06-10,2580.4
2020-06-11,2484.2
2020-06-12,2409.0
2020-06-13,2273.4
2020-06-14,2281.7
2020-06-15,2457.4
2020-06-16,2574.3
2020-06-17,2331.7
2020-06-18,2425.0
2020-06-19,2383.6
2020-06-20,2200.8
2020-06-21,2015.9
2020-06-22,2291.8
2020-06-23,2518.2
2020-06-24,2534.9
2020-06-25,2522.8
2020-06-26,2561.3
2020-06-27,2147.9
2020-06-28,2184.5
2020-06-29,2313.5
2020-06-30,2558.5
2020-07-01,2460.5
2020-07-02,2673.8
2020-07-03,2711.1
2020-07-04,2446.1
2020-07-05,2268.8
2020-07-06,2700.2
2020-07-07,2758.9
2020-07-08,2853.9
2020-07-09,3037.6
2020-07-10,2913.9
2020-07-11,2474.9
2020-07-12,2379.9
2020-07-13,2726.6
2020-07-14,2766.4
2020-07-15,2803.3
2020-07-16,2855.2
2020-07-17,2657.9
2020-07-18,2197.7
2020-07-19,2157.6
2020-07-20,2462.0
2020-07-21,2411.3
2020-07-22,2374.8
2020-07-23,2410.1
2020-07-24,2348.5
2020-07-25,1976.2
2020-07-26,1891.4
2020-07-27,2494.0
2020-07-28,2426.4
2020-07-29,2409.8
2020-07-30,2468.7
2020-07-31,2394.1
2020-08-01,2257.5
2020-08-02,2065.7
2020-08-03,2126.2
2020-08-04,2071.0
2020-08-05,2281.0
2020-08-06,2064.6
2020-08-07,2166.8
2020-08-08,2220.6
2020-08-09,1988.4
2020-08-10,2202.4
2020-08-11,2223.3
2020-08-12,2227.3
2020-08-13,2240.1
2020-08-14,2225.1
2020-08-15,1883.1
2020-08-16,1816.7
2020-08-17,2449.9
2020-08-18,2329.9
2020-08-19,2178.5
2020-08-20,2124.1
2020-08-21,2185.0
2020-08-22,1999.8
2020-08-23,1804.7
2020-08-24,2393.2
2020-08-25,2632.3
2020-08-26,2390.7
2020-08-27,2442.2
2020-08-28,2193.9
2020-08-29,1906.5
2020-08-30,1916.2
2020-08-31,2193.6
2020-09-01,2215.1
2020-09-02,2350.7
2020-09-03,2586.6
2020-09-04,2082.9
2020-09-05,1622.7
2020-09-06,1522.5
2020-09-07,2033.5
2020-09-08,2217.8
2020-09-09,2386.8
2020-09-10,2511.5
2020-09-11,2613.3
2020-09-12,2077.6
2020-09-13,1726.7
2020-09-14,2180.5
2020-09-15,2206.6
2020-09-16,2226.2
2020-09-17,2298.1
2020-09-18,2185.7
2020-09-19,1684.7
2020-09-20,1742.2
2020-09-21,2168.4
2020-09-22,2453.1
2020-09-23,2419.3
2020-09-24,2430.5
2020-09-25,2254.1
2020-09-26,1792.4
2020-09-27,1857.7
2020-09-28,2319.1
2020-09-29,2688.9
2020-09-30,2426.6
2020-10-01,1934.6
2020-10-02,1790.4
2020-10-03,1531.0
2020-10-04,1512.8
2020-10-05,2110.6
2020-10-06,2102.1
2020-10-07,1921.0
2020-10-08,2084.6
2020-10-09,2024.3
2020-10-10,1656.2
2020-10-11,1680.5
2020-10-12,2026.4
2020-10-13,2376.0
2020-10-14,2262.4
2020-10-15,2592.3
2020-10-16,2381.3
2020-10-17,2055.6
2020-10-18,1951.6
2020-10-19,2089.3
2020-10-20,1765.2
2020-10-21,1610.1
2020-10-22,1800.9
2020-10-23,1823.3
2020-10-24,1657.8
2020-10-25,1736.0
2020-10-26,1977.1
2020-10-27,2275.6
2020-10-28,2358.0
2020-10-29,2416.5
2020-10-30,2148.9
2020-10-31,2094.0
2020-11-01,1974.3
2020-11-02,1992.7
2020-11-03,2287.6
2020-11-04,2363.9
2020-11-05,2486.4
2020-11-06,2444.9
2020-11-07,1986.3
2020-11-08,1864.3
2020-11-09,2284.0
2020-11-10,2336.6
2020-11-11,2185.2
2020-11-12,2160.4
2020-11-13,2356.8
2020-11-14,1791.6
2020-11-15,1704.3
2020-11-16,2431.3
2020-11-17,2435.0
2020-11-18,2393.4
2020-11-19,2655.2
2020-11-20,2672.8
2020-11-21,2145.7
2020-11-22,2155.1
2020-11-23,2995.7
2020-11-24,2683.3
2020-11-25,2674.4
2020-11-26,2650.4
2020-11-27,2436.6
2020-11-28,2296.3
2020-11-29,2071.7
2020-11-30,2233.9
2020-12-01,2138.2
2020-12-02,2059.2
2020-12-03,2079.3
2020-12-04,2003.3
2020-12-05,1969.2
2020-12-06,1974.6
2020-12-07,2228.7
2020-12-08,2480.5
2020-12-09,2733.6
2020-12-10,2640.8
2020-12-11,2338.4
2020-12-12,1782.4
2020-12-13,1803.0
2020-12-14,2182.0
2020-12-15,2224.7
2020-12-16,2195.5
2020-12-17,2172.0
2020-12-18,1995.0
2020-12-19,1606.0
2020-12-20,1639.9
2020-12-21,1956.6
2020-12-22,1746.5
2020-12-23,1762.8
2020-12-24,1495.9
2020-12-25,1465.4
2020-12-26,1476.8
2020-12-27,1641.5
2020-12-28,1698.4
2020-12-29,1891.2
2020-12-30,1832.9
2020-12-31,1359.4
2021-03-07,2475.6
2021-03-08,2942.0
2021-03-09,3006.8
2021-03-10,3070.2
2021-03-11,2957.5
2021-03-12,2824.7
2021-03-13,2062.5
2021-03-14,2107.7
2021-03-15,2601.3
2021-03-16,2685.5
2021-03-17,2860.1
2021-03-18,3019.0
2021-03-19,3075.9
2021-03-20,2914.3
2021-03-21,2991.4
2021-03-22,3128.1
2021-03-23,3205.2
2021-03-24,3051.9
2021-03-25,3001.9
2021-03-26,3027.1
2021-03-27,2359.1
2021-03-28,2353.1
2021-03-29,2758.7
2021-03-30,2689.1
2021-03-31,2688.1
2021-04-01,2999.3
2021-04-02,2975.5
2021-04-03,2867.8
2021-04-04,2980.7
2021-04-05,3025.1
2021-04-06,3167.0
2021-04-07,3358.3
2021-04-08,3304.4
2021-04-09,3244.5
2021-04-10,2953.7
2021-04-11,2651.9
2021-04-12,2845.9
2021-04-13,3077.5
2021-04-14,3226.7
2021-04-15,2952.4
2021-04-16,3029.4
2021-04-17,2653.3
2021-04-18,2732.0
2021-04-19,3201.3
2021-04-20,3187.4
2021-04-21,2913.6
2021-04-22,3189.3
2021-04-23,2840.3
2021-04-24,2706.2
2021-04-25,2706.1
2021-04-26,2987.9
2021-04-27,2754.1
2021-04-28,2655.1
2021-04-29,2859.6
2021-04-30,2764.0
2021-05-01,2311.0
2021-05-02,2331.2
2021-05-03,2462.1
2021-05-04,2537.2
2021-05-05,2366.9
2021-05-06,2450.8
2021-05-07,2535.0
2021-05-08,2417.2
2021-05-09,2278.5
2021-05-10,2444.2
2021-05-11,2530.0
2021-05-12,2391.8
2021-05-13,2402.6
2021-05-14,2729.7
2021-05-15,2675.1
2021-05-16,2532.5
2021-05-17,2851.8
2021-05-18,2454.7
2021-05-19,3133.8
2021-05-20,2977.6
2021-05-21,2855.6
2021-05-22,2640.9
2021-05-23,2482.1
2021-05-24,2420.8
2021-05-25,2504.2
2021-05-26,2527.7
2021-05-27,2471.2
2021-05-28,2389.8
2021-05-29,2063.0
2021-05-30,2031.1
2021-05-31,2315.1
2021-06-01,2618.3
2021-06-02,2624.7
2021-06-03,2722.3
2021-06-04,2666.3
2021-06-05,2178.2
2021-06-06,2264.3
2021-06-07,2551.2
2021-06-08,2479.7
2021-06-09,2521.3
2021-06-10,2503.3
2021-06-11,2391.5
2021-06-12,2032.6
2021-06-13,1977.7
2021-06-14,1970.9
2021-06-15,2015.7
2021-06-16,1809.9
2021-06-17,1857.1
2021-06-18,1818.3
2021-06-19,1446.1
2021-06-20,1291.5
2021-06-21,1688.0
2021-06-22,1752.4
2021-06-23,1891.5
2021-06-24,1793.6
2021-06-25,1812.8
2021-06-26,1551.2
2021-06-27,1429.4
2021-06-28,1993.6
2021-06-29,1958.3
2021-06-30,1810.0
2021-07-01,1869.0
2021-07-02,1859.5
2021-07-03,1694.6
2021-07-04,1721.5
2021-07-05,2062.2
2021-07-06,1898.6
2021-07-07,1969.7
2021-07-08,2127.3
2021-07-09,1765.4
2021-07-10,1536.9
2021-07-11,1498.0
2021-07-12,1776.2
2021-07-13,1795.7
2021-07-14,1639.7
2021-07-15,1698.4
2021-07-16,1578.5
2021-07-17,1372.6
2021-07-18,1306.1
2021-07-19,1843.4
2021-07-20,1846.5
2021-07-21,1820.2
2021-07-22,1863.1
2021-07-23,1786.7
2021-07-24,1459.4
2021-07-25,1424.8
2021-07-26,1802.0
2021-07-27,1837.2
2021-07-28,1855.8
2021-07-29,1986.4
2021-07-30,1899.2
2021-07-31,1669.2
2021-08-01,1477.5
2021-08-02,1661.4
2021-08-03,1810.5
2021-08-04,1785.1
2021-08-05,1678.5
2021-08-06,1629.0
2021-08-07,1261.7
2021-08-08,1253.0
2021-08-09,1436.2
2021-08-10,1479.0
2021-08-11,1415.0
2021-08-12,1461.0
2021-08-13,1550.2
2021-08-14,1764.8
2021-08-15,1246.3
2021-08-16,1179.3
2021-08-17,1230.1
2021-08-18,1313.7
2021-08-19,1508.7
2021-08-20,1516.4
2021-08-21,1255.9
2021-08-22,1137.9
2021-08-23,1255.1
2021-08-24,1708.6
2021-08-25,1799.0
2021-08-26,1889.2
2021-08-27,2083.3
2021-08-28,1428.2
2021-08-29,1474.1
2021-08-30,1726.5
2021-08-31,1943.9
2021-09-01,1912.8
2021-09-02,1888.1
2021-09-03,1817.0
2021-09-04,1599.6
2021-09-05,1489.1
2021-09-06,1871.0
2021-09-07,1889.0
2021-09-08,1969.8
2021-09-09,2246.8
2021-09-10,2174.8
2021-09-11,1636.2
2021-09-12,1463.8
2021-09-13,1864.6
2021-09-14,1859.5
2021-09-15,1880.0
2021-09-16,1777.6
2021-09-17,1709.0
2021-09-18,1169.7
2021-09-19,1212.1
2021-09-20,1859.5
2021-09-21,1597.4
2021-09-22,1654.5
2021-09-23,1527.1
2021-09-24,1643.1
2021-09-25,1423.8
2021-09-26,1276.9
2021-09-27,1459.8
2021-09-28,1728.6
2021-09-29,1560.9
2021-09-30,1809.5
2021-10-01,1883.6
2021-10-02,1506.9
2021-10-03,1453.1
2021-10-04,1570.1
2021-10-05,1887.3
2021-10-06,1973.4
2021-10-07,2071.9
2021-10-08,2117.1
2021-10-09,1628.2
2021-10-10,1513.0
2021-10-11,1746.4
2021-10-12,1708.0
2021-10-13,1950.1
2021-10-14,1930.5
2021-10-15,2228.2
2021-10-16,2127.4
2021-10-17,2068.8
2021-10-18,2453.8
2021-10-19,2003.9
2021-10-20,2011.8
2021-10-21,2128.9
2021-10-22,2206.4
2021-10-23,1789.3
2021-10-24,1757.7
2021-10-25,2172.5
2021-10-26,2217.0
2021-10-27,2228.8
2021-10-28,2151.3
2021-10-29,2136.9
2021-10-30,1804.8
2021-10-31,1787.6
2021-11-01,2022.7
2021-11-02,2364.9
2021-11-03,2504.8
2021-11-04,2492.1
2021-11-05,2405.1
2021-11-06,2348.5
2021-11-07,2280.4
2021-11-08,2694.0
2021-11-09,2703.7
2021-11-10,2795.1
2021-11-11,2717.5
2021-11-12,2472.7
2021-11-13,2097.4
2021-11-14,1949.3
2021-11-15,2372.0
2021-11-16,2491.2
2021-11-17,2275.0
2021-11-18,2540.1
2021-11-19,2758.0
2021-11-20,2468.6
2021-11-21,2245.5
2021-11-22,2687.6
2021-11-23,2690.4
2021-11-24,2489.3
2021-11-25,2635.8
2021-11-26,2337.3
2021-11-27,2151.9
2021-11-28,2032.4
2021-11-29,2905.5
2021-11-30,2872.4
2021-12-01,2455.1
2021-12-02,2479.9
2021-12-03,2647.0
2021-12-04,1959.8
2021-12-05,1831.5
2021-12-06,2414.9
2021-12-07,2398.7
2021-12-08,2316.0
2021-12-09,2475.8
2021-12-10,2349.5
2021-12-11,2078.4
2021-12-12,2076.8
2021-12-13,2571.7
2021-12-14,2770.8
2021-12-15,2736.9
2021-12-16,2689.1
2021-12-17,2784.6
2021-12-18,2369.6
2021-12-19,2251.1
2021-12-20,2864.7
2021-12-21,3290.1
2021-12-22,3091.2
2021-12-23,2948.0
2021-12-24,2368.0
2021-12-25,2068.3
2021-12-26,2207.2
2021-12-27,2175.9
2021-12-28,2279.3
2021-12-29,2315.5
2021-12-30,2328.2
2021-12-31,2386.8
2022-03-07,3585.7
2022-03-08,3831.6
2022-03-09,3761.2
2022-03-10,3527.4
2022-03-11,3749.1
2022-03-12,3290.2
2022-03-13,3179.7
2022-03-14,3254.9
2022-03-15,3528.8
2022-03-16,3675.8
2022-03-17,3511.0
2022-03-18,3691.4
2022-03-19,3413.1
2022-03-20,3325.4
2022-03-21,3689.5
2022-03-22,3639.4
2022-03-23,3684.3
2022-03-24,3665.1
2022-03-25,3598.6
2022-03-26,3165.6
2022-03-27,3109.0
2022-03-28,3607.8
2022-03-29,3839.1
2022-03-30,3498.7
2022-03-31,3475.5
2022-04-01,3430.9
2022-04-02,3219.4
2022-04-03,3300.1
2022-04-04,3760.4
2022-04-05,3874.7
2022-04-06,3798.1
2022-04-07,3622.2
2022-04-08,3435.9
2022-04-09,3520.9
2022-04-10,3398.0
2022-04-11,3554.4
2022-04-12,3790.9
2022-04-13,3826.8
2022-04-14,3422.2
2022-04-15,3481.8
2022-04-16,3352.6
2022-04-17,3451.5
2022-04-18,3601.3
2022-04-19,3587.4
2022-04-20,3658.5
2022-04-21,3763.4
2022-04-22,3787.4
2022-04-23,3514.9
2022-04-24,3587.8
2022-04-25,4069.6
2022-04-26,4293.4
2022-04-27,4152.4
2022-04-28,4117.2
2022-04-29,3967.6
2022-04-30,3789.9
2022-05-01,3627.2
2022-05-02,3695.5
2022-05-03,3904.5
2022-05-04,3883.7
2022-05-05,3818.4
2022-05-06,3728.9
2022-05-07,3514.6
2022-05-08,3493.1
2022-05-09,3723.8
2022-05-10,3399.0
2022-05-11,3406.7
2022-05-12,3517.6
2022-05-13,3837.4
2022-05-14,3546.4
2022-05-15,3312.3
2022-05-16,3619.8
2022-05-17,3757.6
2022-05-18,3601.2
2022-05-19,3778.0
2022-05-20,3706.1
2022-05-21,3502.3
2022-05-22,3566.0
2022-05-23,3747.2
2022-05-24,3752.0
2022-05-25,3765.3
2022-05-26,3627.2
2022-05-27,3549.6
2022-05-28,3272.8
2022-05-29,3288.4
2022-05-30,3692.5
2022-05-31,3749.3
2022-06-01,3560.8
2022-06-02,3672.0
2022-06-03,3704.7
2022-06-04,3443.0
2022-06-05,3261.5
2022-06-06,3270.0
2022-06-07,3326.8
2022-06-08,3495.8
2022-06-09,3352.2
2022-06-10,3493.4
2022-06-11,3306.5
2022-06-12,3187.2
2022-06-13,3638.3
2022-06-14,3729.9
2022-06-15,4037.2
2022-06-16,3990.8
2022-06-17,3791.2
2022-06-18,3261.4
2022-06-19,3045.0
2022-06-20,3579.1
2022-06-21,3994.5
2022-06-22,3726.2
2022-06-23,3791.1
2022-06-24,3286.4
2022-06-25,3330.6
2022-06-26,3248.3
2022-06-27,3464.1
2022-06-28,3640.7
2022-06-29,3377.9
2022-06-30,3485.2
2022-07-01,3687.6
2022-07-02,3357.3
2022-07-03,3306.6
2022-07-04,3594.3
2022-07-05,3639.3
2022-07-06,3630.3
2022-07-07,3528.3
2022-07-08,3420.0
2022-07-09,3474.4
2022-07-10,3573.3
2022-07-11,3865.9
2022-07-12,4215.1
2022-07-13,4285.1
2022-07-14,4244.1
2022-07-15,4177.8
2022-07-16,4036.6
2022-07-17,3848.4
2022-07-18,4132.6
2022-07-19,4006.5
2022-07-20,4096.3
2022-07-21,4237.5
2022-07-22,4238.9
2022-07-23,3925.1
2022-07-24,3883.7
2022-07-25,4088.2
2022-07-26,4110.4
2022-07-27,4185.6
2022-07-28,4217.7
2022-07-29,3915.8
2022-07-30,3484.1
2022-07-31,3472.4
2022-08-01,3818.1
2022-08-02,3810.3
2022-08-03,3668.7
2022-08-04,3722.3
2022-08-05,3425.7
2022-08-06,3221.5
2022-08-07,3150.0
2022-08-08,3521.4
2022-08-09,3440.5
2022-08-10,3400.4
2022-08-11,3644.0
2022-08-12,3281.5
2022-08-13,3238.2
2022-08-14,2960.8
2022-08-15,3105.4
2022-08-16,3292.4
2022-08-17,3325.8
2022-08-18,3210.0
2022-08-19,3246.4
2022-08-20,3291.9
2022-08-21,3041.1
2022-08-22,3124.1
2022-08-23,3429.2
2022-08-24,3443.2
2022-08-25,3348.1
2022-08-26,3202.5
2022-08-27,3142.4
2022-08-28,3051.0
2022-08-29,3280.5
2022-08-30,3600.4
2022-08-31,3655.9
2022-09-01,3600.5
2022-09-02,3582.4
2022-09-03,3263.6
2022-09-04,3089.4
2022-09-05,3432.1
2022-09-06,3363.0
2022-09-07,3666.6
2022-09-08,3756.7
2022-09-09,3410.8
2022-09-10,3051.5
2022-09-11,2893.4
2022-09-12,2972.1
2022-09-13,2997.3
2022-09-14,3157.3
2022-09-15,3247.7
2022-09-16,3369.8
2022-09-17,3174.9
2022-09-18,3132.8
2022-09-19,3449.0
2022-09-20,3893.3
2022-09-21,4110.1
2022-09-22,4015.4
2022-09-23,3867.3
2022-09-24,3298.3
2022-09-25,3234.9
2022-09-26,3587.5
2022-09-27,3419.7
2022-09-28,3226.2
2022-09-29,3500.6
2022-09-30,3562.1
2022-10-01,3406.0
2022-10-02,3324.8
2022-10-03,3748.5
2022-10-04,3910.4
2022-10-05,3707.8
2022-10-06,3594.1
2022-10-07,3808.7
2022-10-08,3463.7
2022-10-09,3452.7
2022-10-10,4011.4
2022-10-11,4078.4
2022-10-12,3818.2
2022-10-13,3846.8
2022-10-14,3806.7
2022-10-15,3523.9
2022-10-16,3338.5
2022-10-17,3679.1
2022-10-18,3484.8
2022-10-19,3280.5
2022-10-20,3329.1
2022-10-21,3614.9
2022-10-22,3249.1
2022-10-23,3050.4
2022-10-24,3306.1
2022-10-25,3456.8
2022-10-26,3350.0
2022-10-27,3538.8
2022-10-28,3361.1
2022-10-29,3436.8
2022-10-30,3434.3
2022-10-31,3306.2
2022-11-01,3504.8
2022-11-02,3800.4
2022-11-03,3896.1
2022-11-04,4239.2
2022-11-05,4043.0
2022-11-06,3665.2
2022-11-07,4030.7
2022-11-08,3998.0
2022-11-09,4271.1
2022-11-10,4373.6
2022-11-11,4086.4
2022-11-12,3755.7
2022-11-13,3897.0
2022-11-14,4210.3
2022-11-15,3939.9
2022-11-16,3932.4
2022-11-17,3936.2
2022-11-18,3961.3
2022-11-19,3946.9
2022-11-20,3915.6
2022-11-21,4128.9
2022-11-22,3898.4
2022-11-23,4287.5
2022-11-24,4418.7
2022-11-25,4327.0
2022-11-26,4200.4
2022-11-27,4237.6
2022-11-28,4401.9
2022-11-29,4576.4
2022-11-30,4711.7
2022-12-01,4044.2
2022-12-02,4232.6
2022-12-03,4306.7
2022-12-04,4249.6
2022-12-05,4431.0
2022-12-06,4399.6
2022-12-07,4418.6
2022-12-08,4029.6
2022-12-09,4026.8
2022-12-10,3781.2
2022-12-11,3784.8
2022-12-12,3844.7
2022-12-13,3866.8
2022-12-14,4068.9
2022-12-15,4290.6
2022-12-16,4413.5
2022-12-17,4269.4
2022-12-18,3961.5
2022-12-19,3936.7
2022-12-20,3816.8
2022-12-21,3945.5
2022-12-22,3856.3
2022-12-23,3693.5
2022-12-24,3613.0
2022-12-25,3592.9
2022-12-26,3663.6
2022-12-27,3777.1
2022-12-28,3784.5
2022-12-29,3846.0
2022-12-30,3770.6
2022-12-31,3533.7
2023-03-07,3098.1
2023-03-08,2829.0
2023-03-09,2655.4
2023-03-10,2836.8
2023-03-11,2764.8
2023-03-12,2849.4
2023-03-13,3110.3
2023-03-14,3251.8
2023-03-15,3311.5
2023-03-16,3157.1
2023-03-17,3490.0
2023-03-18,3526.3
2023-03-19,3534.9
2023-03-20,3711.5
2023-03-21,3757.2
2023-03-22,3577.2
2023-03-23,3182.5
2023-03-24,3791.6
2023-03-25,3490.6
2023-03-26,3344.4
2023-03-27,3706.7
2023-03-28,3394.1
2023-03-29,3614.9
2023-03-30,3686.3
2023-03-31,3559.2
2023-04-01,3307.4
2023-04-02,3480.4
2023-04-03,4028.5
2023-04-04,3951.4
2023-04-05,4086.0
2023-04-06,3584.4
2023-04-07,3911.1
2023-04-08,3895.1
2023-04-09,3825.5
2023-04-10,3670.4
2023-04-11,3868.3
2023-04-12,3921.2
2023-04-13,3482.6
2023-04-14,4052.1
2023-04-15,4044.2
2023-04-16,4140.9
2023-04-17,4329.2
2023-04-18,4401.2
2023-04-19,4785.9
2023-04-20,4898.2
2023-04-21,4757.5
2023-04-22,4414.1
2023-04-23,4347.8
2023-04-24,4770.3
2023-04-25,4626.3
2023-04-26,4720.6
2023-04-27,4658.6
2023-04-28,4696.7
2023-04-29,4395.8
2023-04-30,4373.9
2023-05-01,4145.0
2023-05-02,4331.0
2023-05-03,4085.1
2023-05-04,4244.7
2023-05-05,4462.0
2023-05-06,3982.9
2023-05-07,3832.3
2023-05-08,3994.2
2023-05-09,3786.9
2023-05-10,3662.3
2023-05-11,3621.8
2023-05-12,4130.4
2023-05-13,4110.9
2023-05-14,3997.0
2023-05-15,4089.8
2023-05-16,3903.8
2023-05-17,4165.9
2023-05-18,4147.2
2023-05-19,4213.0
2023-05-20,4029.3
2023-05-21,4023.5
2023-05-22,3913.3
2023-05-23,4030.1
2023-05-24,4157.3
2023-05-25,4082.2
2023-05-26,4017.0
2023-05-27,4166.1
2023-05-28,4153.9
2023-05-29,4356.5
2023-05-30,4131.7
2023-05-31,4007.2
2023-06-01,3942.4
2023-06-02,3958.5
2023-06-03,3682.0
2023-06-04,3616.5
2023-06-05,4009.9
2023-06-06,4041.5
2023-06-07,3947.7
2023-06-08,4030.0
2023-06-09,4075.0
2023-06-10,3967.4
2023-06-11,4072.4
2023-06-12,4441.8
2023-06-13,4365.0
2023-06-14,4500.0
2023-06-15,4414.4
2023-06-16,4687.8
2023-06-17,4282.3
2023-06-18,4260.0
2023-06-19,4557.9
2023-06-20,4199.0
2023-06-21,4130.2
2023-06-22,3680.6
2023-06-23,3899.5
2023-06-24,3841.5
2023-06-25,3787.0
2023-06-26,3908.3
2023-06-27,3807.8
2023-06-28,3891.1
2023-06-29,3758.0
2023-06-30,3661.9
2023-07-01,3244.7
2023-07-02,3195.9
2023-07-03,3494.2
2023-07-04,3464.0
2023-07-05,4002.8
2023-07-06,4060.7
2023-07-07,3850.7
2023-07-08,3658.9
2023-07-09,3670.8
2023-07-10,4147.2
2023-07-11,3936.9
2023-07-12,4148.7
2023-07-13,4141.1
2023-07-14,3727.1
2023-07-15,3418.0
2023-07-16,3456.0
2023-07-17,3998.9
2023-07-18,4109.0
2023-07-19,4087.7
2023-07-20,3867.2
2023-07-21,3971.5
2023-07-22,3374.9
2023-07-23,3190.0
2023-07-24,3575.7
2023-07-25,3372.0
2023-07-26,3475.3
2023-07-27,3341.1
2023-07-28,3327.9
2023-07-29,3296.5
2023-07-30,3152.1
2023-07-31,3429.8
2023-08-01,3335.0
2023-08-02,3161.7
2023-08-03,3182.4
2023-08-04,3192.3
2023-08-05,2964.8
2023-08-06,2860.7
2023-08-07,3266.7
2023-08-08,3382.8
2023-08-09,3374.5
2023-08-10,3208.8
2023-08-11,3141.7
2023-08-12,2993.6
2023-08-13,3059.5
2023-08-14,3226.8
2023-08-15,3023.4
2023-08-16,3304.5
2023-08-17,3337.9
2023-08-18,3140.5
2023-08-19,2894.8
2023-08-20,2814.8
2023-08-21,3395.3
2023-08-22,3388.5
2023-08-23,3495.2
2023-08-24,3545.3
2023-08-25,3909.1
2023-08-26,3385.6
2023-08-27,3330.2
2023-08-28,3565.0
2023-08-29,3566.0
2023-08-30,3511.0
2023-08-31,3641.0
2023-09-01,3857.4
2023-09-02,3564.0
2023-09-03,3508.3
2023-09-04,3734.7
2023-09-05,3855.0
2023-09-06,3563.7
2023-09-07,3655.4
2023-09-08,3596.2
2023-09-09,2950.1
2023-09-10,2849.7
2023-09-11,3341.4
2023-09-12,3377.1
2023-09-13,3247.3
2023-09-14,3513.9
2023-09-15,3214.0
2023-09-16,2571.3
2023-09-17,2481.7
2023-09-18,3014.5
2023-09-19,3109.8
2023-09-20,3080.3
2023-09-21,3051.8
2023-09-22,3025.2
2023-09-23,2622.3
2023-09-24,2830.1
2023-09-25,3020.0
2023-09-26,3222.3
2023-09-27,3245.4
2023-09-28,2995.6
2023-09-29,3099.3
2023-09-30,2911.5
2023-10-01,3000.9
2023-10-02,3295.5
2023-10-03,3104.1
2023-10-04,3325.3
2023-10-05,3099.1
2023-10-06,3476.8
2023-10-07,2746.0
2023-10-08,2741.0
2023-10-09,3672.4
2023-10-10,3871.2
2023-10-11,3661.8
2023-10-12,3537.2
2023-10-13,3332.1
2023-10-14,3011.2
2023-10-15,3049.0
2023-10-16,3685.3
2023-10-17,3445.3
2023-10-18,3396.4
2023-10-19,3198.3
2023-10-20,3149.8
2023-10-21,3184.3
2023-10-22,3384.7
2023-10-23,3950.2
2023-10-24,3836.7
2023-10-25,3588.2
2023-10-26,3761.2
2023-10-27,3657.5
2023-10-28,3696.5
2023-10-29,3580.0
2023-10-30,3844.9
2023-10-31,3808.4
2023-11-01,3820.2
2023-11-02,3622.0
2023-11-03,3663.8
2023-11-04,3597.3
2023-11-05,3447.9
2023-11-06,3914.0
2023-11-07,4389.9
2023-11-08,4407.9
2023-11-09,4389.1
2023-11-10,4480.2
2023-11-11,4370.4
2023-11-12,4304.2
2023-11-13,4198.5
2023-11-14,4127.3
2023-11-15,3996.7
2023-11-16,4338.8
2023-11-17,4577.0
2023-11-18,4161.7
2023-11-19,4189.4
2023-11-20,4445.1
2023-11-21,4304.8
2023-11-22,4077.9
2023-11-23,3865.0
2023-11-24,4055.3
2023-11-25,4015.3
2023-11-26,4365.1
2023-11-27,4717.9
2023-11-28,4723.1
2023-11-29,4190.4
2023-11-30,4220.7
2023-12-01,4055.0
2023-12-02,3660.6
2023-12-03,3804.5
2023-12-04,4330.4
2023-12-05,4581.4
2023-12-06,4241.0
2023-12-07,4256.0
2023-12-08,4018.3
2023-12-09,3626.6
2023-12-10,3666.1
2023-12-11,3990.1
2023-12-12,3905.1
2023-12-13,3931.7
2023-12-14,4000.6
2023-12-15,3980.7
2023-12-16,3914.3
2023-12-17,3918.4
2023-12-18,4256.2
2023-12-19,3986.7
2023-12-20,3773.6
2023-12-21,3320.7
2023-12-22,3277.4
2023-12-23,3147.9
2023-12-24,3423.0
2023-12-25,3551.3
2023-12-26,3604.2
2023-12-27,3730.1
2023-12-28,3749.8
2023-12-29,3665.3
2023-12-30,3151.2
2023-12-31,3341.1
2024-03-07,3822.8
2024-03-08,3776.6
2024-03-09,3623.3
2024-03-10,3571.1
2024-03-11,3834.1
2024-03-12,3922.1
2024-03-13,3712.7
2024-03-14,3655.4
2024-03-15,3535.4
2024-03-16,3348.2
2024-03-17,3330.8
2024-03-18,3494.5
2024-03-19,3671.5
2024-03-20,3617.3
2024-03-21,3569.2
2024-03-22,3568.9
2024-03-23,3215.6
2024-03-24,3146.1
2024-03-25,3508.0
2024-03-26,3602.2
2024-03-27,3560.9
2024-03-28,3141.1
2024-03-29,3154.6
2024-03-30,3040.1
2024-03-31,2895.8
2024-04-01,3001.0
2024-04-02,3566.7
2024-04-03,3800.8
2024-04-04,3827.6
2024-04-05,3725.2
2024-04-06,3609.5
2024-04-07,3676.3
2024-04-08,3501.4
2024-04-09,3562.5
2024-04-10,3612.2
2024-04-11,3551.4
2024-04-12,3614.2
2024-04-13,3721.1
2024-04-14,3711.8
2024-04-15,3774.6
2024-04-16,3776.1
2024-04-17,3757.9
2024-04-18,3495.4
2024-04-19,3283.6
2024-04-20,3463.3
2024-04-21,3633.5
2024-04-22,3995.7
2024-04-23,4103.7
2024-04-24,4088.8
2024-04-25,4002.8
2024-04-26,3680.5
2024-04-27,3562.7
2024-04-28,3625.7
2024-04-29,3764.8
2024-04-30,3642.0
2024-05-01,3133.9
2024-05-02,3287.0
2024-05-03,3328.8
2024-05-04,3107.3
2024-05-05,3062.0
2024-05-06,2906.5
2024-05-07,2972.9
2024-05-08,2921.8
2024-05-09,3337.4
2024-05-10,3264.3
2024-05-11,3286.6
2024-05-12,3292.2
2024-05-13,3407.7
2024-05-14,3358.3
2024-05-15,3328.3
2024-05-16,3054.7
2024-05-17,3010.7
2024-05-18,2830.3
2024-05-19,2824.7
2024-05-20,2751.4
2024-05-21,3177.1
2024-05-22,2905.8
2024-05-23,3284.8
2024-05-24,3375.3
2024-05-25,2964.3
2024-05-26,2935.0
2024-05-27,2901.8
2024-05-28,2947.2
2024-05-29,2871.3
2024-05-30,2915.0
2024-05-31,3117.8
2024-06-01,2544.7
2024-06-02,2584.5
2024-06-03,2767.7
2024-06-04,3017.6
2024-06-05,2938.9
2024-06-06,3106.8
2024-06-07,3014.1
2024-06-08,2579.2
2024-06-09,2624.7
2024-06-10,2686.8
2024-06-11,2502.3
2024-06-12,2894.8
2024-06-13,2868.7
2024-06-14,3089.3
2024-06-15,2780.5
2024-06-16,2705.9
2024-06-17,2773.9
2024-06-18,3070.4
2024-06-19,3041.0
2024-06-20,2919.8
2024-06-21,2911.4
2024-06-22,2737.3
2024-06-23,2618.3
2024-06-24,2733.7
2024-06-25,2703.6
2024-06-26,2851.3
2024-06-27,3056.2
2024-06-28,2997.0
2024-06-29,2698.2
2024-06-30,2628.8
2024-07-01,2884.2
2024-07-02,2823.5
2024-07-03,3060.5
2024-07-04,2902.9
2024-07-05,2908.4
2024-07-06,2485.6
2024-07-07,2522.7
2024-07-08,3034.5
2024-07-09,3045.4
2024-07-10,2875.6
2024-07-11,2954.7
2024-07-12,2894.7
2024-07-13,2435.9
2024-07-14,2512.5
2024-07-15,2752.3
2024-07-16,2769.9
2024-07-17,2890.3
2024-07-18,3003.6
2024-07-19,3143.1
2024-07-20,2687.1
2024-07-21,2767.9
2024-07-22,2838.2
2024-07-23,2716.1
2024-07-24,2907.8
2024-07-25,2757.4
2024-07-26,2650.3
2024-07-27,2383.6
2024-07-28,2330.7
2024-07-29,2426.3
2024-07-30,2534.8
2024-07-31,2510.8
2024-08-01,2439.4
2024-08-02,2373.6
2024-08-03,2352.5
2024-08-04,2472.1
2024-08-05,2271.1
2024-08-06,2383.7
2024-08-07,2351.5
2024-08-08,2232.2
2024-08-09,2269.7
2024-08-10,2109.6
2024-08-11,2108.6
2024-08-12,2466.1
2024-08-13,2514.5
2024-08-14,2532.3
2024-08-15,2568.2
2024-08-16,2552.6
2024-08-17,2501.8
2024-08-18,2562.9
2024-08-19,2297.1
2024-08-20,2154.9
2024-08-21,2135.3
2024-08-22,2373.4
2024-08-23,2384.9
2024-08-24,2155.4
2024-08-25,2090.2
2024-08-26,2358.8
2024-08-27,2834.9
2024-08-28,2747.0
2024-08-29,2826.0
2024-08-30,2787.3
2024-08-31,2576.4
2024-09-01,2496.5
2024-09-02,3081.1
2024-09-03,3221.0
2024-09-04,3269.6
2024-09-05,3046.6
2024-09-06,2916.3
2024-09-07,2342.7
2024-09-08,2345.0
2024-09-09,2741.4
2024-09-10,2903.1
2024-09-11,2825.0
2024-09-12,2896.0
2024-09-13,2671.3
2024-09-14,2553.5
2024-09-15,2504.1
2024-09-16,2857.3
2024-09-17,2868.9
2024-09-18,2891.7
2024-09-19,3073.6
2024-09-20,2785.7
2024-09-21,2424.1
2024-09-22,2428.8
2024-09-23,2813.0
2024-09-24,2769.3
2024-09-25,2689.5
2024-09-26,2558.2
2024-09-27,2537.5
2024-09-28,2336.6
2024-09-29,2373.0
2024-09-30,2593.9
2024-10-01,2419.3
2024-10-02,2932.8
2024-10-03,3114.2
2024-10-04,3213.8
2024-10-05,2626.8
2024-10-06,2585.9
2024-10-07,2831.4
2024-10-08,2676.8
2024-10-09,2961.2
2024-10-10,3168.8
2024-10-11,3073.1
2024-10-12,2858.5
2024-10-13,2783.4
2024-10-14,3292.9
2024-10-15,3399.7
2024-10-16,3215.3
2024-10-17,3308.3
2024-10-18,3289.8
2024-10-19,2696.2
2024-10-20,2678.2
2024-10-21,3109.2
2024-10-22,2889.2
2024-10-23,3076.2
2024-10-24,3013.8
2024-10-25,2939.8
2024-10-26,2494.7
2024-10-27,2489.3
2024-10-28,2816.2
2024-10-29,2953.4
2024-10-30,3091.7
2024-10-31,3050.9
2024-11-01,3214.4
2024-11-02,3293.5
2024-11-03,3302.4
2024-11-04,3653.5
2024-11-05,3708.8
2024-11-06,3545.8
2024-11-07,3434.3
2024-11-08,3678.9
2024-11-09,3054.9
2024-11-10,3072.6
2024-11-11,3375.1
2024-11-12,3508.5
2024-11-13,3477.7
2024-11-14,3325.9
2024-11-15,3294.6
2024-11-16,2744.5
2024-11-17,2642.0
2024-11-18,3464.5
2024-11-19,3095.7
2024-11-20,3038.8
2024-11-21,3122.6
2024-11-22,3182.1
2024-11-23,2813.5
2024-11-24,2710.0
2024-11-25,3172.7
2024-11-26,3599.4
2024-11-27,3529.0
2024-11-28,3394.8
2024-11-29,3402.3
2024-11-30,2964.7
2024-12-01,3007.2
2024-12-02,3637.7
2024-12-03,3832.1
2024-12-04,3710.0
2024-12-05,3942.0
2024-12-06,3536.8
2024-12-07,3016.0
2024-12-08,3058.3
2024-12-09,3380.8
2024-12-10,3802.0
2024-12-11,4237.9
2024-12-12,4396.6
2024-12-13,4203.4
2024-12-14,3601.5
2024-12-15,3371.0
2024-12-16,3505.8
2024-12-17,3813.5
2024-12-18,3542.7
2024-12-19,3460.8
2024-12-20,3665.5
2024-12-21,3370.3
2024-12-22,3409.7
2024-12-23,3523.6
2024-12-24,3122.9
2024-12-25,3038.9
2024-12-26,3247.6
2024-12-27,3346.8
2024-12-28,3074.2
2024-12-29,3007.0
2024-12-30,3311.5
2024-12-31,3248.0
2025-03-07,3988.2
2025-03-08,3725.5
2025-03-09,3757.9
2025-03-10,4096.9
2025-03-11,4268.3
2025-03-12,4260.1
2025-03-13,4236.5
2025-03-14,4181.0
2025-03-15,3871.8
2025-03-16,3989.0
2025-03-17,4642.1
2025-03-18,4674.5
2025-03-19,4519.1
2025-03-20,4437.1
2025-03-21,4443.2
2025-03-22,4135.0
2025-03-23,4058.1
2025-03-24,4371.9
2025-03-25,4566.9
2025-03-26,4556.5
2025-03-27,4597.6
2025-03-28,4564.2
2025-03-29,4027.9
2025-03-30,4226.3
2025-03-31,4627.5
2025-04-01,4611.2
2025-04-02,4795.9
2025-04-03,4354.7
2025-04-04,4405.3
2025-04-05,4278.2
2025-04-06,4271.2
2025-04-07,4490.4
2025-04-08,4206.1
2025-04-09,4092.2
2025-04-10,4410.3
2025-04-11,4443.7
2025-04-12,4307.9
2025-04-13,4170.3
2025-04-14,4367.7
2025-04-15,4014.6
2025-04-16,4080.4
2025-04-17,4313.6
2025-04-18,4248.5
2025-04-19,4346.8
2025-04-20,4509.0
2025-04-21,4572.7
2025-04-22,4584.4
2025-04-23,4551.0
2025-04-24,4391.4
2025-04-25,4405.1
2025-04-26,4202.2
2025-04-27,4149.1
2025-04-28,4113.2
2025-04-29,4513.9
2025-04-30,4363.5
2025-05-01,4374.8
2025-05-02,4511.5
2025-05-03,4641.4
2025-05-04,4618.5
2025-05-05,4654.0
2025-05-06,4705.0
2025-05-07,4726.8
2025-05-08,4642.0
2025-05-09,4520.8
2025-05-10,4146.7
2025-05-11,4112.2
2025-05-12,4175.8
2025-05-13,4290.9
2025-05-14,4224.8
2025-05-15,3899.5
2025-05-16,3980.7
2025-05-17,3746.2
2025-05-18,3722.7
2025-05-19,3882.2
2025-05-20,4015.7
2025-05-21,4141.2
2025-05-22,4201.8
2025-05-23,4228.5
2025-05-24,4098.7
2025-05-25,4154.2
2025-05-26,4444.8
2025-05-27,4509.4
2025-05-28,4472.4
2025-05-29,4360.2
2025-05-30,4330.2
2025-05-31,4456.7
2025-06-01,4175.6
2025-06-02,4085.9
2025-06-03,4222.8
2025-06-04,4190.0
2025-06-05,4298.2
2025-06-06,4612.9
2025-06-07,4507.5
2025-06-08,4472.4
2025-06-09,4735.6
2025-06-10,4731.7
2025-06-11,4916.6
2025-06-12,4638.9
2025-06-13,4454.1
2025-06-14,4204.4
2025-06-15,4121.5
2025-06-16,4337.9
2025-06-17,4319.6
2025-06-18,4430.3
2025-06-19,4240.9
2025-06-20,4074.8
2025-06-21,3769.8
2025-06-22,3677.2
2025-06-23,4246.9
2025-06-24,4051.3
2025-06-25,3970.2
2025-06-26,3968.9
2025-06-27,4144.7
2025-06-28,3790.9
2025-06-29,3792.9
2025-06-30,4220.6
2025-07-01,4095.7
2025-07-02,4111.7
2025-07-03,4041.2
2025-07-04,3943.1
2025-07-05,3621.6
2025-07-06,3602.8
2025-07-07,3925.7
2025-07-08,4111.5
2025-07-09,4227.7
2025-07-10,4306.2
2025-07-11,3946.7
2025-07-12,3632.8
2025-07-13,3472.7
2025-07-14,3749.3
2025-07-15,4006.4
2025-07-16,4055.5
2025-07-17,3979.3
2025-07-18,3902.9
2025-07-19,3383.8
2025-07-20,3369.2
2025-07-21,3703.6
2025-07-22,3873.1
2025-07-23,3841.6
2025-07-24,3829.0
2025-07-25,3681.2
2025-07-26,3422.6
2025-07-27,3312.7
2025-07-28,3667.7
2025-07-29,3731.8
2025-07-30,3599.3
2025-07-31,3258.6
2025-08-01,3326.0
2025-08-02,3183.8
2025-08-03,3057.6
2025-08-04,3102.3
2025-08-05,3133.2
2025-08-06,3180.7
2025-08-07,3144.6
2025-08-08,3019.8
2025-08-09,3120.9
2025-08-10,3229.2
2025-08-11,3408.5
2025-08-12,3278.4
2025-08-13,3257.1
2025-08-14,3186.6
2025-08-15,2878.7
2025-08-16,2893.5
2025-08-17,2965.7
2025-08-18,3550.5
2025-08-19,3347.7
2025-08-20,3265.3
2025-08-21,3249.8
2025-08-22,3263.6
2025-08-23,3145.1
2025-08-24,3094.1
2025-08-25,3375.4
2025-08-26,3443.1
2025-08-27,3310.8
2025-08-28,3079.3
2025-08-29,3444.4
2025-08-30,3402.6
2025-08-31,3490.5
2025-09-01,3887.5
2025-09-02,3689.8
2025-09-03,3830.3
2025-09-04,3887.8
2025-09-05,3925.3
2025-09-06,3546.6
2025-09-07,3537.8
2025-09-08,3859.9
2025-09-09,3990.0
2025-09-10,3821.6
2025-09-11,3801.4
2025-09-12,3845.3
2025-09-13,3748.4
2025-09-14,3684.3
2025-09-15,4068.4
2025-09-16,3973.7
2025-09-17,4356.5
2025-09-18,4359.6
2025-09-19,4154.6
2025-09-20,3723.5
2025-09-21,3657.5
2025-09-22,4027.4
2025-09-23,4104.5
2025-09-24,4041.4
2025-09-25,3906.6
2025-09-26,4204.5
2025-09-27,3694.9
2025-09-28,3566.0
2025-09-29,4052.0
2025-09-30,4262.4
2025-10-01,3801.9
2025-10-02,3773.2
2025-10-03,4261.8
2025-10-04,3896.8
2025-10-05,3798.4
2025-10-06,4408.6
2025-10-07,4422.4
2025-10-08,4238.1
2025-10-09,4243.7
2025-10-10,4363.1
2025-10-11,4223.0
2025-10-12,4100.1
2025-10-13,4176.4
2025-10-14,4512.4
2025-10-15,4358.1
2025-10-16,4456.0
2025-10-17,4613.1
2025-10-18,4187.2
2025-10-19,3970.9
2025-10-20,4171.9
2025-10-21,4105.7
2025-10-22,4196.8
2025-10-23,4113.9
2025-10-24,4260.4
2025-10-25,3824.2
2025-10-26,3586.4
2025-10-27,4272.2
2025-10-28,4382.2
2025-10-29,4661.8
2025-10-30,4711.2
2025-10-31,4634.2
2025-11-01,4146.2
2025-11-02,4251.5
2025-11-03,4437.8
2025-11-04,4326.6
2025-11-05,4309.2
2025-11-06,4406.1
2025-11-07,4615.5
2025-11-08,4262.7
2025-11-09,4213.6
2025-11-10,4615.5
2025-11-11,4582.4
2025-11-12,4429.1
2025-11-13,4210.3
2025-11-14,4216.3
2025-11-15,3957.7
2025-11-16,4056.2
2025-11-17,4581.0
2025-11-18,4553.5
2025-11-19,4599.2
2025-11-20,4663.7
2025-11-21,4418.1
2025-11-22,4199.9
2025-11-23,3962.4
2025-11-24,4403.2
2025-11-25,4282.3
2025-11-26,4255.9
2025-11-27,4269.0
2025-11-28,4357.2
2025-11-29,3870.3
2025-11-30,3913.0
2025-12-01,4360.2
2025-12-02,4325.6
2025-12-03,4175.3
2025-12-04,4041.3
2025-12-05,4079.5
2025-12-06,3608.6
2025-12-07,3604.8
2025-12-08,3858.6
2025-12-09,4129.5
2025-12-10,4666.4
2025-12-11,4663.2
2025-12-12,4602.2
2025-12-13,4182.2
2025-12-14,4048.6
2025-12-15,4470.6
2025-12-16,4819.3
2025-12-17,4835.9
2025-12-18,4718.6
2025-12-19,4869.4
2025-12-20,4112.4
2025-12-21,4067.6
2025-12-22,4286.2
2025-12-23,4267.0
2025-12-24,3786.9
2025-12-25,3775.6
2025-12-26,4067.5
2025-12-27,4126.3
2025-12-28,4145.0
2025-12-29,4081.7
2025-12-30,4208.9
2025-12-31,4563.4
2026-01-01,3959.3
2026-01-02,3920.6
2026-01-03,3903.3
2026-01-04,4028.1
2026-01-05,4457.4
2026-01-06,4179.1
2026-01-07,4437.5
2026-01-08,4312.8
2026-01-09,3909.2
2026-01-10,3831.8
2026-01-11,4010.2
2026-01-12,4464.5
2026-01-13,4706.2
2026-01-14,5097.9
2026-01-15,4929.2
2026-01-16,4985.2
2026-01-17,4488.9
2026-01-18,4271.6
2026-01-19,4635.9
2026-01-20,4068.0
2026-01-21,4262.9
2026-01-22,4463.7
2026-01-23,3940.2
2026-01-24,3875.7
2026-01-25,3836.2
2026-01-26,4316.7
2026-01-27,4294.7
2026-01-28,4404.9
2026-01-29,4188.1
2026-01-30,4053.5
2026-01-31,3873.6
2026-02-01,4006.1
2026-02-02,4367.0
2026-02-03,3836.4
2026-02-04,3889.4
2026-02-05,4128.8
2026-02-06,4185.6
2026-02-07,3996.1
2026-02-08,3992.3
2026-02-09,4427.1
2026-02-10,4320.2
2026-02-11,4029.9
2026-02-12,4066.9
2026-02-13,4192.8
2026-02-14,3892.9
2026-02-15,4041.3
2026-02-16,4347.4
2026-02-17,4539.6
2026-02-18,4559.8
2026-02-19,4699.0
2026-02-20,4679.9
2026-02-21,4540.1
2026-02-22,4651.0
2026-02-23,4793.5
2026-02-24,4903.4
2026-02-25,5180.7
2026-02-26,5001.2
2026-02-27,5100.8
2026-02-28,4558.1
2026-03-01,4816.4
2026-03-02,5086.4
2026-03-03,5165.7
2026-03-04,4983.8
2026-03-05,4764.7
2026-03-06,4703.9
2026-03-07,4571.0
2026-03-08,4590.7
2026-03-09,4888.0
2026-03-10,4708.8
2026-03-11,4596.3
2026-03-12,4447.1
2026-03-13,4478.2
2026-03-14,4305.4
2026-03-15,4417.5
2026-03-16,4613.9
2026-03-17,4490.5
2026-03-18,4227.0
2026-03-19,4040.4
2026-03-20,4200.5
2026-03-21,3990.1
2026-03-22,3976.8
2026-03-23,4156.6
2026-03-24,4470.4
2026-03-25,4384.2
2026-03-26,4305.8
2026-03-27,4366.8
2026-03-28,4416.1
2026-03-29,4598.6
2026-03-30,4950.3
2026-03-31,4741.8
2026-04-01,4412.4
2026-04-02,4446.7
2026-04-03,4362.8
2026-04-04,4324.3
2026-04-05,4292.0
2026-04-06,4258.4
2026-04-07,4570.6
2026-04-08,4638.5
2026-04-09,4588.9
2026-04-10,4507.9
2026-04-11,4379.2
2026-04-12,4118.1
2026-04-13,4432.8
2026-04-14,4452.8
2026-04-15,4382.5
2026-04-16,4561.5
2026-04-17,4554.0
2026-04-18,4150.1
2026-04-19,3990.7
2026-04-20,4414.1
2026-04-21,4171.0
2026-04-22,4243.0
2026-04-23,3772.4
2026-04-24,4389.4
2026-04-25,4116.6
2026-04-26,4154.3
2026-04-27,4543.6
2026-04-28,4458.4
2026-04-29,4406.6
2026-04-30,4411.5
2026-05-01,4218.6
2026-05-02,4250.1
2026-05-03,4341.5
2026-05-04,4499.5
2026-05-05,4315.9
2026-05-06,4081.3
2026-05-07,4057.3
2026-05-08,4181.8
2026-05-09,3893.6
2026-05-10,3767.0
2026-05-11,4025.3
2026-05-12,3999.6
2026-05-13,4090.6
2026-05-14,4065.3
2026-05-15,3940.1
2026-05-16,3749.3
2026-05-17,3770.7
2026-05-18,3987.5
2026-05-19,3608.6
2026-05-20,3885.0
2026-05-21,3667.2
2026-05-22,3709.9
2026-05-23,3580.5
2026-05-24,3494.8
2026-05-25,3616.2
2026-05-26,3819.2
2026-05-27,3876.1
2026-05-28,3623.0
2026-05-29,3645.0
2026-05-30,3386.8
2026-05-31,3406.7
2026-06-01,3372.8
2026-06-02,3368.8
2026-06-03,3065.0
2026-06-04,3385.0
2026-06-05,3519.5
2026-06-06,3476.9
2026-06-07,3449.6
2026-06-08,3869.2
2026-06-09,3542.2
2026-06-10,3537.2
2026-06-11,3567.8
2026-06-12,3535.8
2026-06-13,3502.8
2026-06-14,3514.6
2026-06-15,3924.4
2026-06-16,3967.8
2026-06-17,3960.8
2026-06-18,3670.3
2026-06-19,3561.6
2026-06-20,2996.6
2026-06-21,2843.6
2026-06-22,3534.6
2026-06-23,3609.6
2026-06-24,3515.9
2026-06-25,3650.9
2026-06-26,3655.3
2026-06-27,3156.5
2026-06-28,3032.6
2026-06-29,3513.3
2026-06-30,3650.1
2026-07-01,3008.9
2026-07-02,2696.8
2026-07-03,2680.0
2026-07-04,2427.0
2026-07-05,2543.8
2026-07-06,2915.8
2026-07-07,3045.6
2026-07-08,3014.7
2026-07-09,3222.0
2026-07-10,3079.0
2026-07-11,3060.1
2026-07-12,2983.3
2026-07-13,3267.1
2026-07-14,3463.9
2026-07-15,3095.5
2026-07-16,2935.7
2026-07-17,2816.9
2026-07-18,2335.1
2026-07-19,2332.9
2026-07-20,2419.5
2026-07-21,2592.8
2026-07-22,2833.3
2026-07-23,2898.3
2026-07-24,2624.5
2026-07-25,2284.0
2026-07-26,2183.8
2026-07-27,2517.3
