Date,DE_price(EUR/MWh),IT_price(EUR/MWh)
2019-12-31,41.88,
2020-01-01,34.69416666666667,
2020-01-02,38.28875,
2020-01-03,26.170833333333334,
2020-01-04,20.747916666666665,
2020-01-05,35.388333333333335,
2020-01-06,38.20041666666666,
2020-01-07,40.03208333333333,
2020-01-08,34.211666666666666,
2020-01-09,35.950833333333335,
2020-01-10,35.13583333333333,
2020-01-11,31.347916666666666,
2020-01-12,22.59583333333333,
2020-01-13,37.71208333333333,
2020-01-14,23.08666666666667,
2020-01-15,25.47,
2020-01-16,38.1275,
2020-01-17,36.67791666666667,
2020-01-18,32.30416666666667,
2020-01-19,33.940000000000005,
2020-01-20,44.48916666666667,
2020-01-21,41.66125,
2020-01-22,46.12708333333333,
2020-01-23,51.37625,
2020-01-24,50.2425,
2020-01-25,40.275,
2020-01-26,33.62708333333333,
2020-01-27,37.46541666666666,
2020-01-28,31.314166666666665,
2020-01-29,33.57958333333333,
2020-01-30,31.611666666666665,
2020-01-31,22.487916666666667,
2020-02-01,6.625,
2020-02-02,17.858333333333334,
2020-02-03,27.860833333333332,
2020-02-04,28.069166666666664,
2020-02-05,36.24375,
2020-02-06,37.20333333333333,
2020-02-07,36.34875,
2020-02-08,27.96083333333333,
2020-02-09,0.39833333333333343,
2020-02-10,8.545416666666666,
2020-02-11,11.293333333333335,
2020-02-12,20.395,
2020-02-13,37.665,
2020-02-14,36.069583333333334,
2020-02-15,19.015416666666667,
2020-02-16,-9.071666666666667,
2020-02-17,20.150000000000002,
2020-02-18,21.965416666666666,
2020-02-19,31.05458333333333,
2020-02-20,27.93625,
2020-02-21,24.300833333333333,
2020-02-22,-2.0458333333333334,
2020-02-23,7.152083333333334,
2020-02-24,28.9025,
2020-02-25,24.753333333333334,
2020-02-26,31.921666666666667,
2020-02-27,38.3575,
2020-02-28,29.825833333333335,
2020-02-29,8.68875,
2020-03-01,8.358333333333333,
2020-03-02,33.25125,
2020-03-03,36.41833333333333,
2020-03-04,39.61666666666667,
2020-03-05,35.834583333333335,
2020-03-06,30.746666666666666,
2020-03-07,28.66333333333333,
2020-03-08,17.2825,
2020-03-09,37.07333333333333,
2020-03-10,22.245,
2020-03-11,22.996666666666666,
2020-03-12,12.245416666666666,
2020-03-13,17.650000000000002,
2020-03-14,29.431250000000002,
2020-03-15,4.889166666666667,
2020-03-16,31.42125,
2020-03-17,28.03625,
2020-03-18,26.6125,
2020-03-19,28.62875,
2020-03-20,24.84583333333333,
2020-03-21,10.290000000000001,
2020-03-22,-0.7570833333333334,
2020-03-23,17.172916666666666,
2020-03-24,20.5625,
2020-03-25,23.0775,
2020-03-26,22.295,
2020-03-27,21.57625,
2020-03-28,13.817916666666667,
2020-03-29,5.0529166666666665,
2020-03-30,23.618750000000002,
2020-03-31,25.145,
2020-04-01,23.553749999999997,
2020-04-02,19.681250000000002,
2020-04-03,22.844166666666666,
2020-04-04,19.36625,
2020-04-05,1.9129166666666668,
2020-04-06,18.547083333333333,
2020-04-07,23.609583333333333,
2020-04-08,26.60625,
2020-04-09,23.7675,
2020-04-10,22.967916666666667,
2020-04-11,20.638333333333332,
2020-04-12,11.183333333333332,
2020-04-13,-16.05875,
2020-04-14,21.098333333333333,
2020-04-15,20.357083333333332,
2020-04-16,25.41,
2020-04-17,27.710416666666664,
2020-04-18,19.734166666666667,
2020-04-19,6.5183333333333335,
2020-04-20,2.4479166666666665,
2020-04-21,-16.168333333333333,
2020-04-22,9.179166666666667,
2020-04-23,27.994583333333335,
2020-04-24,19.669999999999998,
2020-04-25,17.700416666666666,
2020-04-26,18.883333333333333,
2020-04-27,25.521666666666665,
2020-04-28,24.815833333333334,
2020-04-29,22.907083333333333,
2020-04-30,19.076249999999998,
2020-05-01,7.004166666666666,
2020-05-02,12.872083333333334,
2020-05-03,14.509583333333333,
2020-05-04,26.105,
2020-05-05,21.92375,
2020-05-06,21.405833333333334,
2020-05-07,24.018333333333334,
2020-05-08,23.724999999999998,
2020-05-09,21.895416666666666,
2020-05-10,11.23375,
2020-05-11,15.424166666666666,
2020-05-12,22.508750000000003,
2020-05-13,29.345416666666665,
2020-05-14,22.807916666666667,
2020-05-15,21.14875,
2020-05-16,16.896666666666665,
2020-05-17,9.330416666666666,
2020-05-18,19.7275,
2020-05-19,24.120833333333334,
2020-05-20,31.95958333333333,
2020-05-21,19.398333333333333,
2020-05-22,18.351666666666667,
2020-05-23,9.102500000000001,
2020-05-24,-24.987083333333334,
2020-05-25,19.409166666666668,
2020-05-26,27.47083333333333,
2020-05-27,22.462500000000002,
2020-05-28,20.574583333333333,
2020-05-29,22.505416666666665,
2020-05-30,12.105833333333335,
2020-05-31,1.3945833333333335,
2020-06-01,6.7925,
2020-06-02,28.971666666666668,
2020-06-03,28.573333333333334,
2020-06-04,26.173333333333332,
2020-06-05,23.2625,
2020-06-06,7.8975,
2020-06-07,18.07875,
2020-06-08,31.5975,
2020-06-09,36.514583333333334,
2020-06-10,31.302916666666665,
2020-06-11,23.64125,
2020-06-12,20.794583333333332,
2020-06-13,19.632083333333334,
2020-06-14,18.85625,
2020-06-15,31.58375,
2020-06-16,34.369166666666665,
2020-06-17,36.842083333333335,
2020-06-18,31.784583333333334,
2020-06-19,29.80666666666667,
2020-06-20,24.24083333333333,
2020-06-21,19.094166666666666,
2020-06-22,30.06625,
2020-06-23,33.04458333333333,
2020-06-24,35.29833333333333,
2020-06-25,34.564166666666665,
2020-06-26,35.05375,
2020-06-27,25.929166666666664,
2020-06-28,17.058333333333334,
2020-06-29,27.469166666666666,
2020-06-30,18.58125,
2020-07-01,33.071666666666665,
2020-07-02,39.331250000000004,
2020-07-03,33.931666666666665,
2020-07-04,13.817083333333334,
2020-07-05,-14.745,
2020-07-06,15.552916666666667,
2020-07-07,32.272083333333335,
2020-07-08,41.5625,
2020-07-09,42.35125,
2020-07-10,36.237500000000004,
2020-07-11,28.489583333333332,
2020-07-12,24.51,
2020-07-13,34.54,
2020-07-14,36.82625,
2020-07-15,41.831250000000004,
2020-07-16,44.43083333333333,
2020-07-17,37.44291666666667,
2020-07-18,28.89833333333333,
2020-07-19,27.66416666666667,
2020-07-20,32.9475,
2020-07-21,31.81625,
2020-07-22,34.65333333333333,
2020-07-23,35.208333333333336,
2020-07-24,31.48166666666667,
2020-07-25,24.69458333333333,
2020-07-26,13.196666666666667,
2020-07-27,31.629166666666666,
2020-07-28,23.457083333333333,
2020-07-29,21.502916666666668,
2020-07-30,35.82541666666666,
2020-07-31,37.89416666666667,
2020-08-01,28.332916666666666,
2020-08-02,28.00791666666667,
2020-08-03,36.94833333333333,
2020-08-04,36.349583333333335,
2020-08-05,29.285416666666666,
2020-08-06,33.87916666666667,
2020-08-07,36.209583333333335,
2020-08-08,31.635,
2020-08-09,28.442916666666665,
2020-08-10,37.347500000000004,
2020-08-11,35.52458333333333,
2020-08-12,36.34041666666666,
2020-08-13,38.79416666666666,
2020-08-14,41.10166666666667,
2020-08-15,31.438333333333333,
2020-08-16,28.560833333333335,
2020-08-17,40.78333333333333,
2020-08-18,42.485,
2020-08-19,37.8225,
2020-08-20,38.152499999999996,
2020-08-21,31.61583333333333,
2020-08-22,23.524583333333336,
2020-08-23,16.569166666666668,
2020-08-24,45.6975,
2020-08-25,35.73708333333334,
2020-08-26,18.917916666666667,
2020-08-27,47.69333333333333,
2020-08-28,40.614583333333336,
2020-08-29,35.74916666666667,
2020-08-30,33.17375,
2020-08-31,54.84625,
2020-09-01,49.916666666666664,
2020-09-02,49.98374999999999,
2020-09-03,39.24208333333333,
2020-09-04,39.25625,
2020-09-05,33.0025,
2020-09-06,34.850833333333334,
2020-09-07,43.257083333333334,
2020-09-08,37.87625,
2020-09-09,36.322916666666664,
2020-09-10,48.499583333333334,
2020-09-11,47.578333333333326,
2020-09-12,31.39625,
2020-09-13,20.219583333333333,
2020-09-14,53.635416666666664,
2020-09-15,70.79708333333333,
2020-09-16,52.268750000000004,
2020-09-17,46.571666666666665,
2020-09-18,41.764583333333334,
2020-09-19,36.9675,
2020-09-20,37.43333333333333,
2020-09-21,61.65375,
2020-09-22,53.250416666666666,
2020-09-23,45.336666666666666,
2020-09-24,38.470416666666665,
2020-09-25,41.34916666666667,
2020-09-26,31.295416666666668,
2020-09-27,31.836666666666662,
2020-09-28,47.72541666666667,
2020-09-29,58.96,
2020-09-30,49.624583333333334,
2020-10-01,40.87375,
2020-10-02,32.97708333333333,
2020-10-03,18.3025,
2020-10-04,6.570416666666667,
2020-10-05,33.06916666666667,
2020-10-06,34.531666666666666,
2020-10-07,36.38166666666667,
2020-10-08,29.107083333333335,
2020-10-09,41.45125,
2020-10-10,30.59375,
2020-10-11,32.45083333333333,
2020-10-12,47.19166666666666,
2020-10-13,45.0825,
2020-10-14,35.30958333333333,
2020-10-15,41.572916666666664,
2020-10-16,47.274166666666666,
2020-10-17,40.092083333333335,
2020-10-18,30.825833333333335,
2020-10-19,44.30416666666667,
2020-10-20,35.02625,
2020-10-21,30.660833333333333,
2020-10-22,34.50208333333333,
2020-10-23,44.8525,
2020-10-24,28.012916666666666,
2020-10-25,14.944166666666666,
2020-10-26,38.45125,
2020-10-27,33.6075,
2020-10-28,30.705416666666665,
2020-10-29,32.584583333333335,
2020-10-30,30.751666666666665,
2020-10-31,30.57166666666667,
2020-11-01,15.940833333333332,
2020-11-02,24.358333333333334,
2020-11-03,35.97125,
2020-11-04,40.151666666666664,
2020-11-05,38.73833333333334,
2020-11-06,40.584583333333335,
2020-11-07,36.26166666666666,
2020-11-08,36.514583333333334,
2020-11-09,44.92916666666667,
2020-11-10,48.41625,
2020-11-11,44.750416666666666,
2020-11-12,40.992916666666666,
2020-11-13,40.87916666666667,
2020-11-14,35.10916666666667,
2020-11-15,7.112500000000001,
2020-11-16,29.84875,
2020-11-17,38.91875,
2020-11-18,35.115833333333335,
2020-11-19,27.61375,
2020-11-20,43.37833333333333,
2020-11-21,29.241666666666664,
2020-11-22,30.930000000000003,
2020-11-23,43.60333333333333,
2020-11-24,42.1475,
2020-11-25,46.95291666666666,
2020-11-26,56.905,
2020-11-27,64.85041666666667,
2020-11-28,46.465,
2020-11-29,45.6,
2020-11-30,51.61333333333334,
2020-12-01,54.36666666666667,
2020-12-02,73.74125,
2020-12-03,47.541666666666664,
2020-12-04,42.20375,
2020-12-05,46.39458333333334,
2020-12-06,42.543749999999996,
2020-12-07,44.937916666666666,
2020-12-08,61.044999999999995,
2020-12-09,75.0425,
2020-12-10,69.38250000000001,
2020-12-11,45.65,
2020-12-12,45.969166666666666,
2020-12-13,42.79916666666667,
2020-12-14,43.12041666666667,
2020-12-15,50.673750000000005,
2020-12-16,49.720416666666665,
2020-12-17,44.77166666666667,
2020-12-18,42.28625,
2020-12-19,32.349583333333335,
2020-12-20,40.3675,
2020-12-21,37.208333333333336,
2020-12-22,29.23625,
2020-12-23,42.35333333333333,
2020-12-24,25.50791666666667,
2020-12-25,35.33708333333333,
2020-12-26,17.205833333333334,
2020-12-27,-12.979166666666666,
2020-12-28,40.64125,
2020-12-29,46.1775,
2020-12-30,47.08583333333333,
2020-12-31,47.215,50.87
2021-01-01,48.22416666666667,47.9925
2021-01-02,50.538333333333334,50.22125
2021-01-03,37.92333333333333,47.66166666666667
2021-01-04,48.36000000000001,59.107499999999995
2021-01-05,55.623333333333335,57.580000000000005
2021-01-06,52.95875,58.17583333333334
2021-01-07,70.90625,69.64541666666666
2021-01-08,78.51125,66.39291666666666
2021-01-09,59.315416666666664,60.44583333333333
2021-01-10,51.75833333333333,56.86041666666667
2021-01-11,47.071666666666665,61.28708333333333
2021-01-12,46.751666666666665,58.54
2021-01-13,42.585,53.6175
2021-01-14,71.06375,46.86875
2021-01-15,73.28416666666666,60.276666666666664
2021-01-16,55.411249999999995,40.6825
2021-01-17,54.09166666666667,58.31916666666667
2021-01-18,55.38958333333333,64.18083333333333
2021-01-19,44.68958333333333,69.395
2021-01-20,36.05375,61.9475
2021-01-21,29.418333333333333,59.697916666666664
2021-01-22,44.00875,57.14333333333334
2021-01-23,51.72875,52.94958333333333
2021-01-24,49.24333333333333,49.28
2021-01-25,61.017500000000005,52.166666666666664
2021-01-26,61.20208333333333,52.37625
2021-01-27,57.992916666666666,57.70666666666667
2021-01-28,55.134166666666665,60.8675
2021-01-29,49.655833333333334,53.06166666666667
2021-01-30,48.47958333333333,48.64291666666667
2021-01-31,48.196666666666665,43.817083333333336
2021-02-01,57.67958333333333,54.04791666666667
2021-02-02,54.17875,58.26500000000001
2021-02-03,44.455000000000005,54.60541666666666
2021-02-04,52.52875,51.227916666666665
2021-02-05,51.18291666666667,60.47083333333333
2021-02-06,34.635,56.32916666666667
2021-02-07,19.749166666666667,36.53541666666667
2021-02-08,45.1875,42.93541666666667
2021-02-09,64.47791666666667,48.98833333333334
2021-02-10,72.38041666666668,50.7925
2021-02-11,79.10583333333334,60.45041666666666
2021-02-12,62.01,66.17958333333333
2021-02-13,53.11833333333333,59.73166666666666
2021-02-14,45.586666666666666,41.05916666666666
2021-02-15,51.07208333333333,55.81
2021-02-16,52.25541666666666,61.245
2021-02-17,49.67541666666667,62.66
2021-02-18,45.18541666666667,60.27125
2021-02-19,47.8125,61.35833333333333
2021-02-20,33.19708333333333,54.315416666666664
2021-02-21,33.79458333333333,43.606249999999996
2021-02-22,49.973333333333336,56.439166666666665
2021-02-23,44.70541666666667,56.562083333333334
2021-02-24,38.755833333333335,53.32083333333333
2021-02-25,46.56041666666667,58.967083333333335
2021-02-26,47.585,60.73458333333334
2021-02-27,44.83958333333334,52.74125
2021-02-28,42.10541666666666,42.48416666666667
2021-03-01,49.840833333333336,55.699999999999996
2021-03-02,53.54916666666667,61.097500000000004
2021-03-03,52.01958333333334,62.221666666666664
2021-03-04,53.971666666666664,61.26624999999999
2021-03-05,53.70208333333333,57.67583333333334
2021-03-06,44.59166666666667,55.68958333333333
2021-03-07,44.91,53.8025
2021-03-08,61.615833333333335,64.20791666666666
2021-03-09,61.25125,65.3
2021-03-10,49.248333333333335,54.093333333333334
2021-03-11,27.422916666666666,61.29833333333334
2021-03-12,22.66125,58.94583333333333
2021-03-13,10.61375,55.64208333333334
2021-03-14,17.652916666666666,43.627916666666664
2021-03-15,49.475833333333334,41.0425
2021-03-16,56.03958333333333,62.35708333333333
2021-03-17,57.8525,60.08083333333334
2021-03-18,65.27416666666666,71.63625
2021-03-19,56.35583333333333,63.84291666666667
2021-03-20,50.544999999999995,70.43875
2021-03-21,35.830416666666665,55.10833333333333
2021-03-22,60.68541666666667,62.76958333333334
2021-03-23,62.04416666666666,49.36166666666667
2021-03-24,55.83041666666667,61.21
2021-03-25,58.75875,65.84458333333333
2021-03-26,50.98333333333333,65.27875
2021-03-27,24.72666666666667,59.208333333333336
2021-03-28,17.775416666666665,68.23083333333334
2021-03-29,42.595,62.990833333333335
2021-03-30,56.309583333333336,62.07041666666667
2021-03-31,58.49875,59.974583333333335
2021-04-01,52.36416666666667,61.21541666666667
2021-04-02,35.51541666666667,56.46333333333334
2021-04-03,39.91958333333333,65.97541666666667
2021-04-04,23.566666666666666,41.64083333333333
2021-04-05,-15.390416666666667,59.48208333333333
2021-04-06,38.431666666666665,56.17291666666667
2021-04-07,49.403333333333336,67.78625
2021-04-08,57.747083333333336,66.93416666666667
2021-04-09,55.73083333333333,69.24125
2021-04-10,57.6675,59.6
2021-04-11,48.59625,58.4475
2021-04-12,62.98666666666667,70.46833333333333
2021-04-13,57.49625,58.1
2021-04-14,70.16875,74.99166666666666
2021-04-15,66.3625,74.42
2021-04-16,63.727916666666665,73.92791666666666
2021-04-17,61.6475,68.24083333333333
2021-04-18,62.15208333333334,69.05041666666666
2021-04-19,75.92916666666666,77.83958333333334
2021-04-20,75.87916666666666,72.14291666666666
2021-04-21,58.36291666666667,75.00083333333333
2021-04-22,47.21875,73.52208333333333
2021-04-23,62.062916666666666,70.66416666666667
2021-04-24,51.509166666666665,65.18791666666667
2021-04-25,37.655833333333334,66.615
2021-04-26,62.00666666666667,70.94375000000001
2021-04-27,59.727916666666665,75.39791666666666
2021-04-28,61.51791666666667,71.50583333333334
2021-04-29,59.72083333333333,74.29625
2021-04-30,70.02958333333333,70.90041666666666
2021-05-01,55.59625,60.42041666666666
2021-05-02,43.78,46.10208333333333
2021-05-03,61.42791666666667,74.84916666666666
2021-05-04,28.713333333333335,76.03541666666666
2021-05-05,33.91291666666667,72.80166666666666
2021-05-06,66.95958333333333,73.61125
2021-05-07,70.64458333333333,70.6975
2021-05-08,46.281666666666666,79.13958333333333
2021-05-09,6.350416666666667,77.91125
2021-05-10,59.44541666666667,79.21083333333333
2021-05-11,71.56916666666667,77.51541666666667
2021-05-12,69.06750000000001,66.86791666666666
2021-05-13,63.41,68.54416666666667
2021-05-14,71.58333333333333,76.43541666666667
2021-05-15,58.59875,61.34
2021-05-16,40.405,47.13125
2021-05-17,74.38958333333333,62.86958333333333
2021-05-18,74.51541666666667,75.20583333333333
2021-05-19,77.515,72.985
2021-05-20,66.93958333333333,68.49958333333333
2021-05-21,29.837500000000002,77.29791666666667
2021-05-22,-6.430833333333333,61.71125
2021-05-23,22.846249999999998,66.17208333333333
2021-05-24,32.55708333333333,76.19166666666666
2021-05-25,60.38833333333333,69.58624999999999
2021-05-26,65.70041666666667,81.11708333333333
2021-05-27,72.43666666666667,82.62
2021-05-28,73.80708333333334,80.42375
2021-05-29,55.475833333333334,76.71541666666667
2021-05-30,37.928333333333335,60.124583333333334
2021-05-31,67.62458333333333,74.94708333333334
2021-06-01,68.48083333333334,80.46791666666667
2021-06-02,66.085,74.25875
2021-06-03,62.6875,77.8125
2021-06-04,72.24625,84.83458333333333
2021-06-05,61.59291666666667,81.12875
2021-06-06,59.822916666666664,81.8725
2021-06-07,77.72708333333334,79.95666666666666
2021-06-08,76.87708333333333,78.80333333333333
2021-06-09,77.43416666666667,76.65416666666667
2021-06-10,79.05583333333333,84.67333333333333
2021-06-11,77.78375,89.56375000000001
2021-06-12,34.42791666666667,82.67125
2021-06-13,23.409583333333334,71.87333333333333
2021-06-14,74.98708333333333,76.34083333333334
2021-06-15,82.54875,86.13375
2021-06-16,84.33375,91.21833333333332
2021-06-17,78.02625,91.52583333333332
2021-06-18,80.52708333333334,87.17625
2021-06-19,69.61458333333333,74.33166666666666
2021-06-20,57.855,77.89874999999999
2021-06-21,78.19333333333333,88.53625
2021-06-22,84.70208333333333,94.97208333333333
2021-06-23,93.47208333333333,103.34166666666665
2021-06-24,94.99666666666667,114.00541666666668
2021-06-25,90.10208333333333,102.73958333333333
2021-06-26,78.8175,102.27041666666666
2021-06-27,65.24041666666666,96.57041666666667
2021-06-28,88.84583333333335,103.9775
2021-06-29,91.75083333333333,112.99583333333334
2021-06-30,92.27749999999999,102.5825
2021-07-01,90.1675,98.19833333333334
2021-07-02,96.62124999999999,110.83708333333334
2021-07-03,83.76625,106.46416666666666
2021-07-04,81.9575,93.82375
2021-07-05,94.18333333333334,99.305
2021-07-06,80.36375,108.30208333333333
2021-07-07,99.73166666666667,113.61958333333332
2021-07-08,108.77625,111.61916666666667
2021-07-09,91.40458333333333,98.37333333333333
2021-07-10,80.48708333333333,98.58916666666666
2021-07-11,77.44625,94.06666666666666
2021-07-12,93.97500000000001,105.37374999999999
2021-07-13,94.23125,105.87
2021-07-14,87.455,99.01041666666667
2021-07-15,89.70541666666666,96.31333333333333
2021-07-16,84.49916666666667,99.78875
2021-07-17,60.65541666666667,99.86166666666666
2021-07-18,46.70875,89.38041666666668
2021-07-19,90.32249999999999,106.55083333333333
2021-07-20,91.40958333333333,116.0425
2021-07-21,89.99291666666666,103.27541666666667
2021-07-22,87.80166666666666,102.55291666666666
2021-07-23,88.77125000000001,111.74416666666667
2021-07-24,73.59208333333333,114.31791666666668
2021-07-25,62.15208333333334,94.52791666666667
2021-07-26,88.81041666666665,106.34208333333333
2021-07-27,87.33291666666666,112.89916666666666
2021-07-28,77.24208333333333,116.82666666666667
2021-07-29,46.48833333333334,116.79916666666666
2021-07-30,64.70416666666667,113.74791666666665
2021-07-31,29.38625,113.39375
2021-08-01,59.17958333333333,136.70708333333334
2021-08-02,82.03041666666667,118.90083333333332
2021-08-03,96.60708333333334,114.51666666666667
2021-08-04,98.17708333333333,113.25208333333335
2021-08-05,92.92666666666668,106.335
2021-08-06,71.39041666666667,114.06416666666667
2021-08-07,57.08708333333333,127.66416666666667
2021-08-08,8.37875,112.25416666666666
2021-08-09,70.14625,132.52458333333334
2021-08-10,92.08291666666666,120.9975
2021-08-11,101.27041666666666,129.42541666666668
2021-08-12,106.20375,121.52125000000001
2021-08-13,93.79791666666667,131.45583333333335
2021-08-14,62.947916666666664,124.1075
2021-08-15,61.51291666666666,118.71166666666666
2021-08-16,66.615,116.00791666666667
2021-08-17,57.92124999999999,116.54708333333333
2021-08-18,78.9775,116.46458333333334
2021-08-19,93.74541666666666,141.70208333333332
2021-08-20,102.86708333333333,114.82333333333332
2021-08-21,90.05041666666666,117.20166666666667
2021-08-22,77.56583333333333,107.17333333333333
2021-08-23,94.18666666666667,108.05125
2021-08-24,95.61333333333333,116.02208333333334
2021-08-25,83.49958333333333,114.89041666666667
2021-08-26,93.56041666666665,130.94208333333333
2021-08-27,96.0,116.03375
2021-08-28,83.95166666666667,124.79083333333334
2021-08-29,81.01291666666667,112.1325
2021-08-30,107.69041666666665,129.52708333333334
2021-08-31,110.17083333333333,130.13708333333332
2021-09-01,112.17416666666666,128.57291666666666
2021-09-02,118.29375,139.73583333333332
2021-09-03,111.46291666666667,144.00666666666666
2021-09-04,106.41583333333334,135.23625
2021-09-05,97.67166666666667,112.61625
2021-09-06,128.34916666666666,133.58166666666668
2021-09-07,128.07750000000001,138.68208333333334
2021-09-08,124.38125000000001,141.49458333333334
2021-09-09,130.98291666666668,145.76583333333335
2021-09-10,139.80666666666667,145.42291666666668
2021-09-11,126.27999999999999,139.26083333333332
2021-09-12,105.93041666666666,135.26958333333332
2021-09-13,142.26125,149.87125
2021-09-14,144.26583333333335,152.5675
2021-09-15,167.89374999999998,174.36166666666668
2021-09-16,158.60583333333332,180.95333333333335
2021-09-17,158.10375,163.60833333333332
2021-09-18,128.82666666666668,158.00916666666666
2021-09-19,95.60625,156.72041666666667
2021-09-20,153.21125,158.70458333333332
2021-09-21,147.7279166666667,175.65
2021-09-22,145.40916666666666,174.28166666666667
2021-09-23,70.185,168.51041666666666
2021-09-24,112.40083333333332,189.97916666666666
2021-09-25,130.37791666666666,163.40291666666667
2021-09-26,124.67875,162.5875
2021-09-27,141.54416666666665,171.17666666666665
2021-09-28,156.18041666666667,177.03916666666666
2021-09-29,129.31958333333333,219.47541666666666
2021-09-30,113.64875,200.69458333333333
2021-10-01,102.78291666666667,205.06583333333333
2021-10-02,94.87416666666667,223.80541666666667
2021-10-03,47.01916666666667,188.63041666666666
2021-10-04,161.8175,208.89833333333334
2021-10-05,156.47541666666666,206.495
2021-10-06,199.03583333333333,241.87125
2021-10-07,295.4475,294.56874999999997
2021-10-08,200.33,229.67416666666668
2021-10-09,139.87041666666667,209.26708333333332
2021-10-10,145.29916666666665,197.09291666666664
2021-10-11,163.86458333333334,179.09208333333333
2021-10-12,171.96166666666667,213.27083333333334
2021-10-13,187.18375,208.79999999999998
2021-10-14,161.36125,171.56625
2021-10-15,122.04708333333333,166.01708333333332
2021-10-16,155.16416666666666,218.80999999999997
2021-10-17,142.89875,198.1475
2021-10-18,189.19500000000002,235.77874999999997
2021-10-19,145.13375,227.94958333333332
2021-10-20,61.784166666666664,206.92208333333335
2021-10-21,64.15583333333333,154.02125
2021-10-22,72.63666666666667,216.69708333333335
2021-10-23,143.74041666666668,216.92625
2021-10-24,96.03750000000001,187.63791666666668
2021-10-25,177.20416666666665,202.92125
2021-10-26,174.91083333333333,228.5
2021-10-27,147.24583333333334,210.17875
2021-10-28,150.22375,209.84166666666667
2021-10-29,111.65249999999999,205.25541666666666
2021-10-30,82.8925,187.38625000000002
2021-10-31,61.598749999999995,189.3925
2021-11-01,99.06041666666665,160.43916666666667
2021-11-02,204.17875,193.86666666666667
2021-11-03,193.9175,195.02874999999997
2021-11-04,169.77833333333334,192.86958333333334
2021-11-05,158.90833333333333,212.81125
2021-11-06,73.65833333333333,174.015
2021-11-07,37.435,195.12250000000003
2021-11-08,181.48083333333332,217.76166666666666
2021-11-09,160.66666666666666,211.34124999999997
2021-11-10,179.35500000000002,231.41250000000002
2021-11-11,190.41375000000002,200.02874999999997
2021-11-12,164.03291666666667,208.44500000000002
2021-11-13,160.46958333333333,199.1925
2021-11-14,168.50875,183.33708333333334
2021-11-15,228.65,230.05166666666665
2021-11-16,237.94625,232.72083333333333
2021-11-17,176.68625,240.73125000000002
2021-11-18,138.725,247.3829166666667
2021-11-19,133.10041666666666,243.35333333333332
2021-11-20,108.78416666666668,229.29250000000002
2021-11-21,149.13750000000002,220.10666666666665
2021-11-22,232.85541666666666,259.4016666666667
2021-11-23,242.77291666666667,263.25083333333333
2021-11-24,274.30041666666665,289.01
2021-11-25,241.48874999999998,287.25083333333333
2021-11-26,187.31833333333336,233.15041666666664
2021-11-27,205.5583333333333,222.54958333333335
2021-11-28,199.55916666666667,203.77583333333334
2021-11-29,264.23291666666665,243.57500000000002
2021-11-30,124.39541666666666,252.59291666666664
2021-12-01,87.24291666666666,249.10958333333335
2021-12-02,199.91375000000002,257.5975
2021-12-03,148.76833333333335,276.2083333333333
2021-12-04,194.69791666666666,220.89625
2021-12-05,162.29666666666665,220.9
2021-12-06,262.63916666666665,244.75958333333332
2021-12-07,214.26916666666668,230.3375
2021-12-08,188.4025,239.91375000000002
2021-12-09,278.2291666666667,254.28833333333333
2021-12-10,240.74458333333334,248.93583333333333
2021-12-11,233.81125,239.04375000000002
2021-12-12,185.1029166666667,233.86666666666667
2021-12-13,264.7320833333333,258.18333333333334
2021-12-14,297.6825,255.95333333333335
2021-12-15,295.65833333333336,309.77833333333336
2021-12-16,346.30583333333334,335.15958333333333
2021-12-17,339.00916666666666,304.63416666666666
2021-12-18,250.04999999999998,241.39541666666665
2021-12-19,122.85041666666666,328.92875
2021-12-20,336.56416666666667,338.10833333333335
2021-12-21,435.08958333333334,389.8308333333334
2021-12-22,414.80791666666664,419.4558333333334
2021-12-23,292.28249999999997,388.0466666666666
2021-12-24,199.13333333333333,286.67541666666665
2021-12-25,198.21416666666667,216.57541666666668
2021-12-26,169.01583333333335,210.09666666666666
2021-12-27,147.93666666666667,242.03916666666666
2021-12-28,105.795,197.41458333333333
2021-12-29,153.97916666666666,217.89041666666665
2021-12-30,70.455,180.38583333333335
2021-12-31,13.975416666666666,169.59208333333333
2022-01-01,82.87125,150.0825
2022-01-02,44.98833333333334,166.16125
2022-01-03,80.415,193.64541666666665
2022-01-04,153.98375000000001,165.39541666666668
2022-01-05,107.64083333333333,195.2275
2022-01-06,195.30875,225.91125
2022-01-07,168.64958333333334,233.72
2022-01-08,162.6,234.32875
2022-01-09,151.1925,212.4941666666667
2022-01-10,262.13625,231.52958333333333
2022-01-11,254.8395833333333,206.98791666666668
2022-01-12,232.33583333333334,228.55625
2022-01-13,177.94375,218.40333333333334
2022-01-14,183.01083333333335,217.50041666666667
2022-01-15,216.15791666666667,214.84
2022-01-16,126.93541666666665,213.17916666666667
2022-01-17,133.93375,239.08333333333334
2022-01-18,235.03958333333333,231.25666666666666
2022-01-19,168.88958333333332,219.39541666666665
2022-01-20,118.90958333333333,203.98041666666666
2022-01-21,159.45250000000001,211.43041666666667
2022-01-22,177.76208333333332,204.58041666666668
2022-01-23,194.17999999999998,197.09708333333333
2022-01-24,247.29791666666665,230.3216666666667
2022-01-25,297.02125,236.81041666666667
2022-01-26,231.73208333333332,265.48833333333334
2022-01-27,118.64833333333333,246.39541666666665
2022-01-28,176.35708333333332,261.7270833333333
2022-01-29,86.79791666666667,241.48958333333334
2022-01-30,60.29458333333333,217.95083333333332
2022-01-31,196.7854166666667,222.28625
2022-02-01,145.055,213.7125
2022-02-02,145.28083333333333,200.55958333333334
2022-02-03,192.79666666666665,212.76583333333335
2022-02-04,130.71208333333334,217.5895833333333
2022-02-05,85.20291666666667,212.88750000000002
2022-02-06,53.1875,204.34916666666666
2022-02-07,88.9225,189.96041666666667
2022-02-08,137.52124999999998,198.17999999999998
2022-02-09,169.44916666666666,217.51791666666668
2022-02-10,191.9675,212.59333333333333
2022-02-11,185.24291666666667,216.5220833333333
2022-02-12,138.55708333333334,191.53416666666666
2022-02-13,81.84791666666666,196.52083333333334
2022-02-14,104.97874999999999,202.61083333333332
2022-02-15,154.25416666666666,207.33291666666665
2022-02-16,114.17958333333333,221.25833333333333
2022-02-17,70.86749999999999,182.25625
2022-02-18,117.72208333333333,201.30291666666668
2022-02-19,40.892916666666665,177.48749999999998
2022-02-20,63.37916666666666,182.02541666666664
2022-02-21,78.71875,164.8225
2022-02-22,122.90125,183.16333333333333
2022-02-23,131.47541666666666,186.05791666666667
2022-02-24,122.54208333333334,220.56916666666666
2022-02-25,122.26208333333334,285.89916666666664
2022-02-26,227.33249999999998,246.66083333333333
2022-02-27,181.6475,202.69375
2022-02-28,206.87041666666667,225.7541666666667
2022-03-01,245.89583333333334,259.40749999999997
2022-03-02,282.1145833333333,257.4558333333333
2022-03-03,339.02916666666664,363.5408333333333
2022-03-04,359.3108333333333,382.17083333333335
2022-03-05,345.51666666666665,362.9395833333333
2022-03-06,340.25416666666666,374.3854166666667
2022-03-07,413.37041666666664,444.69666666666666
2022-03-08,486.49083333333334,537.3108333333333
2022-03-09,442.9183333333333,387.57916666666665
2022-03-10,268.27375,352.21958333333333
2022-03-11,79.60458333333334,369.71875
2022-03-12,128.04875,281.10583333333335
2022-03-13,117.00625000000001,306.71250000000003
2022-03-14,283.2325,322.07916666666665
2022-03-15,300.7245833333333,286.47875
2022-03-16,241.29083333333332,271.39166666666665
2022-03-17,227.31625,242.77625
2022-03-18,228.635,245.09666666666666
2022-03-19,126.25916666666666,248.69958333333332
2022-03-20,50.298750000000005,227.16708333333335
2022-03-21,210.28875000000002,236.29708333333335
2022-03-22,236.17125,238.2675
2022-03-23,236.43458333333334,231.50249999999997
2022-03-24,240.05958333333334,238.25958333333332
2022-03-25,243.27374999999998,267.4270833333333
2022-03-26,189.51250000000002,233.99166666666667
2022-03-27,198.61249999999998,206.07833333333335
2022-03-28,222.90291666666667,247.81916666666666
2022-03-29,251.92958333333334,239.43541666666667
2022-03-30,268.65291666666667,268.76375
2022-03-31,201.12375,238.04791666666665
2022-04-01,161.20000000000002,279.1404166666667
2022-04-02,172.86749999999998,214.34041666666667
2022-04-03,165.31458333333333,271.47375
2022-04-04,68.78875000000001,345.7920833333333
2022-04-05,191.33,277.20208333333335
2022-04-06,116.66291666666666,270.61333333333334
2022-04-07,68.41541666666667,228.83041666666668
2022-04-08,130.31833333333333,245.51291666666668
2022-04-09,54.29416666666666,229.59375
2022-04-10,85.91416666666667,167.07041666666666
2022-04-11,224.21124999999998,238.7975
2022-04-12,182.33708333333334,265.0758333333333
2022-04-13,227.21,245.59541666666667
2022-04-14,226.59541666666667,243.47916666666666
2022-04-15,191.34666666666666,242.63458333333332
2022-04-16,146.1175,192.05375
2022-04-17,103.68458333333332,171.92666666666665
2022-04-18,129.44291666666666,164.39708333333334
2022-04-19,212.27833333333334,232.72041666666667
2022-04-20,202.74625,241.09291666666664
2022-04-21,199.77666666666667,243.73875
2022-04-22,167.14958333333334,234.5666666666667
2022-04-23,91.09041666666667,255.58833333333334
2022-04-24,115.8275,201.86916666666664
2022-04-25,225.49833333333333,253.63041666666666
2022-04-26,237.93499999999997,251.2854166666667
2022-04-27,222.7025,240.55124999999998
2022-04-28,229.845,240.27583333333334
2022-04-29,227.38625000000002,237.93583333333333
2022-04-30,201.7675,211.33333333333334
2022-05-01,194.7675,206.92875
2022-05-02,217.36666666666667,227.50166666666667
2022-05-03,219.79833333333332,245.3425
2022-05-04,232.4416666666667,246.98874999999998
2022-05-05,234.51791666666668,257.9108333333333
2022-05-06,225.67708333333334,259.2366666666667
2022-05-07,199.73416666666665,211.07791666666665
2022-05-08,172.10458333333335,199.50333333333333
2022-05-09,217.38250000000002,245.6966666666667
2022-05-10,182.39916666666667,230.3970833333333
2022-05-11,154.715,235.61708333333334
2022-05-12,174.02791666666667,224.31958333333333
2022-05-13,165.74416666666667,249.365
2022-05-14,155.95208333333332,210.85833333333335
2022-05-15,146.44083333333333,214.41708333333335
2022-05-16,213.66958333333332,238.40374999999997
2022-05-17,225.54208333333335,238.05083333333334
2022-05-18,206.45333333333335,229.08041666666668
2022-05-19,211.85541666666666,243.49958333333333
2022-05-20,203.08333333333334,245.25208333333333
2022-05-21,107.80083333333334,211.93125
2022-05-22,164.96875,191.46833333333333
2022-05-23,181.24041666666665,222.68833333333336
2022-05-24,171.10625000000002,222.22583333333333
2022-05-25,171.00791666666666,212.34624999999997
2022-05-26,64.56041666666667,223.56541666666666
2022-05-27,41.92208333333333,244.27916666666667
2022-05-28,48.74458333333334,201.225
2022-05-29,160.30291666666668,187.94375
2022-05-30,225.38,219.77041666666665
2022-05-31,211.98416666666665,228.55041666666668
2022-06-01,212.73041666666666,241.92291666666665
2022-06-02,187.8166666666667,212.5533333333333
2022-06-03,184.67208333333335,266.64458333333334
2022-06-04,161.61708333333334,210.15833333333333
2022-06-05,136.22416666666666,200.85166666666666
2022-06-06,96.48708333333333,243.76874999999998
2022-06-07,185.3791666666667,215.05208333333334
2022-06-08,190.58291666666665,196.75416666666663
2022-06-09,185.78083333333333,188.19416666666666
2022-06-10,186.67708333333334,203.71708333333333
2022-06-11,133.48125000000002,188.26083333333335
2022-06-12,116.00541666666668,165.35875000000001
2022-06-13,165.58583333333334,206.77374999999998
2022-06-14,196.82666666666668,217.64583333333334
2022-06-15,214.85958333333335,250.72875
2022-06-16,205.83624999999998,279.93541666666664
2022-06-17,251.93125,324.69083333333333
2022-06-18,192.65166666666667,293.14125
2022-06-19,157.29958333333335,255.99291666666667
2022-06-20,269.3183333333333,292.48291666666665
2022-06-21,289.9941666666667,305.38916666666665
2022-06-22,323.5725,331.78541666666666
2022-06-23,290.49833333333333,357.34666666666664
2022-06-24,276.84250000000003,317.665
2022-06-25,242.58833333333334,304.7270833333333
2022-06-26,202.04916666666668,285.4375
2022-06-27,315.7808333333333,350.08958333333334
2022-06-28,331.4241666666667,385.87208333333336
2022-06-29,316.43,334.2558333333333
2022-06-30,324.51708333333335,365.37833333333333
2022-07-01,314.6408333333333,374.20416666666665
2022-07-02,217.56041666666667,355.5075
2022-07-03,203.83249999999998,372.93833333333333
2022-07-04,297.295,380.93208333333337
2022-07-05,317.60083333333336,414.26624999999996
2022-07-06,295.86083333333335,428.10083333333336
2022-07-07,211.03666666666666,413.285
2022-07-08,304.6379166666667,403.92625
2022-07-09,127.01125,331.43916666666667
2022-07-10,134.81541666666666,323.23333333333335
2022-07-11,378.7191666666667,415.2654166666667
2022-07-12,379.18625,425.535
2022-07-13,352.02708333333334,415.05
2022-07-14,362.85999999999996,442.8775
2022-07-15,332.62333333333333,441.5495833333334
2022-07-16,166.31166666666667,419.5620833333333
2022-07-17,229.665,360.87958333333336
2022-07-18,398.2816666666667,405.41125000000005
2022-07-19,386.2029166666667,429.3725
2022-07-20,339.1408333333333,445.47
2022-07-21,398.48583333333335,452.51208333333335
2022-07-22,379.21958333333333,453.85041666666666
2022-07-23,325.955,449.2583333333334
2022-07-24,254.40583333333333,360.34708333333333
2022-07-25,310.78000000000003,477.69
2022-07-26,321.14708333333334,460.6045833333333
2022-07-27,427.9295833333333,511.89208333333335
2022-07-28,470.9791666666667,544.3591666666667
2022-07-29,440.5325,505.4295833333333
2022-07-30,376.33125,436.0933333333333
2022-07-31,318.06166666666667,382.6266666666667
2022-08-01,428.87000000000006,462.02875
2022-08-02,377.2183333333333,483.88625
2022-08-03,389.5158333333333,514.96375
2022-08-04,409.9795833333333,535.9895833333334
2022-08-05,376.66833333333335,538.135
2022-08-06,266.88958333333335,525.7470833333333
2022-08-07,217.87958333333333,457.99541666666664
2022-08-08,361.5491666666667,478.0708333333334
2022-08-09,342.9683333333333,472.9470833333333
2022-08-10,336.1616666666667,436.9670833333333
2022-08-11,377.19374999999997,486.57874999999996
2022-08-12,436.8333333333333,483.00416666666666
2022-08-13,377.1433333333334,445.96166666666664
2022-08-14,327.2316666666666,406.21875
2022-08-15,433.2625,461.3433333333333
2022-08-16,495.4558333333334,507.9583333333333
2022-08-17,551.7858333333334,538.3929166666667
2022-08-18,562.6725,548.9579166666666
2022-08-19,516.53125,514.725
2022-08-20,449.6041666666667,519.9745833333333
2022-08-21,371.2320833333333,450.75416666666666
2022-08-22,566.8579166666667,563.92125
2022-08-23,608.3391666666666,596.5183333333333
2022-08-24,621.2716666666666,626.4566666666666
2022-08-25,605.2095833333334,606.9120833333333
2022-08-26,705.3633333333333,724.4129166666667
2022-08-27,597.30125,713.6058333333334
2022-08-28,403.47291666666666,664.3933333333333
2022-08-29,661.6425,747.2583333333333
2022-08-30,653.6625,650.6666666666666
2022-08-31,601.1716666666667,582.8516666666667
2022-09-01,567.0170833333333,669.7195833333334
2022-09-02,405.60083333333336,520.7475000000001
2022-09-03,285.24666666666667,466.5529166666667
2022-09-04,245.80416666666667,392.0116666666667
2022-09-05,360.8933333333334,472.54041666666666
2022-09-06,426.74916666666667,546.0579166666666
2022-09-07,464.5808333333334,486.2191666666667
2022-09-08,430.52791666666667,499.08
2022-09-09,354.93875,439.28833333333336
2022-09-10,406.25874999999996,425.34833333333336
2022-09-11,387.1579166666667,405.615
2022-09-12,405.42333333333335,447.15291666666667
2022-09-13,393.81,454.96333333333337
2022-09-14,458.1408333333333,446.14124999999996
2022-09-15,353.36291666666665,443.94083333333333
2022-09-16,193.96875,479.7266666666667
2022-09-17,63.80083333333334,333.81125000000003
2022-09-18,83.23041666666667,301.31541666666664
2022-09-19,275.8933333333333,369.96958333333333
2022-09-20,367.0920833333333,392.08125
2022-09-21,384.21541666666667,389.6958333333334
2022-09-22,386.2366666666667,407.7
2022-09-23,370.3845833333333,418.605
2022-09-24,341.80625000000003,364.73583333333335
2022-09-25,273.58583333333337,314.71708333333333
2022-09-26,243.5320833333333,353.8566666666666
2022-09-27,319.0004166666667,300.46625
2022-09-28,390.60583333333335,304.62916666666666
2022-09-29,417.03625000000005,362.6620833333333
2022-09-30,292.2554166666667,356.52625000000006
2022-10-01,82.84458333333333,243.52833333333334
2022-10-02,116.67500000000001,217.87041666666667
2022-10-03,218.48208333333332,352.11583333333334
2022-10-04,240.02625,346.74541666666664
2022-10-05,93.10541666666667,285.83625
2022-10-06,114.25833333333333,245.67
2022-10-07,160.625,276.2025
2022-10-08,152.21958333333333,286.85291666666666
2022-10-09,135.43666666666667,204.60625000000002
2022-10-10,169.9675,275.03791666666666
2022-10-11,265.26875,284.3433333333333
2022-10-12,281.2808333333333,275.57166666666666
2022-10-13,258.3833333333333,272.3933333333333
2022-10-14,257.0975,256.15500000000003
2022-10-15,147.41291666666666,209.42125
2022-10-16,99.95583333333333,183.25458333333333
2022-10-17,154.04916666666665,214.46124999999998
2022-10-18,182.31916666666666,215.8925
2022-10-19,167.85458333333335,175.9125
2022-10-20,140.54833333333332,201.61708333333334
2022-10-21,164.51583333333335,197.58208333333334
2022-10-22,137.11208333333335,139.91083333333333
2022-10-23,91.28458333333333,105.80458333333333
2022-10-24,80.81916666666667,136.34208333333333
2022-10-25,108.79166666666667,131.29
2022-10-26,121.35541666666666,131.79875
2022-10-27,124.17416666666666,159.18708333333333
2022-10-28,105.94875,132.39374999999998
2022-10-29,101.78875,100.46375
2022-10-30,118.3125,113.625
2022-10-31,143.19208333333333,139.12583333333333
2022-11-01,67.78291666666667,108.21041666666667
2022-11-02,72.83874999999999,124.02
2022-11-03,103.52208333333334,133.46666666666667
2022-11-04,181.14041666666665,186.29458333333332
2022-11-05,128.42291666666668,140.44791666666666
2022-11-06,48.687083333333334,127.42583333333334
2022-11-07,79.32416666666667,177.77125
2022-11-08,95.02291666666667,164.14458333333334
2022-11-09,128.39041666666665,211.78833333333333
2022-11-10,135.40541666666667,261.77833333333336
2022-11-11,128.17416666666665,210.89458333333334
2022-11-12,163.56208333333333,179.88958333333335
2022-11-13,142.01708333333332,172.7875
2022-11-14,162.30458333333334,213.58708333333334
2022-11-15,174.9125,253.09458333333336
2022-11-16,142.45583333333335,261.36333333333334
2022-11-17,102.60833333333333,256.37
2022-11-18,172.34375,151.86083333333332
2022-11-19,200.96541666666667,212.9283333333333
2022-11-20,207.725,202.68375
2022-11-21,252.74916666666664,232.26625
2022-11-22,205.51291666666668,175.39374999999998
2022-11-23,177.51125000000002,185.54458333333332
2022-11-24,239.365,276.0991666666667
2022-11-25,258.98833333333334,287.11291666666665
2022-11-26,236.3445833333333,256.59999999999997
2022-11-27,145.99666666666667,214.95624999999998
2022-11-28,297.5808333333334,325.87125
2022-11-29,372.3329166666667,348.74083333333334
2022-11-30,393.85249999999996,308.0995833333333
2022-12-01,394.94958333333335,365.28041666666667
2022-12-02,336.36083333333335,350.71458333333334
2022-12-03,281.61,286.40875
2022-12-04,267.44083333333333,303.81
2022-12-05,345.13166666666666,338.39500000000004
2022-12-06,385.04791666666665,338.7729166666667
2022-12-07,325.74083333333334,347.12083333333334
2022-12-08,389.50458333333336,346.8545833333333
2022-12-09,410.145,319.6025
2022-12-10,354.14958333333334,306.4433333333333
2022-12-11,325.91249999999997,256.15125
2022-12-12,435.01500000000004,332.47375
2022-12-13,443.1716666666667,320.7029166666667
2022-12-14,444.925,329.78916666666663
2022-12-15,396.80833333333334,311.2604166666667
2022-12-16,410.7970833333334,285.0179166666667
2022-12-17,264.4845833333333,272.69416666666666
2022-12-18,187.41916666666668,243.0979166666667
2022-12-19,191.43125,237.15458333333333
2022-12-20,188.90166666666667,268.2945833333333
2022-12-21,213.63333333333333,250.18791666666667
2022-12-22,192.21291666666664,238.36166666666668
2022-12-23,183.07541666666668,200.51625
2022-12-24,113.495,146.2425
2022-12-25,103.09541666666667,166.2175
2022-12-26,39.410000000000004,172.30208333333334
2022-12-27,92.43916666666667,205.47833333333332
2022-12-28,44.17666666666667,176.52541666666664
2022-12-29,14.08625,203.53125
2022-12-30,14.15875,180.99916666666664
2022-12-31,-1.0062499999999999,224.60375
2023-01-01,17.541666666666668,192.785
2023-01-02,126.82416666666666,200.83916666666667
2023-01-03,143.90791666666667,172.69083333333333
2023-01-04,55.57333333333333,172.83875
2023-01-05,111.92041666666665,183.7179166666667
2023-01-06,117.05416666666667,174.36625
2023-01-07,85.21625,196.92
2023-01-08,71.61666666666666,164.27333333333334
2023-01-09,130.57874999999999,153.51333333333335
2023-01-10,118.92125,121.86541666666666
2023-01-11,84.70083333333334,176.86749999999998
2023-01-12,71.27458333333333,179.21083333333334
2023-01-13,66.35208333333334,194.3791666666667
2023-01-14,28.438333333333333,161.19333333333333
2023-01-15,11.595416666666667,139.60708333333335
2023-01-16,130.34166666666667,120.11833333333334
2023-01-17,134.59208333333333,125.47333333333334
2023-01-18,143.28458333333333,99.92375
2023-01-19,149.68708333333333,150.8975
2023-01-20,180.54458333333332,130.64791666666667
2023-01-21,143.70291666666665,90.21249999999999
2023-01-22,152.04083333333332,185.23833333333334
2023-01-23,203.39625,197.20166666666668
2023-01-24,202.03958333333333,194.08208333333334
2023-01-25,181.77666666666667,186.89666666666665
2023-01-26,167.04375000000002,173.33333333333334
2023-01-27,168.96541666666667,169.76041666666666
2023-01-28,145.32166666666666,163.9625
2023-01-29,119.01083333333334,153.42249999999999
2023-01-30,76.25583333333334,179.65375000000003
2023-01-31,116.73541666666667,155.13375
2023-02-01,92.84291666666667,163.34833333333333
2023-02-02,137.56333333333333,179.82916666666665
2023-02-03,102.23833333333333,169.88041666666666
2023-02-04,147.5175,155.03958333333335
2023-02-05,131.76208333333332,111.57458333333334
2023-02-06,172.9958333333333,165.51500000000001
2023-02-07,173.51708333333332,178.13
2023-02-08,150.00083333333333,170.35666666666665
2023-02-09,133.09166666666667,169.89916666666667
2023-02-10,124.55624999999999,167.08041666666665
2023-02-11,107.9275,170.63208333333333
2023-02-12,136.63291666666666,150.16166666666666
2023-02-13,163.41791666666668,168.88583333333335
2023-02-14,154.45916666666668,160.41625
2023-02-15,142.60666666666665,166.17333333333332
2023-02-16,136.4475,159.39916666666667
2023-02-17,77.90291666666667,164.87625
2023-02-18,98.04375,138.99958333333333
2023-02-19,112.79708333333333,131.10666666666665
2023-02-20,60.23500000000001,158.04625000000001
2023-02-21,126.17083333333333,154.47458333333333
2023-02-22,148.43041666666667,161.94833333333335
2023-02-23,146.07874999999999,154.19416666666666
2023-02-24,116.50541666666668,163.00916666666666
2023-02-25,89.95041666666667,140.85
2023-02-26,110.50708333333334,122.61583333333333
2023-02-27,152.74,167.84958333333333
2023-02-28,148.00666666666666,155.62208333333334
2023-03-01,142.66583333333332,165.93666666666667
2023-03-02,144.91,165.73125000000002
2023-03-03,135.42916666666667,163.13875
2023-03-04,107.44083333333333,143.32125
2023-03-05,122.97708333333333,133.11458333333334
2023-03-06,149.08791666666667,121.42416666666666
2023-03-07,107.54458333333334,146.54208333333335
2023-03-08,138.86375,125.83958333333334
2023-03-09,126.75041666666665,111.69375000000001
2023-03-10,114.2525,114.55458333333333
2023-03-11,100.72125,108.66916666666667
2023-03-12,92.40666666666668,122.03041666666667
2023-03-13,35.62166666666666,139.46375
2023-03-14,75.4825,96.22458333333333
2023-03-15,128.21416666666667,120.24583333333334
2023-03-16,102.70208333333333,89.21
2023-03-17,94.76,112.29833333333333
2023-03-18,109.49083333333334,133.88958333333332
2023-03-19,112.57416666666667,123.43624999999999
2023-03-20,125.03916666666667,137.50666666666666
2023-03-21,113.23041666666666,133.73666666666665
2023-03-22,79.8025,132.17875
2023-03-23,74.17083333333333,137.73708333333335
2023-03-24,51.45666666666667,129.04625000000001
2023-03-25,15.68125,101.15083333333332
2023-03-26,73.91,102.95666666666666
2023-03-27,91.14458333333333,107.98
2023-03-28,114.47000000000001,88.78041666666667
2023-03-29,115.67791666666666,126.10166666666667
2023-03-30,79.69375000000001,147.92166666666665
2023-03-31,98.26291666666667,127.18374999999999
2023-04-01,55.0975,109.68374999999999
2023-04-02,70.92083333333333,136.68041666666667
2023-04-03,114.99125,139.10916666666665
2023-04-04,133.10791666666668,139.69041666666666
2023-04-05,141.55041666666668,168.26624999999999
2023-04-06,121.75875,141.59666666666666
2023-04-07,110.23666666666666,148.45541666666665
2023-04-08,117.23833333333333,134.91541666666666
2023-04-09,102.30624999999999,158.2591666666667
2023-04-10,32.57375,99.14458333333333
2023-04-11,67.54333333333334,136.28583333333333
2023-04-12,107.62958333333334,153.70791666666668
2023-04-13,110.4375,144.00083333333333
2023-04-14,129.00458333333333,122.25458333333334
2023-04-15,105.92791666666666,132.17083333333332
2023-04-16,110.55166666666668,127.33958333333334
2023-04-17,123.46458333333334,145.04375000000002
2023-04-18,107.91125,144.74416666666667
2023-04-19,87.295,142.96041666666667
2023-04-20,111.52958333333333,147.00666666666666
2023-04-21,89.63875,147.45458333333332
2023-04-22,84.80791666666666,119.16208333333333
2023-04-23,84.50375,120.21125
2023-04-24,105.45333333333333,110.04416666666667
2023-04-25,100.87333333333333,103.17041666666667
2023-04-26,111.51125,110.85625
2023-04-27,111.55666666666667,130.53
2023-04-28,107.21791666666667,132.81291666666667
2023-04-29,99.23875,120.94
2023-04-30,69.09625,113.10666666666667
2023-05-01,86.4775,111.47833333333334
2023-05-02,107.19291666666668,122.50041666666668
2023-05-03,107.17750000000001,119.58458333333334
2023-05-04,96.58,113.86125
2023-05-05,97.42625,116.3575
2023-05-06,88.37833333333333,104.37124999999999
2023-05-07,66.60875,91.46499999999999
2023-05-08,96.94041666666668,133.27125
2023-05-09,94.69458333333334,132.84875
2023-05-10,108.39791666666667,125.75541666666668
2023-05-11,115.80791666666666,117.85041666666666
2023-05-12,101.165,116.11291666666666
2023-05-13,78.1725,114.08999999999999
2023-05-14,73.09,94.71249999999999
2023-05-15,110.7325,105.03500000000001
2023-05-16,79.12791666666666,73.71083333333333
2023-05-17,80.62125,89.94083333333333
2023-05-18,85.87083333333334,110.87124999999999
2023-05-19,86.30624999999999,92.44583333333333
2023-05-20,44.288333333333334,93.69625
2023-05-21,31.635416666666668,60.053333333333335
2023-05-22,97.39999999999999,105.06916666666666
2023-05-23,72.33083333333333,106.27333333333333
2023-05-24,103.81375000000001,105.3325
2023-05-25,80.33541666666666,100.16541666666666
2023-05-26,70.34708333333333,94.07541666666667
2023-05-27,62.58291666666667,71.85291666666667
2023-05-28,24.138333333333335,68.96791666666667
2023-05-29,22.825,89.44416666666666
2023-05-30,88.65625,94.65791666666667
2023-05-31,71.91583333333334,93.44208333333334
2023-06-01,73.08958333333334,97.01291666666667
2023-06-02,81.11083333333333,83.41958333333334
2023-06-03,55.982499999999995,78.83041666666666
2023-06-04,49.41416666666667,63.29083333333333
2023-06-05,91.165,97.21708333333333
2023-06-06,99.13041666666668,91.40416666666665
2023-06-07,100.9225,94.64041666666667
2023-06-08,84.58083333333333,90.24208333333333
2023-06-09,86.20166666666667,92.52
2023-06-10,53.03208333333333,102.18541666666665
2023-06-11,43.10375,95.77125000000001
2023-06-12,96.08541666666666,102.41291666666666
2023-06-13,90.57166666666666,105.50375000000001
2023-06-14,103.97833333333334,109.05583333333334
2023-06-15,121.88708333333334,113.95166666666667
2023-06-16,127.76291666666667,102.89458333333333
2023-06-17,104.2625,105.74541666666666
2023-06-18,90.80583333333334,103.195
2023-06-19,118.56333333333333,125.09208333333333
2023-06-20,121.08833333333332,117.08708333333334
2023-06-21,124.55166666666666,128.73333333333332
2023-06-22,123.31666666666666,128.59625
2023-06-23,107.57541666666667,119.66624999999999
2023-06-24,82.10875,113.02333333333333
2023-06-25,75.21916666666667,94.52749999999999
2023-06-26,96.96,115.88499999999999
2023-06-27,100.84875,119.96875
2023-06-28,114.21791666666667,121.23833333333333
2023-06-29,117.6425,121.05958333333332
2023-06-30,110.01208333333334,119.99208333333333
2023-07-01,58.12166666666667,102.54333333333334
2023-07-02,-50.12583333333333,111.89166666666667
2023-07-03,56.04458333333333,115.82583333333334
2023-07-04,87.5175,134.83666666666667
2023-07-05,67.33624999999999,115.56291666666668
2023-07-06,108.96541666666667,117.53791666666666
2023-07-07,101.90666666666668,121.62583333333333
2023-07-08,82.97375,108.33666666666666
2023-07-09,89.46999999999998,105.265
2023-07-10,115.05541666666666,127.69
2023-07-11,103.84625,123.36833333333334
2023-07-12,88.03458333333333,118.73625
2023-07-13,97.51166666666667,112.86708333333333
2023-07-14,93.98291666666667,104.15958333333333
2023-07-15,31.277916666666666,110.56333333333333
2023-07-16,20.145833333333332,107.885
2023-07-17,81.29041666666667,119.5425
2023-07-18,106.99624999999999,116.65791666666667
2023-07-19,96.62416666666667,128.12583333333333
2023-07-20,96.89458333333334,119.54541666666667
2023-07-21,104.14791666666667,112.875
2023-07-22,75.52083333333333,109.2725
2023-07-23,30.114583333333332,111.99166666666667
2023-07-24,92.00458333333334,115.69625
2023-07-25,104.35125,116.1875
2023-07-26,94.98541666666667,105.55416666666667
2023-07-27,93.37666666666667,117.38375
2023-07-28,97.14208333333333,109.93166666666667
2023-07-29,75.085,98.55208333333333
2023-07-30,29.760416666666668,81.3875
2023-07-31,71.60791666666667,101.66624999999999
2023-08-01,81.09666666666666,100.39541666666668
2023-08-02,62.56125,108.65499999999999
2023-08-03,51.435833333333335,111.03916666666667
2023-08-04,99.53041666666667,106.62583333333333
2023-08-05,89.50458333333334,100.38375
2023-08-06,54.775416666666665,81.61916666666666
2023-08-07,14.757083333333332,93.05833333333334
2023-08-08,18.8225,85.705
2023-08-09,89.85708333333334,99.78750000000001
2023-08-10,103.39916666666666,100.09708333333333
2023-08-11,99.77916666666665,106.91916666666667
2023-08-12,79.00833333333334,90.43874999999998
2023-08-13,65.74791666666667,100.60125
2023-08-14,103.56375000000001,106.63916666666667
2023-08-15,94.05666666666667,105.63458333333334
2023-08-16,110.76583333333333,118.13291666666667
2023-08-17,111.51208333333334,115.29291666666667
2023-08-18,108.49958333333332,126.79
2023-08-19,86.02125000000001,139.0275
2023-08-20,89.66541666666666,105.51375
2023-08-21,121.31583333333333,117.85583333333334
2023-08-22,123.89916666666666,145.52291666666667
2023-08-23,147.47791666666666,158.1925
2023-08-24,144.56291666666667,161.65375
2023-08-25,116.77833333333332,149.58166666666668
2023-08-26,95.96125,149.68958333333333
2023-08-27,101.11291666666666,124.22000000000001
2023-08-28,119.43166666666667,121.85708333333334
2023-08-29,122.84791666666666,117.08041666666666
2023-08-30,114.48375,94.74166666666667
2023-08-31,104.58,129.38958333333332
2023-09-01,109.20875000000001,117.69083333333333
2023-09-02,94.97291666666666,97.60000000000001
2023-09-03,82.19041666666666,93.13333333333333
2023-09-04,108.08166666666666,95.77916666666665
2023-09-05,103.03375,97.29833333333333
2023-09-06,106.13375,108.66208333333333
2023-09-07,100.12541666666668,111.61625
2023-09-08,109.9575,109.22833333333334
2023-09-09,91.6175,101.75333333333333
2023-09-10,84.97291666666666,108.06875000000001
2023-09-11,153.245,126.51875
2023-09-12,131.23958333333334,126.61
2023-09-13,109.30458333333333,127.24291666666666
2023-09-14,120.74541666666666,129.00166666666667
2023-09-15,107.8675,129.32583333333335
2023-09-16,96.20375,119.41041666666666
2023-09-17,86.28625,108.98583333333333
2023-09-18,87.7425,121.68333333333334
2023-09-19,37.47625,124.60291666666666
2023-09-20,55.67083333333334,126.70583333333333
2023-09-21,104.16041666666666,119.60875
2023-09-22,105.43666666666667,123.6325
2023-09-23,98.49791666666665,115.78708333333333
2023-09-24,62.92666666666667,95.22333333333334
2023-09-25,113.20041666666667,115.03750000000001
2023-09-26,128.155,115.03625
2023-09-27,123.01875,126.97791666666667
2023-09-28,113.93708333333335,114.05958333333332
2023-09-29,104.16624999999999,130.97333333333333
2023-09-30,92.21249999999999,111.07416666666666
2023-10-01,73.6775,93.56416666666667
2023-10-02,118.32208333333334,107.20625
2023-10-03,16.293333333333333,139.29208333333332
2023-10-04,74.79083333333334,118.10000000000001
2023-10-05,102.14125,117.07333333333334
2023-10-06,64.42791666666666,133.74125
2023-10-07,50.83958333333334,132.36458333333334
2023-10-08,92.19333333333333,101.20166666666667
2023-10-09,117.09583333333335,130.40666666666667
2023-10-10,107.58166666666666,143.3575
2023-10-11,62.79291666666666,150.84291666666667
2023-10-12,125.94791666666667,147.87
2023-10-13,58.36666666666667,162.44
2023-10-14,27.51125,152.44208333333333
2023-10-15,47.076249999999995,130.38791666666665
2023-10-16,135.40583333333333,174.99
2023-10-17,127.5,160.26416666666668
2023-10-18,92.72375,151.7125
2023-10-19,97.57291666666667,151.2825
2023-10-20,85.11541666666666,125.43374999999999
2023-10-21,53.459583333333335,136.43625
2023-10-22,69.35583333333334,130.43208333333334
2023-10-23,124.98333333333333,145.27666666666667
2023-10-24,117.78125,138.23375000000001
2023-10-25,123.71249999999999,135.37958333333333
2023-10-26,122.28291666666667,140.80166666666665
2023-10-27,116.32166666666666,118.42916666666666
2023-10-28,77.6075,110.72208333333333
2023-10-29,23.697916666666668,129.63625
2023-10-30,96.13833333333334,124.60791666666667
2023-10-31,104.08833333333332,121.43041666666666
2023-11-01,61.05625,131.13625
2023-11-02,59.51458333333333,108.00291666666668
2023-11-03,57.84583333333333,76.08041666666666
2023-11-04,23.273750000000003,75.14625
2023-11-05,29.66333333333333,63.32333333333333
2023-11-06,75.21416666666667,105.64458333333333
2023-11-07,99.39999999999999,126.21458333333334
2023-11-08,89.77916666666665,138.59833333333333
2023-11-09,96.89166666666667,137.09416666666667
2023-11-10,95.01541666666667,125.88708333333334
2023-11-11,96.88666666666667,81.32125
2023-11-12,98.06375000000001,122.82083333333333
2023-11-13,91.51125,126.89583333333333
2023-11-14,68.4675,125.93666666666667
2023-11-15,102.58958333333334,122.81916666666666
2023-11-16,118.49000000000001,138.72583333333333
2023-11-17,121.53083333333332,115.49916666666667
2023-11-18,87.58708333333334,127.34083333333332
2023-11-19,40.24458333333333,122.37166666666667
2023-11-20,107.52,134.19291666666666
2023-11-21,123.10041666666666,128.51083333333335
2023-11-22,108.31166666666667,134.96583333333334
2023-11-23,58.9975,132.9375
2023-11-24,67.0625,132.6625
2023-11-25,95.97291666666666,98.20083333333334
2023-11-26,115.8575,135.35999999999999
2023-11-27,113.61375,136.09875
2023-11-28,122.80333333333334,99.57125
2023-11-29,140.28791666666666,143.97375
2023-11-30,168.84625,123.53625
2023-12-01,156.32583333333335,124.47416666666668
2023-12-02,116.53333333333335,110.28458333333333
2023-12-03,104.11666666666667,114.50583333333333
2023-12-04,111.6325,136.07958333333332
2023-12-05,114.56416666666667,132.82125
2023-12-06,129.71666666666667,131.04791666666668
2023-12-07,116.09750000000001,122.82791666666667
2023-12-08,104.00916666666666,119.33708333333334
2023-12-09,75.86,118.50791666666667
2023-12-10,55.90375,102.53125
2023-12-11,81.28666666666668,120.15375
2023-12-12,105.53333333333335,119.40333333333332
2023-12-13,93.12333333333333,110.54333333333334
2023-12-14,107.49000000000001,119.17750000000001
2023-12-15,92.44666666666666,106.39833333333333
2023-12-16,69.78416666666666,90.6875
2023-12-17,51.03208333333333,105.61583333333334
2023-12-18,77.74041666666666,110.62291666666665
2023-12-19,76.72958333333334,109.75416666666666
2023-12-20,60.85125,119.57416666666667
2023-12-21,24.02416666666667,103.96375
2023-12-22,22.657083333333333,101.26916666666666
2023-12-23,30.741666666666664,102.90291666666667
2023-12-24,-3.5366666666666666,116.76833333333333
2023-12-25,0.5729166666666666,116.06124999999999
2023-12-26,18.345000000000002,117.41708333333334
2023-12-27,59.07458333333333,133.45666666666668
2023-12-28,16.670833333333334,104.68458333333332
2023-12-29,6.605,118.71
2023-12-30,35.3325,111.20041666666667
2023-12-31,8.384583333333333,112.05208333333333
2024-01-01,17.452083333333334,105.64791666666667
2024-01-02,51.79541666666666,106.33958333333334
2024-01-03,47.60583333333333,90.86208333333333
2024-01-04,86.60916666666667,89.125
2024-01-05,91.21083333333333,104.17416666666666
2024-01-06,88.80083333333333,100.70833333333333
2024-01-07,86.44916666666667,96.72666666666667
2024-01-08,102.27708333333334,108.10916666666667
2024-01-09,109.44166666666666,108.36708333333333
2024-01-10,111.94166666666666,112.99958333333332
2024-01-11,109.61833333333334,108.67083333333333
2024-01-12,106.00125000000001,108.72791666666667
2024-01-13,73.48541666666667,101.10666666666667
2024-01-14,76.31583333333333,103.45791666666668
2024-01-15,87.06124999999999,100.76541666666667
2024-01-16,100.72791666666666,100.63125000000001
2024-01-17,100.01166666666667,98.43833333333333
2024-01-18,92.28833333333334,91.91458333333333
2024-01-19,78.31875000000001,93.02625
2024-01-20,73.69666666666667,89.19083333333333
2024-01-21,49.001666666666665,81.48333333333333
2024-01-22,48.98583333333334,101.76208333333334
2024-01-23,51.73541666666667,90.8
2024-01-24,34.843333333333334,96.5425
2024-01-25,78.78541666666666,95.90041666666667
2024-01-26,58.92124999999999,101.71333333333332
2024-01-27,68.81833333333334,91.12958333333334
2024-01-28,58.57833333333334,76.59458333333333
2024-01-29,81.94833333333334,95.495
2024-01-30,77.95833333333333,99.375
2024-01-31,74.97666666666667,100.02833333333332
2024-02-01,72.75291666666666,100.0225
2024-02-02,60.01416666666666,101.01916666666666
2024-02-03,36.41041666666667,89.20333333333333
2024-02-04,13.306666666666667,81.59791666666666
2024-02-05,37.30083333333334,93.8525
2024-02-06,45.54833333333334,94.51541666666667
2024-02-07,80.515,103.85583333333334
2024-02-08,88.14291666666666,92.89708333333334
2024-02-09,70.62916666666666,89.99958333333332
2024-02-10,71.81,81.58541666666666
2024-02-11,62.331250000000004,69.33083333333333
2024-02-12,74.92833333333333,93.74416666666667
2024-02-13,71.89625,88.24166666666667
2024-02-14,68.20916666666666,78.89416666666666
2024-02-15,70.08666666666666,91.83583333333333
2024-02-16,61.291666666666664,90.26291666666667
2024-02-17,66.865,87.23625
2024-02-18,52.418749999999996,83.54458333333334
2024-02-19,65.87458333333333,90.33875
2024-02-20,62.91458333333333,84.33291666666666
2024-02-21,56.72458333333333,84.02958333333333
2024-02-22,50.03333333333333,85.68666666666667
2024-02-23,46.122083333333336,74.23166666666667
2024-02-24,56.785833333333336,74.28125
2024-02-25,61.14625,71.67708333333333
2024-02-26,66.25958333333334,79.78083333333333
2024-02-27,73.95041666666667,80.04166666666667
2024-02-28,71.6025,79.21708333333333
2024-02-29,63.4925,85.74208333333333
2024-03-01,70.92625,94.61333333333333
2024-03-02,63.99166666666667,84.22166666666666
2024-03-03,61.08166666666667,73.88333333333334
2024-03-04,75.58916666666667,89.36125
2024-03-05,74.97791666666667,88.73666666666666
2024-03-06,82.93208333333332,87.12291666666665
2024-03-07,76.12083333333334,95.90125
2024-03-08,61.83375,99.34791666666666
2024-03-09,45.28125,91.08041666666666
2024-03-10,34.00833333333333,72.09208333333333
2024-03-11,72.51791666666666,93.03375
2024-03-12,86.25166666666667,87.67958333333333
2024-03-13,72.42958333333333,91.68
2024-03-14,66.44083333333333,95.39125
2024-03-15,55.72208333333333,89.78875
2024-03-16,51.23083333333333,82.58208333333333
2024-03-17,61.778333333333336,77.34791666666666
2024-03-18,81.57875,93.16125
2024-03-19,81.735,93.68
2024-03-20,91.35000000000001,100.7325
2024-03-21,80.56333333333333,95.59666666666668
2024-03-22,69.43375,94.87791666666668
2024-03-23,35.675000000000004,80.76041666666667
2024-03-24,27.14125,51.61375
2024-03-25,85.28166666666667,98.54833333333333
2024-03-26,65.24666666666667,98.20541666666666
2024-03-27,77.16083333333334,84.51875
2024-03-28,48.91208333333333,68.12916666666666
2024-03-29,39.791666666666664,92.85583333333334
2024-03-30,53.51583333333334,71.02875
2024-03-31,54.102916666666665,79.375
2024-04-01,32.147083333333335,62.887499999999996
2024-04-02,39.0475,74.93791666666667
2024-04-03,85.73333333333333,90.87708333333335
2024-04-04,65.16250000000001,77.04541666666667
2024-04-05,45.184583333333336,79.7825
2024-04-06,26.53125,72.98958333333333
2024-04-07,26.196250000000003,59.46583333333333
2024-04-08,85.12958333333333,78.66875
2024-04-09,53.04416666666666,78.77958333333333
2024-04-10,74.53958333333334,80.85541666666667
2024-04-11,59.12166666666667,78.18458333333334
2024-04-12,59.36083333333334,76.60041666666667
2024-04-13,9.318333333333333,69.10791666666667
2024-04-14,23.496666666666666,74.20666666666666
2024-04-15,63.4775,91.21375
2024-04-16,63.15875,78.895
2024-04-17,102.49083333333334,97.83666666666666
2024-04-18,94.105,109.03750000000001
2024-04-19,57.99166666666667,91.09708333333333
2024-04-20,59.665,89.10166666666667
2024-04-21,55.34166666666667,80.20958333333333
2024-04-22,99.27958333333333,111.90791666666667
2024-04-23,97.12333333333333,103.67541666666666
2024-04-24,94.45958333333333,101.47833333333334
2024-04-25,90.22583333333334,98.72958333333334
2024-04-26,87.49916666666667,119.3
2024-04-27,58.974583333333335,99.0575
2024-04-28,13.849166666666667,84.64166666666667
2024-04-29,81.52125,88.76541666666667
2024-04-30,68.60541666666667,85.0775
2024-05-01,0.3687500000000001,87.14791666666666
2024-05-02,40.4,77.63708333333334
2024-05-03,80.2075,59.94625
2024-05-04,75.01416666666667,78.40916666666666
2024-05-05,53.61666666666667,67.71833333333333
2024-05-06,93.11291666666666,104.93625000000002
2024-05-07,93.20041666666667,108.35374999999999
2024-05-08,92.27541666666667,99.75416666666666
2024-05-09,61.92041666666666,90.67666666666666
2024-05-10,76.56833333333334,82.36291666666666
2024-05-11,50.694583333333334,81.91708333333334
2024-05-12,-1.0216666666666665,76.96583333333334
2024-05-13,48.05166666666667,98.98291666666667
2024-05-14,26.47,102.64
2024-05-15,44.43208333333334,101.42625
2024-05-16,50.96791666666667,98.07833333333333
2024-05-17,68.94791666666667,95.05916666666667
2024-05-18,57.828333333333326,93.01208333333334
2024-05-19,52.25208333333333,88.28958333333333
2024-05-20,64.31791666666666,100.47166666666668
2024-05-21,78.92041666666667,80.00541666666666
2024-05-22,86.73166666666667,89.40249999999999
2024-05-23,95.51666666666667,102.01125
2024-05-24,101.75333333333333,108.51791666666666
2024-05-25,73.04583333333333,102.29541666666667
2024-05-26,55.752916666666664,75.45
2024-05-27,108.33458333333334,117.23291666666667
2024-05-28,88.31333333333333,121.17375
2024-05-29,81.96291666666666,116.3675
2024-05-30,96.62875000000001,113.90666666666668
2024-05-31,89.23708333333333,93.97208333333333
2024-06-01,54.338750000000005,92.60000000000001
2024-06-02,28.07166666666667,93.78791666666666
2024-06-03,118.14208333333333,112.11041666666667
2024-06-04,102.81208333333335,117.91125
2024-06-05,85.15666666666667,112.98625
2024-06-06,86.94958333333334,105.78041666666667
2024-06-07,82.78166666666667,109.94541666666667
2024-06-08,43.86333333333334,114.00166666666667
2024-06-09,27.575416666666666,91.97958333333334
2024-06-10,91.45791666666666,91.30541666666666
2024-06-11,64.01416666666667,105.70583333333333
2024-06-12,91.94375000000001,110.98125
2024-06-13,93.20958333333334,106.72541666666666
2024-06-14,76.19250000000001,108.52375
2024-06-15,4.875,103.00291666666668
2024-06-16,25.907916666666665,82.50958333333334
2024-06-17,96.165,118.95375
2024-06-18,96.37208333333332,109.31208333333335
2024-06-19,83.19416666666667,112.3275
2024-06-20,94.92666666666666,117.00999999999999
2024-06-21,95.41916666666667,118.41041666666666
2024-06-22,53.03125,98.86291666666666
2024-06-23,51.24041666666667,105.30208333333333
2024-06-24,91.05333333333334,110.38833333333334
2024-06-25,76.99125,115.72958333333332
2024-06-26,102.00875,111.565
2024-06-27,92.18083333333334,109.125
2024-06-28,64.21875,110.32166666666666
2024-06-29,66.86333333333333,98.80166666666666
2024-06-30,45.749583333333334,78.55125
2024-07-01,91.15416666666665,118.87541666666665
2024-07-02,84.50875,105.37166666666667
2024-07-03,86.90125,109.58833333333332
2024-07-04,25.405416666666667,110.55541666666666
2024-07-05,41.5025,107.85083333333334
2024-07-06,0.6929166666666666,104.77083333333333
2024-07-07,28.24625,109.84208333333333
2024-07-08,90.22375,113.76458333333333
2024-07-09,73.87666666666667,115.56041666666665
2024-07-10,81.76458333333333,117.94333333333333
2024-07-11,91.84541666666667,122.3825
2024-07-12,86.90583333333332,124.20708333333333
2024-07-13,30.81375,124.02625
2024-07-14,24.110416666666666,123.26208333333334
2024-07-15,77.45333333333333,128.63875
2024-07-16,51.135416666666664,127.91208333333333
2024-07-17,76.78833333333334,135.43166666666667
2024-07-18,90.75416666666666,130.31833333333333
2024-07-19,86.46708333333333,128.18375
2024-07-20,59.31833333333333,116.03625
2024-07-21,58.4475,105.79875
2024-07-22,88.74541666666666,120.51375
2024-07-23,79.61916666666667,115.03666666666668
2024-07-24,66.60708333333334,112.43083333333334
2024-07-25,78.33875,123.38333333333333
2024-07-26,93.03500000000001,124.67916666666667
2024-07-27,80.73791666666666,111.36666666666667
2024-07-28,43.959583333333335,113.56708333333334
2024-07-29,71.54333333333334,124.88
2024-07-30,78.59041666666667,108.72458333333333
2024-07-31,79.5175,125.83083333333333
2024-08-01,94.62666666666667,129.005
2024-08-02,94.59083333333332,125.15125
2024-08-03,75.69583333333334,126.38375
2024-08-04,61.12708333333333,133.47375
2024-08-05,100.28375,134.16333333333333
2024-08-06,85.97874999999999,139.29583333333332
2024-08-07,93.32041666666667,138.09625
2024-08-08,93.28541666666666,143.07125
2024-08-09,52.88333333333333,131.88583333333332
2024-08-10,51.249583333333334,129.76958333333332
2024-08-11,54.2475,129.9779166666667
2024-08-12,91.55624999999999,145.81916666666666
2024-08-13,99.36208333333333,141.68458333333334
2024-08-14,109.74041666666666,136.44375
2024-08-15,84.51875,132.05708333333334
2024-08-16,108.89791666666667,130.39875
2024-08-17,93.57958333333333,124.22958333333334
2024-08-18,86.68958333333335,120.34875
2024-08-19,108.01541666666667,120.88625
2024-08-20,91.53750000000001,121.08
2024-08-21,51.899166666666666,126.63958333333333
2024-08-22,60.78333333333333,120.73583333333333
2024-08-23,43.9775,132.96166666666667
2024-08-24,40.8975,122.065
2024-08-25,29.2825,125.65708333333333
2024-08-26,99.99874999999999,134.09125
2024-08-27,90.62541666666665,141.71083333333334
2024-08-28,96.16125,143.09666666666666
2024-08-29,113.85541666666667,140.815
2024-08-30,106.75958333333334,135.61833333333334
2024-08-31,77.65583333333333,125.67958333333333
2024-09-01,61.909166666666664,120.08916666666666
2024-09-02,115.3525,173.20458333333332
2024-09-03,159.07916666666668,159.31291666666667
2024-09-04,125.28166666666665,157.64291666666665
2024-09-05,61.502916666666664,138.75875
2024-09-06,79.19291666666668,136.31166666666667
2024-09-07,78.625,123.37625000000001
2024-09-08,68.65625,115.88666666666667
2024-09-09,97.85416666666667,120.91666666666667
2024-09-10,57.07125,107.95541666666666
2024-09-11,84.86666666666666,125.61375
2024-09-12,113.06041666666665,111.78958333333333
2024-09-13,87.235,94.98958333333333
2024-09-14,55.60708333333333,101.85125
2024-09-15,63.49916666666667,95.34875
2024-09-16,96.91958333333334,121.83583333333333
2024-09-17,88.82166666666666,116.86416666666666
2024-09-18,77.47,114.91333333333334
2024-09-19,77.56541666666666,110.88041666666668
2024-09-20,74.48916666666666,131.945
2024-09-21,70.61541666666666,116.74374999999999
2024-09-22,75.64416666666666,111.57791666666667
2024-09-23,121.18875000000001,141.06708333333333
2024-09-24,88.56208333333335,107.06916666666666
2024-09-25,76.44,113.495
2024-09-26,49.802083333333336,106.31124999999999
2024-09-27,14.958333333333334,110.08458333333334
2024-09-28,33.29416666666667,107.38416666666666
2024-09-29,55.19166666666666,75.38083333333333
2024-09-30,32.19083333333334,111.9225
2024-10-01,74.62833333333333,126.05333333333334
2024-10-02,94.48166666666667,128.16
2024-10-03,73.20708333333333,114.74291666666666
2024-10-04,97.43458333333332,113.69458333333334
2024-10-05,83.98666666666666,118.41250000000001
2024-10-06,52.3525,121.13416666666666
2024-10-07,86.61500000000001,124.54916666666666
2024-10-08,90.58875,111.46291666666667
2024-10-09,82.49041666666666,102.9925
2024-10-10,61.611250000000005,103.23791666666666
2024-10-11,95.88291666666667,108.04458333333334
2024-10-12,49.30916666666667,118.235
2024-10-13,11.121249999999998,97.14458333333333
2024-10-14,109.97666666666667,122.0475
2024-10-15,89.09833333333334,115.93624999999999
2024-10-16,34.78625,126.13875
2024-10-17,77.05583333333333,121.96708333333333
2024-10-18,102.60625,114.7325
2024-10-19,83.03208333333333,108.50708333333334
2024-10-20,30.902916666666666,117.14999999999999
2024-10-21,90.59375,127.91041666666666
2024-10-22,102.30458333333333,130.035
2024-10-23,112.41791666666666,128.49875
2024-10-24,101.27916666666665,129.48458333333335
2024-10-25,115.23083333333334,128.45041666666665
2024-10-26,99.68916666666667,114.27041666666666
2024-10-27,90.73875,115.15666666666665
2024-10-28,111.58625,122.96833333333332
2024-10-29,141.15166666666667,130.61875
2024-10-30,124.87583333333333,131.67083333333332
2024-10-31,104.04708333333333,117.88875
2024-11-01,76.41041666666666,129.83666666666667
2024-11-02,106.98541666666667,122.04583333333333
2024-11-03,93.05291666666666,109.86791666666666
2024-11-04,126.27374999999999,128.63625
2024-11-05,164.9775,125.29583333333333
2024-11-06,231.2225,126.53125
2024-11-07,159.20666666666668,126.71083333333333
2024-11-08,113.61958333333332,120.29041666666666
2024-11-09,114.46958333333333,119.86083333333333
2024-11-10,114.36333333333333,119.42583333333333
2024-11-11,121.79291666666667,127.41291666666666
2024-11-12,166.40791666666667,132.54791666666668
2024-11-13,149.44875,134.17791666666668
2024-11-14,122.38083333333333,133.59625
2024-11-15,123.815,133.98333333333332
2024-11-16,93.44708333333334,137.26
2024-11-17,62.870000000000005,123.98708333333333
2024-11-18,106.32541666666667,137.555
2024-11-19,123.70416666666667,137.29083333333332
2024-11-20,114.77333333333333,128.73499999999999
2024-11-21,124.24125,134.54916666666665
2024-11-22,109.79916666666666,131.85458333333335
2024-11-23,72.73,139.46375
2024-11-24,3.873333333333333,132.77291666666667
2024-11-25,58.797083333333326,143.17541666666668
2024-11-26,113.38333333333333,146.88708333333332
2024-11-27,117.67166666666667,149.65541666666667
2024-11-28,98.61874999999999,142.24625
2024-11-29,129.77,136.31083333333333
2024-11-30,104.27499999999999,121.87541666666665
2024-12-01,93.55583333333334,114.45041666666667
2024-12-02,110.64625000000001,139.12916666666666
2024-12-03,144.49958333333333,160.34833333333333
2024-12-04,182.21,159.92708333333334
2024-12-05,101.86208333333333,146.07541666666665
2024-12-06,89.54166666666667,142.56416666666667
2024-12-07,71.81083333333333,143.43375
2024-12-08,98.12875000000001,126.27041666666666
2024-12-09,100.48666666666666,131.39958333333334
2024-12-10,150.89083333333335,147.4825
2024-12-11,266.8066666666667,163.76333333333335
2024-12-12,395.665,153.70666666666668
2024-12-13,177.91916666666668,138.0225
2024-12-14,99.42,124.88666666666667
2024-12-15,43.78625,119.2
2024-12-16,50.2275,135.65458333333333
2024-12-17,87.62291666666665,135.32
2024-12-18,52.559583333333336,129.04999999999998
2024-12-19,53.55041666666667,119.14291666666666
2024-12-20,75.54125,108.72500000000001
2024-12-21,20.979583333333334,100.05041666666666
2024-12-22,24.150833333333335,107.91125
2024-12-23,61.467083333333335,94.01375
2024-12-24,102.70875000000001,124.04125
2024-12-25,99.075,99.96833333333332
2024-12-26,113.08458333333334,118.99708333333332
2024-12-27,122.52333333333333,132.84
2024-12-28,122.67958333333333,128.92666666666668
2024-12-29,102.96125,143.41666666666666
2024-12-30,77.27083333333333,148.1825
2024-12-31,60.088750000000005,139.70869565217393
2025-01-01,0.9708333333333333,
2025-01-02,96.95166666666667,
2025-01-03,89.56041666666665,
2025-01-04,121.76875,
2025-01-05,68.64083333333333,
2025-01-06,24.811666666666667,
2025-01-07,60.456250000000004,
2025-01-08,105.79375,
2025-01-09,120.83749999999999,
2025-01-10,113.33791666666667,
2025-01-11,100.92958333333333,
2025-01-12,111.26583333333333,
2025-01-13,128.95125,
2025-01-14,126.89666666666666,
2025-01-15,222.9333333333333,
2025-01-16,147.79375000000002,
2025-01-17,146.58583333333334,
2025-01-18,134.33416666666668,
2025-01-19,128.41333333333333,
2025-01-20,231.57666666666668,
2025-01-21,168.47625,
2025-01-22,160.85291666666666,
2025-01-23,102.07458333333334,
2025-01-24,78.48333333333333,
2025-01-25,102.12416666666667,
2025-01-26,97.87458333333332,
2025-01-27,61.70583333333334,
2025-01-28,106.82416666666667,
2025-01-29,108.33041666666666,
2025-01-30,132.68125,
2025-01-31,141.72291666666666,
2025-02-01,135.29333333333332,
2025-02-02,136.97291666666666,
2025-02-03,154.62708333333333,
2025-02-04,141.62208333333334,
2025-02-05,142.61625,
2025-02-06,149.77124999999998,
2025-02-07,119.31375000000001,
2025-02-08,111.045,
2025-02-09,127.73541666666667,
2025-02-10,120.12166666666667,
2025-02-11,122.16624999999999,
2025-02-12,154.79125,
2025-02-13,172.07666666666668,
2025-02-14,178.98083333333332,
2025-02-15,133.60833333333332,
2025-02-16,132.39791666666667,
2025-02-17,153.61916666666667,
2025-02-18,131.27083333333334,
2025-02-19,110.06416666666667,
2025-02-20,94.505,
2025-02-21,89.77666666666666,
2025-02-22,71.99374999999999,
2025-02-23,90.19749999999999,
2025-02-24,91.8725,
2025-02-25,141.10583333333332,
2025-02-26,134.79875,
2025-02-27,126.61500000000001,
2025-02-28,129.30291666666668,
2025-03-01,123.46999999999998,
2025-03-02,90.45458333333333,
2025-03-03,106.99041666666666,
2025-03-04,106.47666666666667,
2025-03-05,78.2975,
2025-03-06,90.08458333333334,
2025-03-07,105.43874999999998,
2025-03-08,89.445,
2025-03-09,77.2775,
2025-03-10,113.1725,
2025-03-11,125.18666666666667,
2025-03-12,125.15375,
2025-03-13,125.16458333333333,
2025-03-14,121.36208333333333,
2025-03-15,91.99666666666667,
2025-03-16,71.53583333333333,
2025-03-17,99.69833333333334,
2025-03-18,90.77333333333333,
2025-03-19,104.79916666666666,
2025-03-20,108.62833333333333,
2025-03-21,69.43458333333334,
2025-03-22,14.409583333333332,
2025-03-23,58.99583333333334,
2025-03-24,129.53416666666666,
2025-03-25,111.73625,
2025-03-26,114.69666666666666,
2025-03-27,98.34666666666668,
2025-03-28,89.32666666666667,
2025-03-29,81.70833333333333,
2025-03-30,14.634166666666665,
2025-03-31,107.22583333333334,
2025-04-01,91.65291666666667,
2025-04-02,61.57416666666666,
2025-04-03,80.72333333333333,
2025-04-04,89.93416666666667,
2025-04-05,51.46958333333333,
2025-04-06,39.962916666666665,
2025-04-07,96.59291666666667,
2025-04-08,99.50541666666668,
2025-04-09,90.78875,
2025-04-10,83.17375,
2025-04-11,68.22208333333333,
2025-04-12,61.56125,
2025-04-13,41.297916666666666,
2025-04-14,97.15208333333334,
2025-04-15,71.03833333333334,
2025-04-16,89.69916666666666,
2025-04-17,98.45833333333333,
2025-04-18,87.77416666666666,
2025-04-19,70.00208333333333,
2025-04-20,65.71666666666667,
2025-04-21,81.11,
2025-04-22,113.52166666666666,
2025-04-23,108.49041666666666,
2025-04-24,96.44125000000001,
2025-04-25,89.28583333333334,
2025-04-26,54.82708333333333,
2025-04-27,33.439166666666665,
2025-04-28,75.69791666666667,
2025-04-29,73.51541666666667,
2025-04-30,75.13708333333334,
2025-05-01,44.03916666666667,
2025-05-02,63.79583333333333,
2025-05-03,51.49666666666667,
2025-05-04,35.229166666666664,
2025-05-05,88.37083333333334,
2025-05-06,91.41375,
2025-05-07,99.255,
2025-05-08,103.64791666666667,
2025-05-09,81.50166666666667,
2025-05-10,51.66583333333333,
2025-05-11,18.339166666666667,
2025-05-12,70.0775,
2025-05-13,80.40666666666667,
2025-05-14,68.55916666666667,
2025-05-15,66.02958333333333,
2025-05-16,73.54958333333333,
2025-05-17,60.412083333333335,
2025-05-18,63.13583333333333,
2025-05-19,95.86375,
2025-05-20,90.69666666666667,
2025-05-21,70.37083333333334,
2025-05-22,61.52583333333333,
2025-05-23,82.54958333333333,
2025-05-24,51.973749999999995,
2025-05-25,28.735416666666666,
2025-05-26,72.71291666666666,
2025-05-27,61.13916666666666,
2025-05-28,86.20958333333334,
2025-05-29,51.17291666666667,
2025-05-30,53.8475,
2025-05-31,69.29333333333334,
2025-06-01,38.71583333333333,
2025-06-02,89.71833333333332,
2025-06-03,68.38666666666667,
2025-06-04,85.11999999999999,
2025-06-05,78.15958333333333,
2025-06-06,49.82916666666667,
2025-06-07,59.95416666666667,
2025-06-08,15.641666666666666,
2025-06-09,39.80166666666667,
2025-06-10,53.275416666666665,
2025-06-11,73.11375,
2025-06-12,56.98583333333334,
2025-06-13,52.912083333333335,
2025-06-14,45.859166666666674,
2025-06-15,62.53458333333333,
2025-06-16,81.3,
2025-06-17,85.37666666666667,
2025-06-18,79.77458333333333,
2025-06-19,55.833333333333336,
2025-06-20,87.67583333333333,
2025-06-21,71.78833333333334,
2025-06-22,38.335,
2025-06-23,39.14458333333334,
2025-06-24,47.32791666666666,
2025-06-25,83.52791666666667,
2025-06-26,88.6875,
2025-06-27,82.06125,
2025-06-28,52.522083333333335,
2025-06-29,54.25541666666667,
2025-06-30,103.2075,
2025-07-01,139.00708333333333,
2025-07-02,101.49541666666666,
2025-07-03,88.625,
2025-07-04,78.895,
2025-07-05,53.25125,
2025-07-06,75.22416666666666,
2025-07-07,98.74291666666666,
2025-07-08,89.48208333333334,
2025-07-09,92.325,
2025-07-10,90.73333333333333,
2025-07-11,88.40291666666667,
2025-07-12,72.57666666666667,
2025-07-13,73.22166666666666,
2025-07-14,98.10208333333333,
2025-07-15,90.09375,
2025-07-16,96.18666666666667,
2025-07-17,92.77291666666667,
2025-07-18,101.22541666666666,
2025-07-19,68.77875,
2025-07-20,70.92166666666667,
2025-07-21,100.77916666666665,
2025-07-22,77.84458333333333,
2025-07-23,79.28333333333333,
2025-07-24,103.50833333333333,
2025-07-25,97.11666666666667,
2025-07-26,91.01916666666666,
2025-07-27,78.7925,
2025-07-28,93.36083333333333,
2025-07-29,77.54375,
2025-07-30,75.33749999999999,
2025-07-31,86.88916666666667,
2025-08-01,93.22958333333334,
2025-08-02,65.38958333333333,
2025-08-03,41.76958333333334,
2025-08-04,58.69625,
2025-08-05,40.139583333333334,
2025-08-06,64.42791666666666,
2025-08-07,71.32416666666667,
2025-08-08,76.95208333333333,
2025-08-09,59.99,
2025-08-10,47.79333333333333,
2025-08-11,84.09833333333333,
2025-08-12,85.08,
2025-08-13,100.01458333333333,
2025-08-14,105.41416666666667,
2025-08-15,73.13375,
2025-08-16,60.49916666666667,
2025-08-17,64.15375,
2025-08-18,92.2275,
2025-08-19,82.18083333333334,
2025-08-20,90.83916666666666,
2025-08-21,92.03541666666666,
2025-08-22,74.24374999999999,
2025-08-23,68.33291666666666,
2025-08-24,62.49916666666667,
2025-08-25,90.08749999999999,
2025-08-26,98.96958333333333,
2025-08-27,104.72291666666666,
2025-08-28,115.02666666666666,
2025-08-29,94.57208333333334,
2025-08-30,69.72375,
2025-08-31,57.53333333333333,
2025-09-01,102.27833333333332,
2025-09-02,122.2075,
2025-09-03,59.479166666666664,
2025-09-04,93.52833333333332,
2025-09-05,100.77,
2025-09-06,74.31833333333333,
2025-09-07,41.740833333333335,
2025-09-08,126.12791666666668,
2025-09-09,141.92125000000001,
2025-09-10,124.24291666666666,
2025-09-11,67.71583333333334,
2025-09-12,57.98791666666667,
2025-09-13,61.14875,
2025-09-14,65.91541666666667,
2025-09-15,7.832083333333333,
2025-09-16,25.12125,
2025-09-17,73.97166666666666,
2025-09-18,67.61125,
2025-09-19,97.25583333333333,
2025-09-20,52.31583333333333,
2025-09-21,38.8075,
2025-09-22,97.81666666666666,
2025-09-23,102.52041666666668,
2025-09-24,78.2725,
2025-09-25,82.24916666666667,
2025-09-26,95.57625,
2025-09-27,93.825,
2025-09-28,86.63458333333334,
2025-09-29,131.39124999999999,
2025-09-30,125.99533333333333,101.93375
2025-10-01,116.61145833333335,117.44791666666667
2025-10-02,102.04031249999998,81.23916666666666
2025-10-03,59.99645833333333,74.26354166666667
2025-10-04,-0.4105208333333333,98.841875
2025-10-05,3.1057291666666664,76.49802083333334
2025-10-06,92.9853125,73.62375
2025-10-07,137.4415625,86.08989583333333
2025-10-08,117.90489583333334,91.43010416666668
2025-10-09,104.20927083333333,130.77697916666668
2025-10-10,96.77677083333333,126.859375
2025-10-11,90.96385416666668,103.16531250000001
2025-10-12,88.99510416666668,117.54468750000001
2025-10-13,140.2371875,129.59291666666667
2025-10-14,156.7671875,122.54229166666666
2025-10-15,143.50145833333332,117.71104166666667
2025-10-16,100.10479166666666,121.62604166666667
2025-10-17,104.73958333333333,116.85614583333334
2025-10-18,95.5503125,120.12010416666665
2025-10-19,73.44166666666666,113.56364583333334
2025-10-20,81.06760416666667,124.76979166666666
2025-10-21,70.72520833333333,120.929375
2025-10-22,126.10281250000001,120.70395833333333
2025-10-23,74.94114583333334,88.216875
2025-10-24,31.516041666666666,68.07395833333334
2025-10-25,11.404583333333333,83.72541666666667
2025-10-26,6.456458333333334,68.42333333333333
2025-10-27,70.18354166666667,106.3246875
2025-10-28,67.286875,111.61697916666667
2025-10-29,88.40395833333334,113.91760416666666
2025-10-30,69.93145833333334,117.00854166666666
2025-10-31,91.86677083333335,124.95260416666667
2025-11-01,48.03010416666667,106.29822916666666
2025-11-02,86.66864583333334,103.89302083333332
2025-11-03,75.54833333333333,110.49989583333333
2025-11-04,76.08677083333333,103.91802083333333
2025-11-05,94.09604166666666,113.05447916666667
2025-11-06,106.07739583333334,115.2296875
2025-11-07,111.06927083333333,115.88760416666666
2025-11-08,106.45708333333333,109.88635416666666
2025-11-09,98.6978125,107.14291666666666
2025-11-10,109.64718749999999,113.39260416666667
2025-11-11,96.54510416666666,113.64385416666666
2025-11-12,78.57125,114.68624999999999
2025-11-13,72.57645833333333,120.87447916666667
2025-11-14,105.85541666666667,111.43114583333333
2025-11-15,91.38697916666666,107.880625
2025-11-16,101.20885416666665,110.58729166666666
2025-11-17,94.57260416666666,101.79062499999999
2025-11-18,102.06906249999999,115.57833333333333
2025-11-19,102.66979166666665,120.24666666666667
2025-11-20,126.44156249999999,120.13906250000001
2025-11-21,146.51114583333333,124.2575
2025-11-22,90.38416666666666,115.99395833333334
2025-11-23,71.04843749999999,109.2059375
2025-11-24,133.54708333333335,115.35031249999999
2025-11-25,220.18177083333333,107.97166666666668
2025-11-26,161.3965625,134.56177083333333
2025-11-27,89.965625,118.97531249999999
2025-11-28,85.91864583333334,114.1771875
2025-11-29,89.95333333333333,113.97833333333334
2025-11-30,84.649375,109.69885416666666
2025-12-01,92.50562500000001,133.04760416666667
2025-12-02,101.4140625,131.11260416666667
2025-12-03,165.0796875,143.21
2025-12-04,124.79270833333334,117.0321875
2025-12-05,132.71708333333333,128.335
2025-12-06,78.99927083333334,107.61864583333333
2025-12-07,78.39010416666666,102.83364583333334
2025-12-08,72.90302083333333,105.52520833333334
2025-12-09,90.33260416666667,115.9896875
2025-12-10,79.7565625,119.32864583333333
2025-12-11,94.8640625,115.20989583333333
2025-12-12,113.79770833333333,114.86510416666665
2025-12-13,95.87333333333333,108.49593750000001
2025-12-14,85.42927083333335,108.0321875
2025-12-15,87.743125,116.98125
2025-12-16,107.09166666666665,116.9821875
2025-12-17,105.92802083333333,119.95260416666667
2025-12-18,71.39322916666667,121.09708333333333
2025-12-19,73.19427083333333,119.77
2025-12-20,103.510625,114.354375
2025-12-21,90.50770833333333,107.56229166666667
2025-12-22,85.6378125,113.62510416666667
2025-12-23,74.2315625,112.22020833333333
2025-12-24,69.50822916666667,108.2596875
2025-12-25,71.16302083333333,107.01572916666667
2025-12-26,97.51770833333335,107.11322916666667
2025-12-27,90.929375,103.30572916666667
2025-12-28,92.99781250000001,103.99572916666666
2025-12-29,93.84760416666667,113.72885416666666
2025-12-30,88.18583333333333,109.04520833333333
2025-12-31,86.07187499999999,110.05833333333334
2026-01-01,7.7292708333333335,106.13927083333334
2026-01-02,57.62729166666667,101.22229166666666
2026-01-03,89.03229166666667,103.19291666666668
2026-01-04,94.58708333333334,107.00885416666667
2026-01-05,134.92166666666665,122.59197916666666
2026-01-06,126.9784375,114.74593750000001
2026-01-07,98.98385416666667,119.06
2026-01-08,153.90770833333332,107.541875
2026-01-09,78.443125,117.74135416666667
2026-01-10,98.56135416666666,96.13364583333333
2026-01-11,95.1240625,97.11072916666667
2026-01-12,104.47635416666667,132.859375
2026-01-13,105.76083333333334,128.96458333333334
2026-01-14,118.76614583333333,139.4271875
2026-01-15,100.64958333333334,146.40260416666666
2026-01-16,110.71208333333334,138.88947916666666
2026-01-17,112.51010416666666,126.01156250000001
2026-01-18,108.9740625,130.9034375
2026-01-19,140.574375,133.74281249999999
2026-01-20,155.60468749999998,129.11916666666667
2026-01-21,116.63479166666667,148.11427083333334
2026-01-22,105.4928125,158.79927083333334
2026-01-23,110.3728125,156.77729166666668
2026-01-24,112.02395833333333,134.34385416666666
2026-01-25,112.03177083333333,127.56177083333334
2026-01-26,141.928125,143.85916666666665
2026-01-27,130.05229166666666,144.87895833333332
2026-01-28,136.789375,135.40708333333333
2026-01-29,132.67375,137.33833333333334
2026-01-30,113.10000000000001,135.55927083333333
2026-01-31,109.35333333333334,131.70552083333334
2026-02-01,108.73260416666666,114.54041666666666
2026-02-02,107.41520833333334,139.90020833333332
2026-02-03,98.61291666666666,126.66229166666666
2026-02-04,102.75854166666666,127.48885416666667
2026-02-05,110.91729166666666,125.61208333333333
2026-02-06,121.97427083333334,92.31322916666666
2026-02-07,107.538125,106.60729166666665
2026-02-08,103.83197916666667,114.74000000000001
2026-02-09,139.60791666666668,134.90677083333335
2026-02-10,116.51760416666667,124.3965625
2026-02-11,112.17822916666667,116.86333333333333
2026-02-12,104.36375,110.1721875
2026-02-13,107.38802083333333,97.97781250000001
2026-02-14,103.73854166666666,108.58072916666667
2026-02-15,82.87072916666666,92.37124999999999
2026-02-16,95.59750000000001,110.31666666666666
2026-02-17,97.93864583333334,76.06875000000001
2026-02-18,113.659375,111.19447916666667
2026-02-19,93.03427083333334,87.71708333333333
2026-02-20,85.59802083333334,106.49791666666665
2026-02-21,62.69104166666667,93.02197916666667
2026-02-22,53.38999999999999,81.08645833333334
2026-02-23,69.60083333333334,102.08239583333334
2026-02-24,115.20135416666666,109.42375
2026-02-25,93.00156249999999,107.4121875
2026-02-26,75.99885416666667,104.32583333333334
2026-02-27,65.95802083333334,107.23208333333334
2026-02-28,52.0053125,107.63156249999999
2026-03-01,53.662708333333335,105.08395833333333
2026-03-02,93.8621875,120.33999999999999
2026-03-03,108.18895833333333,126.29479166666665
2026-03-04,146.8778125,161.36604166666666
2026-03-05,110.34010416666666,150.72
2026-03-06,125.09218750000001,140.31614583333334
2026-03-07,110.19802083333333,142.49697916666665
2026-03-08,102.21729166666667,140.83739583333332
2026-03-09,136.80791666666667,156.72854166666667
2026-03-10,137.64645833333333,166.62083333333334
2026-03-11,79.92166666666667,146.5896875
2026-03-12,65.1334375,143.3128125
2026-03-13,52.88052083333333,145.84687499999998
2026-03-14,121.74374999999999,142.78739583333333
2026-03-15,95.999375,126.88020833333333
2026-03-16,76.8103125,144.14729166666666
2026-03-17,125.16270833333334,143.11604166666666
2026-03-18,89.715625,149.82645833333333
2026-03-19,115.22427083333334,139.12645833333332
2026-03-20,142.97583333333333,155.8084375
2026-03-21,112.5840625,148.61697916666665
2026-03-22,84.52145833333334,159.81239583333334
2026-03-23,142.32666666666668,164.40885416666666
2026-03-24,71.00552083333334,125.59666666666668
2026-03-25,41.761041666666664,130.46614583333334
2026-03-26,92.305,97.47052083333334
2026-03-27,117.515,118.19312500000001
2026-03-28,81.80864583333333,88.686875
2026-03-29,61.71489583333334,96.98593749999999
2026-03-30,66.79197916666666,151.84552083333332
2026-03-31,120.45604166666668,156.00364583333334
2026-04-01,143.01270833333334,156.45010416666668
2026-04-02,114.42739583333334,143.18052083333333
2026-04-03,74.76541666666667,118.7153125
2026-04-04,32.34041666666666,104.25156249999999
2026-04-05,-16.166666666666668,101.069375
2026-04-06,11.472083333333332,108.47385416666667
2026-04-07,89.95885416666665,126.88145833333334
2026-04-08,86.82854166666668,125.67291666666667
2026-04-09,79.76447916666667,118.26145833333334
2026-04-10,123.45885416666665,130.15145833333332
2026-04-11,42.1740625,122.0440625
2026-04-12,82.9490625,90.76666666666667
2026-04-13,127.44322916666665,115.3525
2026-04-14,138.43447916666668,150.38791666666665
2026-04-15,116.26187499999999,139.98833333333332
2026-04-16,111.91968750000001,129.79218749999998
2026-04-17,104.22531249999999,88.53833333333334
2026-04-18,84.56166666666667,81.5353125
2026-04-19,80.01822916666667,101.12708333333335
2026-04-20,97.30020833333333,93.4628125
2026-04-21,83.13635416666666,113.97239583333334
2026-04-22,78.10635416666666,119.73708333333333
2026-04-23,64.413125,83.8465625
2026-04-24,75.84239583333333,97.99666666666667
2026-04-25,14.7490625,103.62760416666667
2026-04-26,5.836979166666666,106.49791666666665
2026-04-27,97.8584375,123.399375
2026-04-28,69.61885416666667,127.42291666666667
2026-04-29,65.58677083333333,116.63052083333334
2026-04-30,72.47322916666667,101.4303125
2026-05-01,-1.6274999999999993,83.02052083333334
2026-05-02,59.52135416666667,100.29312499999999
2026-05-03,74.49447916666666,102.06052083333333
2026-05-04,132.38770833333334,133.67499999999998
2026-05-05,127.75979166666667,139.59114583333334
2026-05-06,122.75177083333334,144.78145833333335
2026-05-07,136.41791666666668,135.8578125
2026-05-08,113.81770833333333,131.64135416666667
2026-05-09,88.434375,109.731875
2026-05-10,76.15697916666666,114.8875
2026-05-11,117.72395833333333,83.5
2026-05-12,94.39729166666666,79.766875
2026-05-13,114.86697916666667,113.355
2026-05-14,95.56145833333333,91.76864583333334
2026-05-15,109.08135416666666,107.1084375
2026-05-16,78.0896875,91.27479166666666
2026-05-17,83.58020833333333,101.4246875
2026-05-18,140.17885416666667,139.305
2026-05-19,125.95895833333333,132.39072916666666
2026-05-20,109.57822916666667,102.43291666666666
2026-05-21,110.25489583333332,90.59416666666665
2026-05-22,105.74624999999999,89.88104166666666
2026-05-23,80.21635416666668,91.5778125
2026-05-24,65.87635416666667,92.78666666666668
2026-05-25,81.66145833333333,116.15489583333334
2026-05-26,97.8803125,125.81854166666666
2026-05-27,84.0525,134.40927083333335
2026-05-28,122.98052083333333,132.15562500000001
2026-05-29,102.28135416666667,134.4740625
2026-05-30,85.92989583333333,112.63499999999999
2026-05-31,90.05624999999999,108.43802083333333
2026-06-01,152.05322916666668,107.73052083333333
2026-06-02,120.12114583333333,121.71656250000001
2026-06-03,99.86489583333334,113.67770833333333
2026-06-04,61.276562500000004,137.12614583333334
2026-06-05,105.58270833333334,137.35895833333333
2026-06-06,85.28802083333333,134.6128125
2026-06-07,45.35104166666667,99.87229166666667
2026-06-08,123.27197916666667,146.131875
2026-06-09,96.48489583333333,148.2603125
2026-06-10,123.85916666666667,146.80083333333332
2026-06-11,109.75875,128.53270833333332
2026-06-12,95.05385416666667,88.60177083333333
2026-06-13,24.987916666666667,95.8196875
2026-06-14,28.332395833333333,89.38760416666666
2026-06-15,76.17322916666667,128.7503125
2026-06-16,114.5990625,134.31968750000001
2026-06-17,116.97739583333333,134.78010416666666
2026-06-18,140.67458333333335,139.0996875
2026-06-19,107.02833333333332,136.22333333333333
2026-06-20,88.09625,123.67041666666667
2026-06-21,82.25333333333333,96.66510416666667
2026-06-22,125.6146875,142.37072916666668
2026-06-23,177.25635416666668,148.57489583333333
2026-06-24,207.1315625,152.4846875
2026-06-25,131.49552083333333,145.23385416666665
2026-06-26,134.32770833333333,145.30979166666665
2026-06-27,99.67166666666667,128.0771875
2026-06-28,83.93208333333332,122.53864583333332
2026-06-29,143.20510416666667,155.5278125
2026-06-30,187.66458333333333,151.05083333333332
2026-07-01,150.94770833333334,147.58104166666666
2026-07-02,68.0878125,142.29729166666667
2026-07-03,62.3271875,139.26385416666668
2026-07-04,63.139375,102.095625
2026-07-05,63.766979166666665,100.01447916666666
2026-07-06,97.68302083333333,143.95302083333334
2026-07-07,72.59958333333334,141.92947916666665
2026-07-08,100.73947916666667,146.63916666666668
2026-07-09,125.1903125,153.68416666666667
2026-07-10,123.56833333333333,148.24604166666668
2026-07-11,93.55760416666668,143.72208333333333
2026-07-12,74.6025,129.7915625
2026-07-13,119.90739583333334,151.470625
2026-07-14,124.9865625,150.91739583333333
2026-07-15,137.5603125,168.91520833333334
2026-07-16,160.14479166666666,170.20989583333332
2026-07-17,139.35999999999999,168.64166666666668
2026-07-18,81.12229166666667,167.46583333333334
2026-07-19,71.64520833333334,150.03052083333333
2026-07-20,103.6790625,174.9390625
2026-07-21,113.05041666666666,178.26677083333334
2026-07-22,99.585625,171.08291666666665
2026-07-23,119.23947916666667,183.5675
2026-07-24,130.97458333333333,152.5746875
2026-07-25,89.89770833333334,156.6346875
2026-07-26,84.21989583333333,161.06187500000001
2026-07-27,83.4471875,185.1838541666667
2026-07-28,113.38454545454546,175.97204545454545
