Date,JKM(USD/mmbtu),HH(USD/mmbtu),TTF(USD/mmbtu),USD-EUR_FX,VIX,EU+UK Fossil gas,EU+UK Fossil oil,EU+UK Coal,EU+UK Hydro_gen,EU+UK Nuclear,EU+UK Others,EU+UK Residual load,EU+UK Production(bcm),EU+UK Electricity(bcm),EU+UK Total(bcm),EU+UK Non_power(bcm),EU+UK Stock_change(bcm),EU+UK Distribution_loss(bcm),EU+UK Total_adj(bcm),EU+UK Net_piped(bcm),EU+UK LNG_sendout(bcm),EU+UK Net_supply,EU+UK_av_storage(bcm),EU+UK Calc_storage_change,EU+UK Act_storage_change,EU+UK Diff_storage_changes,Norway_gas_prod,Norway_supply_red,Norway_planned_outage,Norway_unplanned_outage,Europe_HDD,Europe_CDD,EU_wind_speed,US_GWDD,NE_Asia_GWDD,EU_solar,Nordic_precip,Atlantic_ACE,Gulf_storm_days,EU_wind_speed_anomaly,US_GWDD_anomaly,NE_Asia_GWDD_anomaly,EU_solar_anomaly,Nordic_precip_anomaly,Atlantic_ACE_anomaly,Global LNG nameplate capacity,Global LNG capacity offline,CH+JP+KR LNG imports,EU+UK LNG imports,EG LNG imports,IN LNG imports,QA+AU+US LNG exports,ID+MY+BN LNG exports,NG LNG exports
2015-01-01,8.99428575379508,2.929350030422211,6.783317242202431,1.1659787622365083,19.119499969482423,27479.109879032258,1660.0664650537633,69024.84852150538,27745.912836021507,64247.46700268817,23143.105801018075,181589.98091397848,17.469,5.798,55.776,49.978,-15.741,0.364,56.173478737042636,19.102904761904764,3.5428571428571427,39.75076190476191,71.27325714285715,-16.422716832280727,-17.74260952380952,-1.3198926915287927,330.9,19.7,17.6,52.8,1202.4,0.0,11.328,32.466,14.727,5.108,154.67,0.0,0,1.123,3.065,-0.476,0.242,11.643,-0.609,298.27,26.7,19092.0,4007.0,0,1074.64,15242.0,5361.1799999999885,3138
2015-02-01,7.169999949137369,2.754947361193205,7.494766767740529,1.1355303823947906,15.904210492184289,29126.92001488095,1830.3737351190478,72160.86547619048,32331.976264880952,58051.90052083333,23706.8,188171.76443452385,15.724,6.593999999999999,51.439,44.845,-15.736,0.336,51.80648566077286,17.140142857142855,3.2,35.728142857142856,53.53064761904763,-16.07834280363,-18.242047619047625,-2.163704815417624,358.4,0.0,0.0,0.0,1151.5,0.0,9.151,36.406,13.769,8.066,100.39,0.0,0,-1.12,9.159,0.156,-0.034,-5.181,0.0,298.27,26.7,17395.4,3916.0,0,857.87,14207.0,5394.359999999989,2427
2015-03-01,7.4636110994550915,2.746909098191695,6.948688884228896,1.0845803510059009,14.812727277929133,24266.697782258063,1378.078561827957,65836.40981182795,30165.633467741936,52803.48655913978,23490.850268817205,170661.28072237477,13.854,5.542,45.44,39.897999999999996,-7.882,0.364,45.76103099009354,17.97890476190476,4.325757714285714,35.794662476190474,35.2886,-9.966368513903063,-8.436371428571434,1.5299970853316296,350.1,0.5,0.8,0.8,978.1,0.0,9.557,23.336,9.505,12.66,109.91,0.0,0,0.573,3.354,0.674,0.208,10.481,0.0,298.27,26.7,17576.8,4658.0,0,823.28,13808.0,5361.29999999999,2739
2015-04-01,7.193611145019531,2.5913333211626326,6.999473288396421,1.0796655904163013,13.494761875697543,20709.768819444445,1390.3240277777777,58162.682291666664,27053.969999999998,47907.31736111111,21868.152222222227,152638.7448611111,10.318,4.696,33.304,28.607999999999997,0.455,0.3,33.541125551437375,17.821047619047622,3.614704761904762,31.453752380952384,26.85222857142857,-2.087373170484991,1.6895619047619128,3.7769350752469038,260.8,89.8,265.2,56.3,681.9000000000001,0.0,7.277,12.618,4.929,18.805,84.62,0.0,0,-0.715,-0.231,0.499,0.965,4.342,-0.081,298.27,33.4,15026.2,4244.0,91,1139.72,14831.0,5384.76,2897
2015-05-01,7.350666681925456,2.8559500098228456,6.711971176676845,1.1165892566953386,13.3385000705719,18942.049196290114,1475.5378086453793,48408.64946082152,30613.47416264769,44736.94720027198,22203.04012290392,142421.16686827957,9.427,4.337,26.775,22.438,7.264,0.295,26.96150209089202,18.69247619047619,3.6944285714285714,31.518904761904757,28.54179047619048,4.557402671012738,10.91124761904761,6.353844948034872,280.1,70.5,225.4,27.0,354.8,0.3000000000000007,8.577,7.23,3.179,21.503,112.8,2.28,0,1.186,-0.736,-0.079,0.381,34.298,1.451,298.27,33.4,13575.6,4379.0,392,1076.89,14242.8666666666,4638.18,3028
2015-06-01,7.4319443172878685,2.769227266311645,6.734622497030962,1.121451047333804,14.33954551003196,21019.566062352245,1127.5624468085107,54509.0936997636,28743.86769355792,45845.06505614657,21582.428331855794,149031.541875,9.066,4.5440000000000005,23.817,19.273,8.363,0.297,23.984528971440245,17.45704761904762,3.245076190476191,29.471123809523814,39.45303809523809,5.486594838083569,10.18085714285715,4.694262304773581,275.5,75.1,238.5,30.3,135.90000000000003,32.400000000000006,7.46,8.435,5.377,22.794,104.28,1.315,2,0.523,-0.372,-0.506,-0.458,2.124,-1.635,300.27,33.4,14132.0,3500.0,375,1826.78,15160.7333333333,5159.82,2869
2015-07-01,7.645277712080214,2.808090914379467,6.7243990267299525,1.0998873192331065,14.35272723978216,25574.904032258062,1446.5889784946235,58287.170497311825,24223.248924731182,46446.98158602151,21985.401612903224,153232.6237903226,8.087,6.263999999999999,24.164,17.9,10.409,0.328,24.337466079958475,19.85447619047619,3.2641619047619046,30.877638095238094,49.63389523809524,6.540172015279619,12.646476190476186,6.106304175196566,310.7,39.8,117.2,25.4,53.4,202.0,7.811,11.528,7.869,23.309,139.59,1.13,0,0.717,-0.662,-0.991,0.094,4.692,-9.072,300.27,33.4,14759.4,3693.0,407,1593.93,15843.6,5126.7,3057
2015-08-01,7.905312478542328,2.7534762110028947,6.387315363312449,1.1136188052949452,19.42809536343529,22765.29805107527,1781.2387768817202,56779.62634408602,22370.035147849463,46168.74536290322,21803.716330645162,145513.99307795698,8.111,5.9399999999999995,22.277,16.337,9.756,0.375,22.434448700862536,18.12409523809524,3.3946476190476194,29.25474285714286,62.28037142857143,6.8202941562803225,11.607638095238102,4.787343938957779,310.8,39.7,133.3,9.0,39.2,166.2,7.222,11.277,8.155,19.833,81.07,15.828,0,0.075,0.087,-0.921,-0.284,-60.372,-5.783,300.27,33.4,15382.8,3896.0,434,1471.84,16117.4666666666,4766.52,2798
2015-09-01,7.168529426350313,2.6389047418321883,6.312378915031748,1.1235178329727866,24.3771428607759,25473.879620271862,1976.7351920803783,61211.57436465721,20777.508806146572,46216.36490691489,23799.28418144208,152250.249375,9.18,5.993,26.418,20.425,8.748,0.303,26.60427144063304,19.601380952380953,3.3906190476190474,31.868999999999996,73.88800952380953,5.264728559366958,8.29191428571427,3.0271857263473123,310.0,40.5,138.9,6.2,237.0,30.9,7.662,8.227,4.228,14.088,84.43,12.308,0,-0.031,0.495,-1.247,-0.93,-46.35,-61.687,304.17,33.4,15554.2,3798.0,364,1815.3,15767.3333333333,4639.559999999999,2973
2015-10-01,6.86941177704755,2.385045463388616,5.99998698748595,1.1229816566814077,16.789545449343596,28123.92617250057,1822.4409731754747,66147.64107326699,22839.98701956074,50082.65652882635,19610.646481068405,163842.38823924732,10.836,6.765000000000001,36.201,29.435999999999996,1.964,0.349,36.461617707444745,20.53690476190476,3.8966190476190476,34.920523809523814,82.1799238095238,-1.5410938979209305,1.7094857142857194,3.25057961220665,347.5,3.0,9.3,1.5,530.0,0.0,7.357,9.226,3.192,8.764,62.27,29.0,0,-1.718,-0.043,-0.752,-0.532,-70.615,-6.348,304.17,33.4,15017.6,4464.0,378,1833.09,16455.2,5829.12,2973
2015-11-01,7.360624998807907,2.279850006103516,5.412417650622073,1.0749225275857108,16.209999990463256,30338.138541666667,1719.9279861111113,62066.94402777778,21224.679375,51519.031180555554,19116.42326388889,164366.4363888889,12.219,7.970000000000001,41.846999999999994,33.876999999999995,-4.14,0.351,42.144957421593205,19.284095238095237,3.4114285714285715,34.56352380952381,83.88940952380952,-7.581433612069397,-5.662485714285708,1.9189478977836885,352.9,0.0,0.0,0.0,730.2,0.0,11.348,15.021,7.721,6.216,122.86,3.655,0,1.939,-2.485,-0.278,0.642,15.093,-5.843,304.17,33.4,15732.0,4144.0,536,1769.98,16508.0666666666,5727.0,3055
2015-12-01,7.161578906209845,2.043499995361675,4.986258284099801,1.0884909318841025,18.02545473792336,28950.36897449096,1657.8434797529171,59290.80313000458,19170.992636124458,55468.86287748798,19377.672759380002,162863.19428763443,13.131,8.104,46.903999999999996,38.8,-7.28,0.407,47.2451146478293,19.63061904761905,3.3782095238095233,35.73282857142858,78.22692380952381,-11.51228607640072,-7.989504761904769,3.522781314495951,360.1,0.0,0.0,0.0,864.3,0.0,12.659,19.553,12.557,4.63,177.6,0.0,0,2.56,-5.015,-1.058,0.52,32.305,0.0,313.17,33.4,18040.4,3847.0,516,1798.69,17026.933333333298,6040.259999999999,2570
2016-01-01,6.035999933878581,2.23336840930738,4.430392205246009,1.086736031941005,23.717894805105107,34723.02405913979,2379.061962365591,62355.3433467742,27340.439381720425,57619.61108870968,24428.22956989247,180474.1052419355,13.156,9.280000000000001,58.565,49.285,-17.37,0.402,58.963832874652255,21.934333333333335,3.513936126984127,38.20226946031746,70.23741904761904,-20.761563414334795,-15.867304761904755,4.8942586524300395,360.5,0.0,0.0,0.0,1240.2,0.0,10.871,30.814,15.89,4.378,71.78,4.475,0,0.666,1.412,0.687,-0.487,-71.247,3.866,323.17,33.4,17725.8,3793.0,440,1260.48,16975.8,5506.2,3023
2016-02-01,4.941875010728836,1.9294500052928925,4.046715094949614,1.109918963341486,22.516999816894533,30685.473706896555,1918.7329741379308,57095.49331896552,32566.293031609195,56137.05028735632,23521.27665229885,176264.0740584495,11.805,7.634,49.251999999999995,41.617999999999995,-10.918,0.346,49.580150767970316,19.470000000000002,3.4142006185355864,34.34320061853559,54.37011428571429,-15.236950149434726,-10.7984,4.438550149434725,364.1,0.0,0.0,0.0,996.5,0.0,10.057,25.477,13.887,7.252,66.0,0.0,0,-0.214,-1.769,0.275,-0.847,-39.571,0.0,323.17,33.4,17108.2,3896.0,468,1404.48,17301.6666666666,5395.79999999999,2652
2016-03-01,4.3686842918396,1.8121363683180376,3.992324565017045,1.1119846053745437,15.849090966311367,31637.27176275452,1711.1822737931823,55073.37600377488,30510.338939887897,54758.39674702586,23539.14028397392,173635.28555107524,9.738,7.5089999999999995,45.891999999999996,38.382999999999996,-9.14,0.337,46.191926393027835,19.72009523809524,3.785389333333333,32.90648457142857,43.571714285714286,-13.285441821599264,-7.821219047619046,5.464222773980218,360.4,0.0,0.0,0.0,1031.9,0.0,7.968,16.598,9.15,12.485,49.12,0.0,0,-1.016,-3.384,0.319,0.033,-50.309,0.0,338.77,38.6,19210.6,3895.0,678,1812.02,18117.5333333333,5702.16,2395
2016-04-01,4.270937442779541,2.0143809602374123,4.021214572540687,1.133916043099903,14.300476255871,28748.66437204492,1637.8908303782507,47836.70196808511,32503.83614952719,48443.05547724586,21815.122396572107,156990.1573611111,10.857,6.76,34.771,28.011,4.476,0.32,34.9926186967793,20.41361904761905,3.743057142857143,34.69367619047619,35.75049523809524,-0.2989425063031135,5.544638095238092,5.8435806015412055,347.7,9.8,29.0,6.1,666.0999999999999,0.0,7.833,13.031,3.932,17.57,72.69,0.0,0,-0.159,0.182,-0.499,-0.27,-7.588,-0.081,338.77,38.6,14547.0,4163.0,649,1949.47,17882.4,5283.191999999988,2725
2016-05-01,4.546176489661722,2.08342859290895,4.3273163055555415,1.131402546709234,14.852857044764928,25157.85188315031,1492.6913420841913,42777.41301761611,31820.78375657744,43251.69645962022,21184.009098318467,144785.99590053764,11.027000000000001,5.52,27.741,22.221,9.893,0.315,27.923230587958606,20.174714285714288,3.6173047619047622,34.50401904761905,41.29513333333333,6.580788459660447,11.28899047619047,4.708202016530024,309.1,48.4,154.7,18.5,288.79999999999995,0.0,7.946,8.656,3.051,20.563,60.21,0.565,0,0.555,0.691,-0.207,-0.559,-18.292,-0.264,342.67,38.6,13035.0,3953.0,872,1881.89,17446.266666666597,4472.304,3053
2016-06-01,5.007777770360311,2.62381818077781,4.75512113945832,1.124357125975869,17.774545496160332,27590.470307328607,1727.8560165484635,47202.19434397163,30519.852643321512,44542.15891991726,19999.112467494087,152011.76131944446,9.103,6.244,24.087000000000003,17.843000000000004,11.628,0.277,24.244762462114082,19.36890476190476,3.448885714285714,31.64379047619047,52.5841238095238,7.399028014076389,12.042971428571434,4.643943414495045,273.0,84.5,136.1,166.4,91.4,40.0,6.052,8.915,5.701,21.951,66.77,2.435,4,-0.886,0.109,-0.181,-1.301,-35.386,-0.515,342.67,33.4,15117.0,4358.0,1061,1676.94,18603.133333333302,4839.936000000001,2811
2016-07-01,5.577666664123536,2.7613999605178834,4.61947920059483,1.1060816163108462,13.158500051498413,28623.77055879661,2023.2891257721344,48723.07646991535,25562.271097860903,46653.524561027225,20695.53607441089,150249.24153225805,9.957,6.971,24.579,17.608,12.667,0.341,24.743580256175747,20.491285714285713,4.234952380952381,34.342238095238095,64.62709523809524,9.598657839062348,13.988342857142854,4.389685018080506,290.4,67.1,197.4,42.7,37.400000000000006,134.5,7.056,13.374,8.467,22.709,117.85,0.0,0,-0.037,1.185,-0.393,-0.506,-17.048,-10.202,342.67,33.4,14397.0,4178.0,1120,1754.42,19100.0,4712.147999999989,2676
2016-08-01,5.646842103255422,2.722347829652869,3.921616865234933,1.1206496435662974,12.3995652406112,28226.73780608937,2144.142514870739,47058.35878841607,22788.960015919314,46122.11178143827,20135.719019770455,144041.2745967742,9.736,6.175000000000001,23.869,17.694000000000003,9.566,0.305,24.028402286989103,17.54709523809524,2.8903714285714286,29.86846666666667,78.61543809523809,5.8400643796775675,10.466657142857144,4.626592763179577,259.1,98.3,329.7,22.4,34.4,113.5,7.429,12.333,8.895,20.635,141.31,29.623,3,0.281,1.144,-0.181,0.518,-0.132,8.012,342.67,28.2,16970.0,3207.0,1163,1832.28,19927.5,4108.259999999989,1851
2016-09-01,5.6006249487400055,2.902904748916626,4.032391516588447,1.1213137615810742,14.219523793175108,33473.89839539007,2089.6643218085105,53436.16452275413,20802.849426713947,45702.4606855792,21673.865921985813,153526.14020833332,9.827,7.3629999999999995,26.799,19.436,5.997,0.304,26.979663464679028,16.62295238095238,3.746314285714286,29.892266666666668,89.08209523809523,2.91260320198764,6.636876190476201,3.7242729884885613,211.7,145.8,499.8,22.2,63.2,29.200000000000003,7.443,8.335,5.483,15.549,98.85,28.135,4,-0.25,0.603,0.008,0.531,-31.93,-45.86,342.67,28.2,15993.0,4395.0,1066,1985.58,19687.0,5064.599999999989,2640
2016-10-01,6.426874995231628,3.0642500162124637,5.2047579551051895,1.1037062860670543,14.58523804800851,38646.586391843965,2005.4852922672155,57650.118850091516,19694.277482269503,45740.49112331274,22919.948740276825,160906.62997311828,11.291,8.549,39.005,30.456000000000003,0.515,0.389,39.26614413083585,22.221238095238093,3.3559619047619047,36.4792,95.71897142857144,-2.786944130835849,0.04662857142857035,2.8335727022644193,347.3,10.2,31.4,5.1,532.9,0.0,7.856,8.283,4.18,8.754,48.0,75.352,2,-1.219,-0.986,0.236,-0.542,-84.885,40.005,342.67,28.2,15874.0,3621.0,949,2361.29,18960.0,5173.61999999999,2613
2016-11-01,7.098823547363281,2.885550022125244,5.712398762999219,1.0804159966382114,15.236190387180873,43624.06998226951,2286.0214685476412,61990.60314876914,21103.685690975435,49515.77547788827,24525.6243710813,176058.50865248227,12.109,8.447,51.010999999999996,42.564,-10.864,0.397,51.35096881620754,21.73409523809524,3.437295238095238,36.88339047619048,95.7656,-14.467578340017063,-11.521314285714283,2.9462640543027803,357.8,0.0,0.0,0.0,923.8,0.0,8.755,14.54,8.848,5.346,109.83,9.67,0,-0.654,-2.966,0.849,-0.229,2.063,0.172,342.67,28.2,19091.0,3657.0,853,1905.69,18497.0,5488.259999999999,2883
2016-12-01,7.814444488949245,3.583714292162941,5.465756584227651,1.0542205463756211,12.472380956013998,43766.33970344315,2011.6937528597575,60916.59391300618,21340.680020304277,53177.9184339968,25894.810877087624,178362.44623655913,12.9,9.782,58.129000000000005,48.347,-16.68,0.417,58.52424626261033,22.799761904761905,3.4601142857142855,38.74287619047619,84.24428571428572,-19.781370072134145,-17.014580952380967,2.7667891197531773,347.5,10.0,26.4,9.4,1162.8,0.0,9.275,27.249,12.374,4.411,187.09,0.0,0,-0.824,2.68,-1.242,0.3,41.795,0.0,343.87,28.2,20984.0,3792.0,835,1636.12,19703.0,5910.539999999991,2878
2017-01-01,7.86,3.291200006008148,6.269681113342811,1.0621723911978982,11.608500003814695,47212.095999074925,2749.5784449509115,68004.0589136776,25002.315302686682,56195.34983481792,27192.996362699312,191315.7663306452,12.379,12.500100000000002,68.1802,55.680099999999996,-23.6489,0.4982,68.55274359474703,33.19871428571428,3.8671746031746026,48.946688888888886,67.22970476190476,-19.606054705858142,-24.085209523809517,-4.479154817951375,372.8,0.0,0.0,0.0,1480.4,0.0,8.46,26.524,14.869,5.401,150.93,0.0,0,-1.745,-2.877,-0.334,0.536,7.903,-0.609,357.47,24.7,21927.0,3380.0,762,1376.58,18947.0,5308.859999999999,2914
2017-02-01,7.86,2.9067368507385254,6.102717567457964,1.0650880992412568,11.530526361967388,38055.44380699088,2287.3038658814585,62032.63310062056,23020.491976950354,53867.1603106003,26876.09883643617,175081.49367559524,11.161,9.1267,50.2401,41.1134,-11.1725,0.374,50.51117951320125,28.32133333333333,3.860599283154121,42.96893261648745,43.14449523809524,-7.542246896713799,-12.15166666666667,-4.609419769952872,362.3,2.8,6.8,3.1,996.4,0.0,10.402,21.353,13.63,7.541,85.95,0.0,0,0.131,-5.894,0.018,-0.559,-19.621,0.0,357.47,24.7,19360.0,4335.0,651,2220.88,17959.0,5404.07999999999,2397
2017-03-01,7.86,2.9924347504325537,4.949206575911566,1.0687780276588772,11.897826111834982,34208.87649416112,2111.4927198656164,51392.362314861784,25230.878444080547,51341.4468690629,24216.681121621754,161399.0839095745,11.526,8.4434,44.3799,35.9365,-3.7157,0.3698,44.61587313841621,29.05576190476191,4.681295238095238,44.89325714285715,30.992828571428568,0.2773840044409397,-3.0235238095238053,-3.300907813964745,358.5,6.5,19.9,3.5,814.2,0.0,8.614,20.472,9.801,12.626,132.94,0.0,0,-0.37,0.489,0.97,0.174,33.511,0.0,357.47,24.7,19177.0,4388.0,762,1937.09,18292.0,5466.1799999999985,2843
2017-04-01,7.86,3.189473691739534,5.036432968773568,1.0713409781455994,13.136315847698013,30961.633677600472,1821.3362884160758,46380.98732269504,21070.603216607567,48172.44272015367,23320.20104609929,147388.465625,11.394,7.751899999999999,36.876599999999996,29.124699999999997,4.676699999999999,0.3735,37.073465906650334,28.030761904761906,4.804409523809524,43.85567142857143,27.969304761904763,6.7822055219210995,4.82085714285714,-1.9613483790639599,353.3,11.8,34.8,7.4,668.2,0.0,8.12,10.476,4.129,18.278,136.31,0.81,0,0.128,-2.373,-0.301,0.438,56.032,0.729,357.47,24.7,15323.0,4633.0,684,2159.97,18017.0,4505.700000000001,3046
2017-05-01,5.502000045776367,3.235636364329945,5.064423365572663,1.1041413752929023,10.862272782759232,28088.12331989247,1983.8200268817204,47384.54086021506,23946.245295698925,45268.30557795699,22202.494489247314,146028.15507749942,10.722999999999999,7.264899999999999,30.131,22.8661,9.9937,0.3588,30.29155043559339,27.851666666666663,4.8601142857142845,43.075980952380945,32.7901619047619,12.784430516787555,10.344076190476194,-2.440354326311361,295.1,70.0,223.7,26.8,280.0,1.2000000000000028,7.404,8.525,3.288,21.273,59.79,0.0,0,0.014,0.56,0.03,0.15,-18.712,-0.829,357.47,24.7,15288.0,4977.0,733,1905.92,19841.0,3873.6599999999894,3096
2017-06-01,5.479999932375821,2.993590918454257,4.982472121887061,1.122866240414706,10.513636328957295,28926.08804315705,2053.31663371107,45427.80835260561,23066.78059885394,45370.39459451126,21177.82179052318,144813.97347222222,9.798,7.4588,26.098300000000002,18.639499999999998,10.681899999999999,0.3342,26.239928788652996,25.456047619047617,4.216466666666666,39.136314285714285,43.134238095238096,12.896385497061289,11.380495238095243,-1.5158902589660457,288.2,76.9,244.1,31.1,63.89999999999999,85.4,8.045,8.409,5.496,22.81,132.65,2.972,3,1.107,-0.397,-0.387,-0.441,30.494,0.022,357.47,24.7,17244.0,4344.0,809,1765.84,19766.0,5790.48,2750
2017-07-01,5.555749988555908,2.9551499843597413,5.09852052258998,1.1520630478858949,10.264499998092653,31876.92975434683,2030.6134394303363,47714.59791237703,22077.22024136353,44482.21802648135,20750.20871511096,147406.77815860216,10.136,8.2929,27.3014,19.0085,12.453100000000001,0.3379,27.45071371164911,27.54957142857143,5.134971428571428,42.48264285714286,54.51473333333334,15.031929145493745,13.163180952380955,-1.8687481931127898,341.5,23.6,69.6,15.0,49.6,128.6,6.952,11.106,9.438,21.562,138.82,1.625,1,-0.142,-1.084,0.577,-1.653,3.922,-8.577,357.47,24.7,18086.0,4940.0,905,1803.06,20589.0,5863.619999999989,3055
2017-08-01,6.002608713896378,2.9051738821941875,5.53806874570852,1.1817317423613176,11.97565215566884,29194.875061903444,2091.629471515452,47791.9780991584,21801.61787146932,47284.8530806753,18459.861571170342,145062.250672043,9.995000000000001,7.866300000000001,25.7969,17.930600000000002,14.3481,0.3477,25.936480938297052,28.015380952380955,4.581942857142857,42.24462380952381,67.6779142857143,16.308142871226757,14.268942857142846,-2.03920001408391,336.1,29.0,97.2,6.6,67.19999999999999,171.5,7.045,8.404,8.457,19.367,130.78,28.318,12,-0.103,-2.786,-0.619,-0.75,-10.662,6.707,357.47,24.7,18229.0,5051.0,982,2011.41,19858.0,5786.339999999988,2939
2017-09-01,7.045750045776368,3.00589998960495,6.0220090471166925,1.1911359344209944,10.437999963760376,31229.361510304247,1974.8808680993561,50371.802466723195,23027.65682344958,47196.24178004606,15991.485364946879,149659.84720153667,9.700000000000001,8.0899,29.394299999999998,21.304399999999998,8.0291,0.3532,29.55306517978529,26.9062380952381,3.988971428571429,40.24200952380953,81.94685714285714,10.68894434402424,6.970038095238095,-3.718906248786144,316.5,48.6,166.7,7.4,242.8,4.200000000000003,7.311,7.478,4.836,14.067,78.21,194.168,6,-0.382,-0.254,-0.639,-0.951,-52.57,120.173,357.47,24.7,16400.0,3921.0,869,2304.27,18287.0,5065.9800000000005,2630
2017-10-01,8.605909087441184,2.912590904669328,6.216795846697631,1.176206648349762,10.125454512509434,34467.15315145276,2045.5066532258065,49985.61711135896,19287.659154083736,45508.07702184855,17169.945011153053,146220.57708333334,11.175,9.6836,36.2916,26.607999999999997,4.3842,0.37860000000000005,36.48700776493501,29.809142857142856,3.3346761904761903,43.940219047619046,88.91689523809524,7.4532112826840375,4.685561904761883,-2.7676493779221545,350.0,15.1,46.3,7.6,395.6,0.0,10.858,8.602,4.107,9.377,171.07,19.32,4,1.782,-0.667,0.163,0.081,38.185,-16.028,366.37,24.7,17197.0,3821.0,700,1986.13,19810.0,5259.179999999999,3057
2017-11-01,9.427142915271578,3.058857111703782,6.716374790812891,1.172959668295724,10.540476163228352,44012.22230731581,2131.5939796278385,59663.612101526924,21871.10461885701,48942.13062884033,18977.669475156836,168800.16993055554,11.68,11.6411,51.282,39.6409,-8.463299999999998,0.4053,51.55839527850768,31.336428571428574,4.021476190476191,46.632604761904766,93.60245714285712,-4.925790516602916,-9.704161904761875,-4.778371388158959,364.8,0.3,0.9,0.2,879.9,0.0,9.644,17.751,9.399,5.574,151.09,1.662,0,0.235,0.245,1.401,0.0,43.323,-7.835,366.37,27.2,19235.0,4088.0,638,2530.49,20157.0,5532.419999999989,2826
2017-12-01,10.398750066757202,2.776049995422363,7.125206101434033,1.1831899824596586,10.264500045776368,39239.86199954244,1898.0945907687028,53817.650740677185,23142.06711707847,53953.32523735987,18897.960804163806,168813.89758064516,10.91,10.851399999999998,58.2446,47.39319999999999,-16.006899999999998,0.4023,58.55731074956463,31.194904761904755,3.914590476190476,45.617195238095235,83.89829523809524,-12.940115511469394,-16.14978095238095,-3.2096654409115573,360.4,4.7,12.3,4.4,1180.7,0.0,10.363,28.314,14.582,3.788,203.48,0.0,0,0.265,3.746,0.967,-0.322,58.185,0.0,371.87,24.7,23622.0,4012.0,416,1965.55,20461.0,6713.699999999999,2778
2018-01-01,10.662619091215587,3.160571438925607,6.6348254771022255,1.217702637548032,11.062381017775763,37934.25933866243,2089.1144845473627,51611.21134571484,27735.70713254603,55924.73186534521,18471.841734119644,174804.1815188172,11.326,9.530999999999999,55.888000000000005,46.357000000000006,-15.8305,0.39,56.99366150119874,29.477809523809523,3.8988309841269837,44.31264050793651,67.7485142857143,-12.68102099326223,-16.667228571428574,-3.9862075781663435,364.2,0.0,0.0,0.0,1092.8000000000002,0.0,10.264,31.903,16.608,4.53,109.32,0.0,0,0.059,2.501,1.406,-0.335,-33.707,-0.609,371.87,24.7,24194.0,3544.0,306,2092.42,21937.0,6582.6,2901
2018-02-01,9.525263284382069,2.662368423060367,6.688096447883636,1.235610842704773,22.464736637316253,40978.51771941489,2237.9918487208715,61483.990507852075,29969.319921479226,56300.555562943264,19379.99643648683,189834.42745535716,10.011000000000001,9.696,58.894400000000005,49.19840000000001,-21.1587,0.4155,60.08312008311922,27.22247619047619,3.5072903799283153,40.3252665704045,51.08128571428572,-19.757853512714718,-21.50724761904763,-1.749394106332911,358.4,0.0,0.0,0.0,1293.4,0.0,8.748,25.13,15.342,8.239,26.0,0.0,0,-1.523,-2.116,1.73,0.139,-79.571,0.0,371.87,24.7,23802.0,3413.0,340,2177.97,19631.0,5675.94,2683
2018-03-01,7.890000048137846,2.6993809654599143,6.6920996146610845,1.2334206266836687,19.02380975087484,33711.19045269961,2279.9467613246397,55708.724149222144,32394.05080788149,52232.35144989705,18628.396024937083,172461.72641129032,11.071,8.581100000000001,54.3878,45.806700000000006,-11.4324,0.4188,55.46937826118001,31.472761904761903,3.8673119999999996,45.99227390476191,29.57403809523809,-9.477104356418103,-10.884961904761902,-1.4078575483437987,349.7,3.0,9.2,1.6,1142.5,0.0,9.141,22.243,8.762,10.882,47.25,0.0,0,0.157,2.26,-0.07,-1.569,-52.179,0.0,379.52,24.7,22065.0,4303.0,0,2296.7,20393.0,5993.34,2840
2018-04-01,7.501428581419445,2.7242381005060103,6.92784013173687,1.2286932581946963,18.26761904216948,26660.18729166667,1940.8799305555556,40555.48298611111,33271.89534722222,46609.04583333333,17022.310069444444,147560.89333333334,9.993,6.401199999999999,33.0515,26.650299999999998,7.8637,0.38139999999999996,33.68062718550202,28.316904761904762,4.0289809523809526,41.95748571428572,18.68907619047619,8.276858528783698,8.217590476190473,-0.05926805259322521,335.4,17.4,28.0,34.2,448.3,0.0,8.336,16.511,4.264,17.552,76.4,0.0,0,0.344,3.662,-0.166,-0.289,-3.878,-0.081,379.52,24.7,17081.0,4608.0,184,2183.44,20188.0,5473.079999999999,2584
2018-05-01,8.579545389522206,2.8293181657791138,7.478624277684963,1.1832774151926455,14.124545487490566,25019.360848490047,1700.0897863761154,41048.050749256465,33121.37540751544,43476.81968228095,16245.978290150993,143717.4757392473,9.776,6.1792,26.957,20.7778,12.5208,0.31239999999999996,27.48790303505648,27.389428571428574,4.7668952380952385,41.61992380952381,26.906666666666663,14.132020774467332,12.861019047619049,-1.271001726848283,305.9,46.9,149.8,18.0,206.6,15.0,7.379,7.329,3.696,21.065,46.31,1.948,3,-0.012,-0.636,0.438,-0.057,-32.192,1.119,379.52,24.7,18880.0,5137.0,227,2066.28,20673.0,6117.54,2609
2018-06-01,10.055952253795803,2.9425238087063743,7.441961071591995,1.1675765684672763,13.678095318022228,28226.021353427896,1681.90690750591,44474.515927895976,29250.18406323877,45061.04354314421,14971.371322399527,147367.91604166667,9.033999999999999,6.1396999999999995,25.4374,19.2977,12.0532,0.3345,25.948583710810457,27.37038095238095,3.5866952380952393,39.65657619047619,39.76768571428571,13.70799247966573,12.336114285714281,-1.3718781939514493,307.0,45.7,145.1,18.5,63.3,29.6,6.742,8.784,5.87,22.619,93.07,0.0,0,-0.196,-0.023,-0.013,-0.633,-9.086,-2.95,379.52,25.2,18160.0,4253.0,0,2255.93,20398.0,5551.74,1847
2018-07-01,9.997857048397972,2.78933334350586,7.604084249427799,1.1687707413326611,13.147619065784273,32644.84198409975,1874.2554921642645,49219.605892530315,24188.980921127888,46087.65926561428,15781.11563286433,153235.0179435484,9.702,8.208400000000001,25.1261,16.9177,11.7627,0.3527,25.6279527168978,28.607095238095237,3.6500857142857144,41.60648095238095,52.10379999999999,15.97852823548315,12.480857142857147,-3.4976710926260033,340.8,11.9,25.6,17.1,7.200000000000001,167.1,6.006,11.972,9.484,24.656,83.03,12.198,0,-1.088,-0.218,0.623,1.441,-51.868,1.996,390.52,25.2,19494.0,4250.0,698,2263.33,22280.0,5186.039999999999,2268
2018-08-01,10.685652110887611,2.908086952955826,8.090059945772497,1.1551749032476677,12.546956518422002,31308.467192862045,2086.4548429993138,47400.915016586594,20864.714990848777,44408.83434568748,16830.350527625258,146564.24657258065,9.158999999999999,8.3474,25.282600000000002,16.935200000000002,12.7585,0.3619,25.79342806128713,29.9152380952381,3.6454666666666666,42.35780476190477,64.58465714285714,16.564376700617636,13.36250476190476,-3.201871938712877,328.3,24.4,61.2,26.2,41.5,171.29999999999998,6.766,11.513,9.483,20.438,179.33,2.942,0,-0.382,0.324,0.406,0.321,37.888,-18.668,390.52,25.2,20894.0,4441.0,0,2140.93,22755.0,5517.239999999999,2843
2018-09-01,11.540263276351126,2.8959999962856897,9.55562982072719,1.166071194410324,12.910526325828153,28461.8331855792,1932.1838401300238,49991.0699748818,19887.48503250591,45579.80086288416,17738.408002364067,145892.869178487,8.954,7.541499999999999,27.678099999999997,20.136599999999998,9.9653,0.362,28.239139526083694,27.851095238095237,3.2809142857142857,39.72400952380952,77.9471619047619,11.484869997725827,9.158428571428573,-2.3264414262972544,300.7,52.0,130.3,55.9,174.6,21.7,8.876,7.99,4.804,15.521,224.33,74.5,3,1.184,0.258,-0.67,0.503,93.55,0.505,390.52,25.2,19974.0,4547.0,197,2165.52,21549.0,5098.64,2861
2018-10-01,10.91130430802055,3.2079564903093423,8.79973892486517,1.149549510167993,19.35217363938041,34330.98757677827,1662.4583892229416,49823.655446345976,17708.408340109716,45303.48487325058,18098.39611029463,149942.43194063142,9.463000000000001,8.7165,36.6213,27.9048,4.3953999999999995,0.32739999999999997,37.3446935334819,29.58847619047619,5.993723809523809,44.717800000000004,87.10559047619047,7.373106466518102,4.811666666666682,-2.5614397998514207,340.7,12.0,19.3,23.6,427.4,0.0,9.282,11.496,3.972,9.844,187.35,44.845,4,0.206,2.227,0.028,0.548,54.465,9.497,399.42,25.2,20483.0,6453.0,19,2117.68,22334.0,6070.619999999999,2629
2018-11-01,10.339523814973376,4.0933809507460825,8.268030660122868,1.1365526806224475,19.389047622680664,39653.51152777777,1930.756875,54870.839444444435,23697.867638888893,47605.28,18750.53222222222,167157.96652777778,10.011,10.2716,49.0253,38.7537,-6.139,0.3391,50.007813047672556,28.7422380952381,7.018857142857143,45.432995238095245,91.91725714285715,-4.574817809577311,-6.613590476190495,-2.038772666613184,341.3,11.4,14.3,26.5,808.5,0.0,9.725,21.726,7.672,5.572,37.95,0.0,0,0.316,4.22,-0.326,-0.003,-69.817,-9.498,414.42,25.2,22376.0,7706.0,0,1966.39,22481.0,6426.66,2186
2018-12-01,9.353421110855905,3.896631604746768,7.969668765313313,1.1375411294755482,24.953157726087067,39147.53369223289,1644.9599333676506,48732.99834991993,24755.848572981013,52723.25223633036,18339.135919983986,166981.27719486388,10.587,10.1907,53.101699999999994,42.911,-8.278,0.3447,54.16071133771007,29.992047619047618,6.5816,46.81594761904761,85.30366666666666,-7.344763718662456,-11.368561904761904,-4.023798186099448,346.9,5.8,8.3,12.5,1052.8000000000002,0.0,9.692,25.077,13.972,4.071,116.56,0.0,0,-0.407,0.508,0.356,-0.04,-28.735,0.0,414.42,25.2,25589.0,7588.0,0,1960.07,23440.0,6174.12,2862
2019-01-01,8.3378571555728,3.100333338692075,7.263613743649152,1.1425329757773357,19.57238079252697,49969.98944892473,2235.38561827957,52860.21202956989,24887.32983870968,54433.2370967742,17216.642069892474,181161.28293010755,10.758,10.914251583584765,65.767269,54.85301741641524,-9.513602500000001,0.353589,66.28072932509814,30.864285714285714,7.537167999999999,48.80586471428571,73.93510476190475,-17.474864610812425,-18.88935238095236,-1.4144877701399352,359.7,0.0,0.0,0.0,1345.9,0.0,9.711,31.026,14.983,4.9,112.43,0.0,0,-0.493,1.625,-0.22,0.035,-30.597,-0.609,414.42,20.2,24841.0,7452.0,0,1974.89,24306.0,7127.7,2840
2019-02-01,6.85052638304861,2.6825789401405737,6.020399624240964,1.1353972136974335,15.234736844112998,41903.03586309524,1741.8020089285715,48564.34501488095,25883.435342261902,54625.25989583333,16905.565550595235,172042.81607142856,9.403,8.829234897939216,51.39707,42.56783510206078,-10.749205,0.362478,51.79938881661393,25.982809523809525,7.670858322580646,42.69418984639017,55.04575238095239,-9.10519897022376,-10.27994285714287,-1.17474388691911,361.5,0.0,0.0,0.0,973.2,0.0,9.295,28.359,13.562,9.526,103.1,0.0,0,-0.976,1.112,-0.05,1.426,-2.471,0.0,414.42,20.2,21836.0,6869.0,0,1781.63,21561.0,5203.979999999999,2222
2019-03-01,5.40452378136771,2.8046666781107583,5.180380739826852,1.1309846015203566,14.485238075256348,34428.18790322581,1568.6681451612903,37751.53689516129,24378.031720430103,50576.905241935485,16692.8500672043,151762.45456989246,10.080302,8.489414386424821,46.90978,38.42036561357518,-0.9592849999999999,0.371367,47.27227494450925,28.192142857142862,9.448304,47.349381857142866,44.76580952380952,0.07710691263361724,-2.2864000000000004,-2.3635069126336177,351.6,0.0,0.0,0.0,828.8,0.0,10.629,23.229,8.985,12.703,154.52,0.0,0,1.645,3.246,0.154,0.252,55.091,0.0,414.42,20.2,20457.0,9679.0,0,2018.72,22681.0,6030.6,2845
2019-04-01,5.045714310237339,2.603095213572184,4.919939882835874,1.1234920783476396,12.949047588166737,33972.87125,1430.4927083333332,37655.54069444444,24497.62902777778,48357.82236111111,15689.561458333334,145787.79930555556,9.058,7.461354239639223,36.686605,29.225250760360773,7.919912,0.370693,36.96674930035917,28.01861904761905,10.057809523809524,46.76373557142857,42.47940952380952,9.7969862710694,9.94556190476191,0.14857563369250926,336.6,14.2,41.9,8.9,621.0999999999999,0.0,7.799,11.75,5.374,17.368,13.51,0.0,0,-0.193,-1.099,0.944,-0.473,-66.768,-0.081,415.08,20.2,18865.0,10396.0,0,2275.7102,22199.0,5715.959999999989,2773
2019-05-01,5.173636306415904,2.592409068887884,4.36895955330197,1.1189111037687822,16.721818056973543,33490.05296972303,1271.9647347090486,34698.27577935324,27384.09552716144,45595.78098048316,15492.831140933913,143299.71363584686,9.434000000000001,8.1777643786413,33.258010999999996,25.080246621358697,11.754903,0.370019,33.51540277724622,29.116952380952384,9.649961904761906,47.83089528571429,52.42497142857143,14.315492508468068,11.81705714285713,-2.4984353656109377,314.5,36.3,116.2,13.9,445.2,0.0,7.25,8.707,3.16,19.795,133.9,0.368,0,-0.14,0.741,-0.098,-1.327,55.398,-0.461,419.58,20.2,18139.0,10169.0,0,2106.9789,24204.0,5608.32,2125
2019-06-01,4.582749962806702,2.3303499937057497,3.586828142072895,1.1290019631385804,15.835999870300292,35525.20993055555,981.3900000000001,31406.668541666666,28577.643958333334,42777.90555555556,13725.818749999999,141155.85347222222,8.488,8.110174923697725,26.013858,17.903683076302272,14.133253,0.36934500000000003,26.21211909165281,27.524952380952378,8.11282857142857,43.75643595238095,64.24202857142856,17.544316860728138,13.537647619047632,-4.006669241680505,311.3,39.5,125.5,16.0,79.89999999999999,140.0,7.321,7.392,5.368,24.994,134.65,0.0,0,0.384,-1.415,-0.515,1.742,32.494,-2.95,423.18,20.2,18011.0,8506.0,0,2357.9127,23504.0,5315.76,2212
2019-07-01,4.534772764552724,2.303090897473422,3.629799059596731,1.122681648834892,13.30590907010165,41901.51982526882,1093.2692876344088,34190.26982526882,24286.431787634407,44142.86404569892,13502.919287634408,147701.080577957,8.749,9.344279499799391,28.906602,19.562322500200608,10.236906000000001,0.368671,29.135264229749183,26.03980952380952,7.755695238095238,42.17583376190476,77.7796761904762,13.04056953215558,10.37761904761905,-2.6629504845365304,309.1,41.7,122.8,26.6,29.7,178.20000000000002,7.217,12.3,7.962,23.571,84.33,3.943,4,0.123,0.11,-0.898,0.357,-50.568,-6.259,423.18,20.2,20725.0,8164.0,0,2369.1615,25408.0,5441.34,2820
2019-08-01,4.471590930765325,2.174272721463984,3.6787105253336008,1.1131632165475325,18.979090907356955,36782.36619623656,1484.7593413978493,32428.003427419353,20436.18998655914,44274.00174731183,14469.486357526883,140167.7484543011,8.554,8.047983646296885,26.047241999999997,17.999258353703112,9.918834,0.367997,26.253691498728518,24.835285714285714,6.990561904761904,40.011850619047614,88.15729523809524,13.758159120319096,10.120847619047595,-3.637311501271501,264.1,86.7,290.8,19.7,23.9,167.0,7.654,10.794,8.9,20.45,134.26,17.178,0,0.507,-0.395,-0.176,0.333,-7.182,-4.433,428.28,20.2,20523.0,7258.0,0,2370.892,24804.0,5343.360000000001,2994
2019-09-01,5.264249992370606,2.5195500016212464,4.227773329363616,1.1013769819622947,15.55899987220764,38068.73388888888,1477.4898611111112,33014.760416666664,19411.80722222222,45197.71708333333,14850.969791666666,140517.62916666668,8.15,8.571976005073996,29.333591000000002,20.761614994926006,5.453081,0.36732300000000007,29.56711954342735,22.972285714285714,7.0991809523809515,37.854143666666666,98.27814285714284,8.287024123239316,4.902228571428594,-3.384795551810722,197.6,153.2,493.8,54.9,164.39999999999998,22.700000000000003,8.352,8.545,5.913,14.756,162.07,103.018,3,0.659,0.813,0.438,-0.262,31.29,29.023,428.28,20.2,19975.0,7963.0,0,2360.5086,24047.0,5191.559999999999,2775
2019-10-01,6.206956531690515,2.3392608580381973,5.054590073368639,1.1048393197681592,15.466521760691768,42426.86014784946,1306.1016129032257,36842.600672043016,20012.62634408602,46056.389717741935,15372.841263440861,148394.39791666664,8.916,9.554001687032745,38.699592,29.145590312967258,1.7268540000000001,0.36664900000000006,38.99498428219975,26.979857142857142,8.43804761904762,43.96725576190476,103.18037142857143,4.972271479705007,1.473314285714281,-3.4989571939907265,300.1,50.7,156.0,25.4,433.2000000000001,0.0,8.84,10.599,3.971,9.259,109.03,12.645,3,-0.236,1.33,0.028,-0.037,-23.855,-22.703,428.53,20.2,18707.0,8306.0,0,2323.3011,23178.0,5983.679999999989,2775
2019-11-01,6.00825002193451,2.63144999742508,5.15599054796498,1.105470680055164,12.523499965667725,43720.19375,1443.2147916666668,43482.94576388889,28634.61875,47414.49625,16679.576458333333,164464.92041666666,9.063687999999999,10.400069278164535,49.499192,39.09912272183547,-3.742252,0.36597500000000005,49.877411603348584,28.123523809523803,10.83330476190476,47.65454157142856,104.65368571428571,-2.2228700319200243,-3.2922952380952495,-1.0694252061752252,334.8,16.0,44.7,12.6,803.2,0.0,8.167,21.935,7.944,4.874,50.43,5.92,0,-1.242,4.429,-0.055,-0.701,-57.337,-3.578,428.78,20.2,23253.0,11017.0,0,2285.2284,24722.0,5583.48,2715
2019-12-01,5.490238144284203,2.2882381053197958,4.619157068626258,1.1109551245515996,13.756666637602306,36046.57607526882,1318.7307123655914,37368.21095430108,32767.09233870967,49764.17836021505,16963.87170698925,156286.31458333333,9.354,9.873342604931231,54.214968,44.34162539506877,-6.644533999999999,0.3674191875,54.63510158706709,29.314380952380954,10.132085714285713,48.43304747916667,101.36139047619046,-6.202054107900423,-6.604695238095232,-0.40264113019480874,347.1,3.7,9.7,3.4,1035.5,0.0,10.3,25.248,12.878,4.121,180.94,0.0,0,0.202,0.68,-0.738,0.011,35.645,0.0,448.23,20.2,24712.0,11246.0,0,1960.0729,26806.0,6074.759999999999,2922
2020-01-01,4.631190527053106,2.029952355793544,3.645017895195799,1.1111802743828816,13.94095243726458,43329.53216369252,1250.4385295126972,39034.46420584535,28934.603242964993,52444.45827756806,16715.235360901395,164186.6830645161,9.388,11.842614999999999,59.248794000000004,47.406179,-6.681530866666666,0.36886337500000005,59.607446950714746,23.111095238095235,10.07707746031746,42.207309323412694,94.75669523809523,-17.40013762730205,-18.037952380952376,-0.6378147536503249,338.3,0.0,0.0,0.0,1110.4,0.0,10.822,25.603,13.482,4.811,255.92,0.0,0,0.618,-3.798,-1.721,-0.054,112.893,-0.609,448.48,19.7,24597.0,10082.0,0,2403.773,29013.0,5372.34,2911
2020-02-01,3.2855263132798043,1.8434210451025712,2.905645438857498,1.0910906732082366,19.628947358382376,35717.005249042144,1187.635632183908,31881.921805555554,29588.662279693493,49249.33963122605,15843.528338122607,150942.4150862069,8.262,9.079694,49.820593,40.740899,-6.718527733333333,0.3703075625,50.115358708317295,22.660047619047614,9.375484096262161,39.92722415280977,76.71874285714286,-10.188134555507524,-11.541723809523816,-1.353589254016292,340.8,0.0,0.0,0.0,893.6,0.0,13.232,26.256,12.444,7.821,183.67,0.0,0,2.961,-0.991,-1.169,-0.278,78.099,0.0,448.48,23.3,22934.0,10459.707,0,2987.8432,25103.0,4712.7,2767
2020-03-01,3.1443182013251563,1.7311818112026562,2.723465747676327,1.1073086207563227,57.7368184002963,33219.314180107525,1015.868682795699,29786.078158602155,30376.190524193546,44681.38360215053,15791.269758064518,143046.22002688173,8.23,8.701600000000001,47.683111,38.981511,-6.755524599999999,0.37175175000000005,47.96280729291509,24.447142857142858,9.967060952380953,42.27245205952381,65.17701904761904,-5.69035523339128,-6.426666666666662,-0.7363114332753824,345.7,0.0,0.0,0.0,968.7,0.0,9.652,17.553,8.638,12.639,128.29,0.0,0,0.667,-2.43,-0.193,0.187,28.861,0.0,448.73,23.3,21505.0,12029.0,0,2481.6491,27518.0,4832.759999999999,2104
2020-04-01,2.456428578921727,1.7593333437329246,2.1218044662740434,1.087575007568706,41.45380964733305,24974.31388888889,934.3615277777777,22474.071527777778,27271.751736111113,41032.841527777775,14882.997083333334,120774.96298611112,8.363,6.648042,30.466971,23.818929,-6.792521466666666,0.3731959375,30.645136629917154,23.376190476190477,10.04687619047619,41.41287072916667,58.75035238095238,10.767734099249516,9.46492380952381,-1.3028102897257057,303.1,29.9,88.2,18.7,566.3,0.0,7.538,14.789,5.594,18.681,121.68,0.0,0,-0.454,1.939,1.164,0.841,41.402,-0.081,448.73,24.3,18876.0,10579.583,0,1684.7178,25481.0,4380.72,2471
2020-05-01,2.077749991416931,1.8091500103473663,1.576044784537897,1.0899938628787087,30.89700002670288,25205.295900537632,983.697311827957,21213.69818548387,29100.529166666667,37720.81202956989,14977.805510752689,119777.80766129032,8.6,6.766979,28.096816,21.329836999999998,-6.829518333333333,0.37464012500000005,28.263691616233505,22.002666666666666,10.115742857142857,40.34376939880953,68.21527619047619,12.080077782576023,10.686819047619053,-1.3932587349569694,264.3,68.7,219.6,26.3,314.6,5.199999999999999,6.935,8.756,3.278,21.726,95.78,2.318,0,-0.456,0.791,0.02,0.604,17.278,1.489,448.98,30.25,18093.0,11049.0,0,2383.002,24531.0,3742.5599999999995,2493
2020-06-01,2.144227266311645,1.7008636322888462,1.7526054010606649,1.125652340325442,31.11954550309615,34258.11833333333,1099.3191666666667,24770.495138888888,29198.940902777777,35145.043958333335,13921.100972222222,126499.5632638889,7.334,8.371773000000001,26.365217,17.993444,-6.866515199999999,0.3760843125,26.52263506456365,23.17585714285714,6.967619047619047,37.10139187797619,78.90209523809524,10.57875681341254,8.230190476190472,-2.348566337222067,279.7,53.2,169.1,21.5,91.5,36.1,7.18,9.133,6.524,22.307,72.14,5.012,7,0.242,0.326,0.641,-0.944,-30.016,2.062,448.98,30.25,18941.0,7223.124,0,2673.001,21504.0,4497.42,2803
2020-07-01,2.391772736202587,1.76495454528115,1.7906302851322502,1.1454755067825315,26.84045462174849,41042.66794640814,1112.0733013040494,25942.26689401739,25229.164513269272,36993.133660775566,14064.156776195377,131836.0117607527,7.285,10.200019000000001,27.991234000000002,17.791215,-6.903512066666666,0.37752850000000004,28.16036470319556,22.542190476190473,7.4201523809523815,36.86981435714286,87.13228571428571,8.709449653947296,5.667219047619042,-3.0422306063282534,305.6,27.3,80.3,17.4,53.6,133.8,7.274,13.334,7.502,23.038,167.14,13.26,3,0.18,1.144,-1.358,-0.177,32.242,3.059,449.48,29.25,18906.0,7252.751,0,2962.9979,21519.0,4348.379999999999,2858
2020-08-01,3.457761900765555,2.343476204645066,2.862465096398217,1.1827620154335383,22.88952382405599,40545.12889784946,1465.3868279569892,29527.94516129032,24521.835080645164,36483.26088709677,13427.8688844086,134071.7693548387,6.606,10.066887,26.603946999999998,16.53706,-6.940508933333334,0.3789726875,26.7642577530814,23.210190476190476,6.400028571428572,35.837246360119046,92.79950476190476,9.072988607037647,5.805266666666682,-3.267721940370965,286.7,46.2,154.9,10.5,30.4,228.6,7.409,11.692,9.668,19.573,94.0,27.28,7,0.262,0.502,0.592,-0.544,-47.442,5.669,449.98,32.25,19494.0,6749.0,0,2975.9963,22391.0,4730.64,2715
2020-09-01,4.6284761655898325,2.2802381004605974,3.9550337110080966,1.179660358212211,27.647619065784276,40102.067291666666,1440.6475,33432.818125,22207.866458333334,37664.59111111111,13500.147361111109,136501.9898611111,6.147,9.540407,29.316634999999998,19.776227999999996,-6.9775058,0.380416875,29.492800281409927,23.11942857142857,6.217314285714285,35.103325982142856,98.60477142857144,5.6105257007329286,3.883819047619042,-1.7267066531138866,277.2,55.8,191.1,8.5,177.50000000000003,45.9,7.637,7.045,5.085,15.302,174.33,65.345,10,-0.056,-0.687,-0.39,0.284,43.55,-8.65,449.98,47.05,21047.0,6358.208,0,2934.0,22787.0,4638.1799999999985,2672
2020-10-01,5.971636403690685,2.83622728694569,4.890174141142417,1.176976897499778,29.43863608620384,34374.22708333333,1163.5309811827958,34524.92049731183,26370.77318548387,42483.53434139785,14400.302150537635,141243.48635752688,7.814,8.753523,38.801945999999994,30.048422999999996,-7.014502666666667,0.3818610625,39.03007498218059,27.276428571428568,5.8806095238095235,40.58917703273809,102.48859047619048,1.559102050557506,0.33054285714284504,-1.228559193414661,289.5,43.4,133.7,21.8,498.3,0.0,9.525,10.366,3.91,8.412,108.05,42.22,14,0.45,1.097,-0.033,-0.884,-24.835,6.872,449.98,40.55,20722.0,6217.0,0,3279.9958,26263.0,4257.299999999998,2273
2020-11-01,6.796700048446655,2.8719499707221985,4.832076923880029,1.1829515525272911,24.99550008773804,41241.69930555556,1270.6699305555558,39076.61763888889,27589.908680555556,45975.91409722222,15099.908680555556,155442.80016252954,7.69,10.258523,47.46376,37.205237,-7.051499533333334,0.38330525,47.74823342613172,27.338142857142856,6.58572380952381,41.23056141666667,102.81913333333333,-6.517672009465052,-7.860914285714287,-1.343242276249235,320.7,12.3,34.2,9.7,750.8,0.0,9.583,14.655,7.697,5.893,184.17,39.602,6,0.174,-2.851,-0.302,0.318,76.403,30.105,454.98,33.55,22844.0,7814.503,0,2893.0,26268.0,3975.779999999999,2389
2020-12-01,9.460590947758067,2.584272709759799,5.856306804255382,1.2162494555763577,22.374090974981133,42813.83662634409,1333.897446236559,37413.04522849462,29856.227822580644,49242.15288978494,16064.266397849464,160310.24092741936,8.202,11.531474,57.417784000000005,45.88631,-7.0884964,0.3847494375,57.75933759133937,29.13809523809524,5.768923809523808,42.724269610119045,94.95821904761904,-15.035067981220323,-16.2929238095238,-1.2578558283034766,332.0,0.9,2.4,0.9,1113.9,0.0,9.164,25.466,14.288,3.851,69.77,0.0,0,-0.935,0.897,0.672,-0.26,-75.525,0.0,454.98,36.1,27228.0,7069.306,0,2695.0,28275.0,5761.49999999999,2586
2021-01-01,13.332315846493367,2.648736840800235,7.298044422562157,1.2177854095186509,24.90999984741211,45289.26438172043,1616.043682795699,42961.95793010753,34870.62076612903,51413.88514784946,15956.32063172043,174666.90383064517,8.19414,11.854254999999998,64.304962,52.450707,-7.125493266666667,0.386193625,65.02878789848374,27.77885714285715,6.595867682539684,42.18267120039683,78.66529523809524,-22.84611669808691,-24.475095238095243,-1.6289785400083332,330.0,8.3,18.4,11.5,1313.2,0.0,8.7,28.116,15.763,4.386,64.84,0.0,0,-1.505,-1.285,0.561,-0.479,-78.187,-0.609,455.88,43.4,25044.0,5233.0,0,2406.0,29666.0,3680.459999999999,2573
2021-02-01,7.356000072077701,2.916999992571379,6.173551748457121,1.2098978757858276,23.14052621941817,38283.32202380952,1669.6518601190478,36738.020238095225,37937.85989583333,48426.450892857145,15871.086681547618,164053.2275297619,6.9797340000000005,9.511205,53.064249999999994,43.553045,-7.162490133333334,0.3876378125,53.662522390288295,24.914233576603145,6.704474953405018,38.21080471750816,54.1902,-15.451717672780134,-15.341780952380951,0.10993672039918323,321.2,17.1,42.0,19.3,1086.9,0.0,9.851,32.457,12.053,8.422,67.46,0.0,0,-0.42,5.21,-1.559,0.323,-38.111,0.0,457.38,46.8,24820.0,6881.844,0,2810.0,25253.0,5063.219999999999,2269
2021-03-01,6.386608725008757,2.622043454128763,6.130931018873279,1.1914740697197292,21.843043534652047,38954.74448924731,1184.3609543010753,33590.66202956989,29721.360483870973,46205.97916666667,16123.282862903223,152906.82004404027,7.991314999999999,10.337118,51.20375,40.866631999999996,-7.199487,0.389082,51.78033192884239,28.004068061611807,8.24975542857143,43.856056490183235,38.848419047619046,-7.9242754386591585,-6.181533333333334,1.7427421053258243,318.2,20.1,61.3,10.7,1003.5,0.0,8.78,18.204,7.898,13.272,136.8,0.0,0,-0.204,-1.779,-0.933,0.82,37.371,0.0,457.38,34.8,23048.0,10921.0,0,2972.0,29581.0,4331.82,2313
2021-04-01,7.8012857891264415,2.685095242091588,7.156228344299659,1.1959596980701794,17.416190556117467,39814.190625,1171.4104166666666,32039.58604166667,26244.23243055556,42490.701250000006,15065.056250000001,142305.92055555558,6.854213,9.891577,43.182314,33.290737,0.102145,0.389569,43.662382586334395,26.79788186179048,8.458123809523808,41.720649671314284,32.66688571428571,-1.9417329150201112,-0.43472380952380973,1.5070091054963015,309.4,28.9,85.3,18.1,856.2,0.0,7.543,12.487,4.425,17.085,96.88,0.0,0,-0.448,-0.362,-0.005,-0.755,16.602,-0.081,457.38,29.6,19990.0,11149.837000000001,0,2655.0,28692.0,4849.319999999999,2090
2021-05-01,9.624849987030029,2.959499990940094,8.900466148179513,1.2140247992106847,19.7604998588562,29587.23700097232,1193.620171299474,25643.273817490277,30416.909707446808,40196.6070707504,14910.773625886526,131093.38884408603,6.708629,6.943724,32.696104,25.75238,8.240449,0.382403,33.05324602362743,27.463236908239708,7.3824,41.17186290823971,32.2321619047619,8.11861688461228,8.401914285714291,0.2832974011020113,280.3,58.1,185.7,22.2,446.8,0.0,7.168,8.11,3.403,20.073,53.33,0.81,0,-0.223,0.145,0.145,-1.049,-25.172,-0.019,457.38,32.9,20748.0,9760.4,0,2586.998,28409.0,4502.939999999999,2091
2021-06-01,11.583363576368852,3.2724090814590454,10.30148031605863,1.2059588649056174,16.956818147139117,40223.79433712121,2077.388207070707,34856.14094065657,37434.94483585859,59438.844936868685,16871.580776515155,191637.53953282823,5.221569,7.709560999999999,25.589171999999998,17.879611,10.613544,0.313123,25.88245340151603,25.360120605334664,5.849685714285715,36.11825231962038,40.63407619047619,10.23579891810435,10.549647619047612,0.3138487009432609,261.6,76.7,243.7,31.0,53.3,83.1,6.074,9.46,5.668,23.109,101.97,2.808,1,-0.864,0.654,-0.214,-0.143,-0.186,-0.143,457.38,29.6,19493.0,7641.453,0,2391.0,26010.0,4077.9,2327
2021-07-01,13.772047678629557,3.815047650110154,12.48223095199557,1.182492516257546,17.60333351861863,44385.91975806451,2813.0798387096775,41490.32822580645,39292.48521505376,76206.85725806453,18453.15443548387,232223.36868279573,6.148740999999999,8.173345000000001,25.271940999999998,17.098595999999997,9.333241,0.317224,25.559831790447127,26.123097805378475,5.167980952380953,37.12259575775942,51.183723809523805,11.562763967312293,9.925466666666665,-1.6372973006456277,310.3,28.0,55.1,45.1,26.999999999999996,148.0,6.118,10.895,8.724,21.968,106.14,11.018,3,-0.976,-1.295,-0.136,-1.247,-28.758,0.816,457.38,29.6,21617.0,5470.3,0,2528.0,28703.0,4315.259999999998,2365
2021-08-01,16.35727275501598,4.031454519792036,15.42546042307788,1.1770902872085571,17.47772723978216,36094.37432795699,2558.0543010752685,41789.963440860214,35907.304973118284,77162.74408602151,19077.76935483871,218874.53911290324,6.760222000000001,6.832065,23.607653,16.775587999999996,11.17663,0.29214,23.874150271084197,26.0624030638719,4.510390476190476,37.04087554006237,61.10919047619047,13.166725268978176,11.167200000000001,-1.999525268978175,307.8,30.5,54.6,54.6,77.0,135.1,7.372,11.616,8.197,18.752,116.01,36.445,11,0.225,0.426,-0.88,-1.365,-25.432,14.834,457.38,29.6,22347.0,5569.447,0,2871.001,28933.0,4879.6799999999985,2204
2021-09-01,23.35090446472168,5.114857128688267,23.03932809713421,1.177783836017955,19.8247617994036,47261.60305555556,2502.99375,51939.044583333336,28749.051527777774,78503.85125,19234.991666666665,234092.575,6.509753,8.308396,26.982625,18.674229,7.498411,0.29948,27.2888264702592,24.81851823735286,4.854438095238095,35.88322933259095,72.27639047619047,8.594402862331751,7.405085714285718,-1.1893171480460332,301.1,37.2,127.4,5.7,119.5,31.2,6.951,7.03,5.049,14.863,113.52,75.995,5,-0.741,-0.702,-0.426,-0.156,-17.26,2.0,457.38,29.6,21465.0,5789.5,0,2580.9963,28493.0,3590.7599999999998,2389
2021-10-01,33.22495278858003,5.570619015466599,31.0500417005762,1.1600631021317982,17.869047573634557,44581.79112903225,2556.5868279569886,50261.62607526882,25989.905779569894,79618.85174731183,19963.56586021505,225761.4134408602,6.87265,8.009134,35.615608,27.606474,2.915572,0.362519,36.021685629719634,26.883219953195145,5.734733333333334,39.128084286528484,79.68147619047619,3.1063986568088495,2.3258285714285734,-0.7805700853802762,344.6,0.0,0.0,0.0,478.4,0.3999999999999986,9.861,7.157,4.931,9.857,197.75,21.92,0,0.785,-2.112,0.987,0.561,64.865,-13.428,457.38,29.6,19847.0,8151.308999999999,0,2701.999,29266.0,4051.6800000000003,2131
2021-11-01,33.63390513828823,5.120238099779401,27.448248526709737,1.1417291489514438,18.500476246788388,67842.55708333333,2741.349444444444,57352.64319444445,29246.160277777777,81383.77166666667,21165.37027777778,264321.975,7.246996000000001,11.351125,49.78903699999999,38.437912,-10.66967,0.372236,50.35314991474895,26.134011017446475,7.028685714285714,40.03745673173219,82.00730476190476,-10.315693183016755,-10.52205714285715,-0.20636395984039524,346.7,0.0,0.0,0.0,817.6,0.0,8.962,18.041,8.17,5.3,131.82,4.398,0,-0.447,0.535,0.171,-0.275,24.053,-5.1,462.38,32.1,21952.0,8793.1,0,2226.0014,28266.0,4600.919999999989,2346
2021-12-01,37.84181811592796,3.863818190314553,38.09338011547406,1.1307190449341484,21.35454550656405,62696.720430107525,2969.7067204301075,57993.38575268817,35697.315322580645,82233.95161290323,22553.868548387098,269192.59139784944,7.515327000000001,11.65741,57.409345,45.751935,-15.211292,0.377259,58.063191694648545,27.42031322962857,7.236228571428571,41.79460980105714,71.48524761904761,-16.268581893591403,-14.301961904761903,1.9666199888294997,355.4,0.0,0.0,0.0,1139.6,0.0,8.847,21.099,13.518,3.944,112.55,0.0,0,-1.252,-3.47,-0.098,-0.167,-32.745,0.0,462.38,33.2,25625.0,9531.780999999999,0,2542.9974,30777.0,5248.14,2621
2022-01-01,28.52974977493286,4.2554499983787535,28.3961126129326,1.1325737578528268,23.18100004196167,63641.383821897936,2903.5417370711725,54617.003018859876,34242.73293010753,85512.56693548388,22299.019911674346,136559.21757817914,8.061725000000001,11.757682,59.427833,47.670151000000004,-16.824099999999998,0.35438400000000003,60.72007657782229,22.749938263114284,8.300006222222223,38.7572854853365,57.18328571428571,-21.962791092485787,-17.632476190476183,4.330314902009604,343.6,6.9,12.7,44.3,1230.0,0.0,10.226,32.946,15.535,5.424,226.66,0.0,0,0.021,3.545,0.333,0.559,83.633,-0.609,463.49,33.2,22845.0,13378.1,0,2407.999,30957.0,4783.07999999999,2733
2022-02-01,25.819210654810856,4.4630000214827685,27.37778307114033,1.1339954912662509,25.74842111687911,41047.90603085929,1905.8563584963463,42613.151010999485,29905.40788690476,81448.66428571429,21260.90433727656,122468.0744254796,6.7780000000000005,8.508938,47.350224,38.841286000000004,-8.889134,0.30780399999999997,48.392841773312696,22.516520714782768,8.45761124014337,37.444327954926145,39.55080952380953,-10.948513818386552,-9.072904761904766,1.8756090564817853,348.6,1.8,22.5,24.9,911.7,0.0,12.922,29.058,15.446,8.36,162.96,0.0,0,2.651,1.811,1.833,0.26,57.389,0.0,465.7,33.2,21016.0,11236.469,0,2506.9971,26851.0,4431.18,2301
2022-03-01,36.960869664731234,4.979304334391719,42.38797318934461,1.1024124985155852,26.968695682028063,43719.52917706504,2201.8501928329324,52157.00033072268,28878.9935483871,73265.84744623657,21404.464065815475,125086.68704221348,7.356,10.204243000000002,46.821690999999994,36.617447999999996,-2.809884,0.33343,47.843341908653095,26.22658912304924,10.427561523809525,43.67672064685876,30.47790476190476,-4.166621261794333,-2.487714285714283,1.6789069760800501,338.6,11.8,33.6,23.2,984.6,0.0,7.36,19.611,8.873,13.39,76.55,0.0,0,-1.624,-0.372,0.042,0.938,-22.879,0.0,466.81,33.2,21407.0,13231.7,0,2613.0018,30139.0,5620.74,2280
2022-04-01,29.222000217437746,6.70460000038147,32.225655785089096,1.0827445018859136,24.37350015640259,20500.3923929041,1092.2454103804566,35207.71846269733,32273.9,65671.04819444445,18190.853075443607,107941.67928862594,7.542,8.197576,35.631615000000004,27.434039000000002,7.304784,0.304183,36.385094589006975,23.683962915636194,10.48872380952381,41.410503725160005,27.990190476190477,5.02540913615303,7.609466666666663,2.5840575305136326,329.2,21.2,46.4,25.4,674.0,0.0,8.241,13.717,4.334,17.433,57.98,0.0,0,0.249,0.867,-0.096,-0.407,-22.298,-0.081,467.92,33.2,17947.0,14305.6,0,2470.9981,29670.0,4703.040000000001,2242
2022-05-01,22.69728606087821,8.163476194654192,29.217470497284268,1.0573223991827532,29.445714587257022,20685.29961808372,1185.209273881575,32533.88783821399,34888.57379032258,57409.54287634409,16777.78648995965,103771.282782801,7.12,7.601119,26.501011,18.899891999999998,14.975095,0.29905000000000004,27.057119070196407,23.533809654910474,10.70327619047619,41.05803584538666,35.59965714285714,14.000916775190255,14.55060000000001,0.5496832248097547,324.5,26.0,72.5,24.6,232.1,23.4,7.342,8.654,3.133,22.873,104.27,0.0,0,-0.049,0.689,-0.125,1.75,25.768,-0.829,469.03,29.6,18861.0,13708.704000000002,0,2534.0042,30990.0,4916.93999999999,2246
2022-06-01,29.72142882574172,7.597904772985549,33.35020833983445,1.057669547471133,28.100000018165225,24471.181041632408,1029.121859851989,36041.09388251191,32887.045694444445,59275.487916666665,16058.740364956999,109173.9959371058,6.401,8.115012,24.030344,15.915332,11.737299,0.29536,24.546330479004432,19.83243009640286,10.046838095238094,35.984908191640955,50.15025714285715,11.438577712636523,11.821533333333328,0.382955620696805,333.5,16.9,70.1,13.9,75.1,146.89999999999998,6.73,9.651,6.039,24.584,125.74,1.635,0,-0.208,0.844,0.156,1.332,23.584,-1.315,471.24,48.2,17960.0,12710.155,0,2451.0025,29564.0,5078.400000000001,2211
2022-07-01,39.35680027008057,7.186950016021728,51.44629512944727,1.0195090543656122,24.86850004196167,26731.02947853815,1022.7211073175358,36327.253079885064,28910.347983870968,58998.69556451613,15672.821345553639,109998.59647386071,6.74,9.109176000000001,24.578202,15.469026000000001,11.828556,0.301591,25.103889167229323,19.363718617109527,11.417066666666667,37.21919428377619,61.97179047619048,12.115305116546867,11.817057142857152,-0.29824797368971545,352.4,0.0,17.4,22.6,22.10000000000001,230.5,7.215,13.295,9.405,24.713,183.64,17.098,0,0.121,1.105,0.544,1.498,48.742,6.896,472.35,51.6,19139.0,12227.218,0,2571.0008,28327.0,5100.48,2152
2022-08-01,53.216000100840695,8.77947819751242,69.92171728633524,1.0127989857093147,22.169565366662063,25906.96277845975,922.5019215573418,38002.16733801527,26156.94005376344,58188.97822580645,15589.886128271915,107497.72702786158,6.417999999999999,8.907813,22.345087,13.437273999999999,12.980949,0.26595100000000005,22.816869628325907,18.83219307929238,9.913685714285714,34.89792779357809,73.78884761904763,12.081058165252184,11.904219047619037,-0.17683911763314697,346.6,3.9,58.9,7.6,5.000000000000007,188.1,5.995,11.618,9.027,21.07,152.07,0.0,0,-1.152,0.428,-0.049,0.953,10.628,-21.61,472.35,53.6,20031.0,11868.707,0,2369.004,28811.0,5603.66,1659
2022-09-01,46.989190419514976,7.757523854573567,58.555619651419335,0.9911662963303652,27.406190418061755,24032.069150413718,1312.9555629432623,38314.27230644208,26104.35527777778,59562.379166666666,16085.56102245863,106786.99807069304,7.133,8.144354,24.99758,16.853226,9.305128,0.317398,25.526134144321787,16.285652265379046,9.745361904761905,32.846616170140955,85.69306666666667,7.320482025819167,8.695114285714297,1.3746322598951295,305.3,45.2,131.7,3.3,225.0,31.6,7.636,8.027,5.554,14.913,86.44,84.81,4,-0.057,0.295,0.079,-0.105,-44.34,10.815,473.85,46.4,20240.0,11929.891,0,2364.9999,28702.0,4988.7,1781
2022-10-01,32.975428444998606,6.084904738834926,39.040409535808,0.9839704036712646,30.005714416503903,29683.23880024968,1521.3501157392961,36071.62984469328,24395.464784946234,58491.97580645161,16426.563992945063,101996.00038404886,6.782,8.536197,27.992187,19.45599,6.673657,0.34126,28.592548317784917,17.92691080389524,10.449390476190477,34.81704128008572,94.38818095238096,6.2244929623008005,6.587647619047615,0.3631546567468149,351.1,0.0,36.0,3.8,303.5,0.0,9.283,9.619,4.406,10.066,144.89,6.378,4,0.207,0.35,0.462,0.77,12.005,-28.97,473.85,50.8,18202.0,13330.248,0,2411.0007,30187.0,5130.83999999999,1727
2022-11-01,28.374142783028734,6.42976188659668,35.59703969199391,1.018546941605481,23.43619065057664,25357.365244643475,1513.7384492259164,40085.839260031324,29236.680138888893,64380.50125,16914.434441013975,113685.7615259131,7.034,8.769363,37.636768000000004,28.867404999999998,-2.308038,0.340168,38.434371539733135,16.5804848665,11.675457142857141,34.94977400935714,100.97582857142858,-3.484597530375993,-2.5453809523809383,0.9392165779950545,346.8,3.6,31.2,11.7,763.4000000000001,0.0,10.111,17.818,6.97,5.634,89.49,12.208,2,0.702,0.312,-1.028,0.06,-18.277,2.71,477.25,50.8,21542.0,14217.5,0,2321.9974,29234.0,4882.4400000000005,1724
2022-12-01,32.33966682070778,5.768047582535517,35.9837276867796,1.0582707036625256,21.784285681588308,28851.49865266404,1646.052977899064,42379.06514218231,34242.18279569893,73041.69838709677,18226.375739660692,124795.33017425456,7.4,10.134486999999998,49.401243,39.266756,-10.018877,0.367425,50.45086280460895,18.434543175350477,11.738123809523808,37.20524198487429,98.43044761904764,-13.245620819734661,-9.389733333333353,3.8558874864013077,362.7,0.0,42.1,10.3,1139.7,0.0,9.191,27.241,15.243,3.696,86.11,0.0,0,-0.908,2.672,1.627,-0.414,-59.185,0.0,477.25,56.4,23181.0,16068.517999999998,0,2266.0031,30217.0,3430.68,1745
2023-01-01,24.341100120544432,3.42279999256134,20.098845219389176,1.0775614109906284,20.20299997329712,22719.891931959053,1377.071488650088,37056.79156537805,38454.492876344084,76789.20685483872,17444.311651317083,118900.98964686968,7.19038,8.722214,49.345121,40.622907,-13.785504000000001,0.364016,49.874669955342256,16.072447085960857,11.101834412698413,34.000645498659274,89.04071428571429,-15.874024456682982,-12.386095238095237,3.4879292185877446,356.5,8.4,39.4,1.5,1137.7,0.0,10.597,24.744,15.405,4.692,145.25,1.62,0,0.393,-4.657,0.203,-0.174,2.223,1.011,477.25,60.4,21793.0,14338.662,0,2265.9969,30728.0,5677.32,1708
2023-02-01,16.874579028079385,2.437473673569529,16.59755770828856,1.071893221139908,20.06210537960655,28194.815881670045,1439.1984334895303,38938.27778801503,32278.606994047623,76974.35089285715,18158.53681600388,122731.06268838652,6.341945,9.15075,44.366179,35.215429,-11.457457,0.29239499999999996,44.84798471766378,14.918246164655239,9.452750336917564,30.4205465015728,76.65461904761905,-14.427438216090977,-11.744171428571434,2.6832667875195426,356.3,8.7,20.8,5.4,1048.8,0.0,8.935,24.752,13.108,8.538,129.71,0.0,0,-1.336,-2.495,-0.504,0.438,24.139,0.0,477.25,53.8,21990.0,12825.073999999999,0,2253.0042,29792.0,4850.699999999989,1708
2023-03-01,13.594695671744969,2.4077826427376787,13.811497463293792,1.0705653999162756,21.644347895746645,21854.36178893176,1223.811946288174,31702.247381578138,33152.054435483864,68812.61102150536,17681.41954333858,122953.5669249675,6.882382999999999,8.409865,41.423981,33.014116,-5.491671999999999,0.29780599999999996,41.86162324195456,17.256079707920954,9.82925561904762,33.66991232696857,64.91044761904762,-8.19171091498599,-5.101580952380949,3.0901299626050402,354.8,10.2,44.6,4.2,912.0,0.0,9.217,20.946,7.274,11.946,92.45,0.0,0,0.232,0.964,-1.558,-0.506,-6.979,0.0,477.25,46.8,21261.0,14521.8,0,2236.9968,31045.0,5245.379999999999,2037
2023-04-01,12.338842141000848,2.197263152975785,13.51005980120812,1.0958702921867371,17.8178946344476,18146.173482221096,793.3319436229392,27452.431512592775,32851.39680555556,65788.64791666667,16904.21400639217,187863.7831767153,6.259836,7.845712000000001,32.45249,24.606778,4.736438,0.328716,32.79381901899427,16.78118539932857,11.94529523809524,34.65760063742381,59.80886666666667,1.8637816184295417,4.748276190476197,2.8844945720466555,342.3,22.7,70.8,8.6,739.1,0.0,7.835,11.39,3.954,17.479,50.09,0.0,0,-0.157,-1.459,-0.476,-0.362,-30.188,-0.081,477.25,38.8,17058.0,15910.797,0,2192.0032,31324.0,4541.57999999999,1906
2023-05-01,10.450863534753973,2.2993181943893437,10.239370846137136,1.0878846593525098,17.64409099925648,15482.70578421596,811.6549257171398,21066.212736105947,38327.19206989248,58266.2376344086,15880.48384252201,172244.13020754396,6.010707,6.126338,24.137658000000002,18.011319999999998,9.399417,0.28927600000000003,24.397487853392043,14.680002554170475,11.997552380952381,32.39898593512285,64.55714285714286,8.001498081730809,9.782514285714285,1.7810162039834765,276.4,88.6,194.1,21.4,331.6,0.0,6.781,6.769,3.283,21.391,83.1,0.0,0,-0.61,-1.196,0.025,0.269,4.598,-0.829,477.25,36.8,19420.0,15438.005000000001,0,2227.9999,29746.0,5282.64,1978
2023-06-01,10.610666638328915,2.4746190366290866,10.320269964648658,1.0838338949463584,13.994285628909156,19405.995911643025,777.7670390070923,21470.91150856974,37467.93791666666,59632.02611111112,14952.693798758864,100406.49075304472,5.778437,6.931515999999999,21.72364,14.792124000000001,8.197756,0.28595800000000005,21.95751819148193,13.378045822138095,11.563561904761901,30.434086726899995,74.33965714285715,8.476568535418064,8.944095238095244,0.4675267026771799,253.1,111.9,254.8,22.6,50.1,37.7,6.579,7.71,6.459,24.615,67.08,7.788,2,-0.359,-1.096,0.576,1.363,-35.076,4.838,477.25,38.3,18255.0,12032.569,0,2221.4343,29427.0,4064.099999999999,1856
2023-07-01,11.439700174331666,2.636550009250641,9.44483943721968,1.1055592128208704,13.943999910354616,21067.224663588528,730.475625246979,21276.109108587592,30124.35295698925,63138.06747311828,15128.357014985131,95820.85602407916,5.918478,7.392863,22.055752,14.662889,9.494058,0.259973,22.296119482590075,16.765090933538097,10.779742857142857,33.20333879068095,83.2837523809524,10.907219308090877,9.463457142857123,-1.4437621652337533,325.0,40.0,124.2,10.5,36.6,194.8,8.238,12.086,9.85,23.354,161.82,6.708,0,1.144,-0.103,0.99,0.139,26.922,-3.494,477.25,38.3,18544.0,11698.030999999999,0,2233.6054,30271.0,4732.019999999989,1552
2023-08-01,12.430434766023057,2.645130426987358,11.19284381199272,1.0914935080901436,15.853912975477137,19888.77926495529,751.8486427963952,23791.08852671511,32089.293817204303,61824.75873655914,15311.6626794187,96166.4815860215,5.535925000000001,7.244569,21.279235999999997,14.034666999999999,8.575141,0.300717,21.508553444924743,16.312762394504762,9.676133333333334,31.2241037278381,92.74720952380952,9.715550282913355,7.922752380952389,-1.7927979019609666,314.1,50.9,146.1,0.8,55.60000000000001,134.6,6.953,11.717,9.502,20.096,210.21,37.47,5,-0.194,0.528,0.426,-0.02,68.768,15.86,477.25,36.8,21053.0,10715.0,0,2219.9986,30400.0,5256.419999999999,1247
2023-09-01,13.919200038909912,2.6956499934196474,11.591126744251554,1.0685271819432576,15.241000032424926,20414.151561258557,772.8820388252255,26759.841648000645,27963.000694444447,64927.61583333334,15113.1794292799,98822.75263888888,5.377390999999999,7.4435150000000005,22.794473,15.350957999999999,3.437669,0.266092,23.041862225925186,12.649435330140097,9.153266666666665,26.914000996806763,100.6699619047619,3.872138770881577,3.2595047619047506,-0.6126340089768263,201.7,163.3,280.5,19.4,49.400000000000006,51.9,7.156,8.103,6.577,16.364,167.18,74.958,0,-0.536,0.371,1.102,1.346,36.4,0.963,481.05,39.0,19468.0,9317.955999999998,0,2220.0008,29444.0,4489.139999999999,1611
2023-10-01,16.30113632028753,3.1491818102923306,14.57781928207573,1.056465744972229,18.887727303938437,19083.437867482982,777.1325437086994,27641.249958293134,29546.05174731183,66288.76666666666,14825.982196339346,99319.53603901668,5.472504,7.058033,27.908099999999997,20.850066999999996,4.302926,0.337747,28.207643247228603,17.04910302314381,10.103933333333334,32.287793356477145,103.92946666666666,4.080150109248542,3.9915333333333507,-0.08861677591519168,329.2,35.8,85.7,16.7,332.3,3.1000000000000014,9.564,9.344,2.91,9.701,120.15,24.108,0,0.489,0.075,-1.034,0.404,-12.735,-11.24,481.05,32.8,18407.0,12349.7,0,2336.7683,29288.0,4991.45999999999,1661
2023-11-01,17.01819047473726,3.0499999956651167,14.47879270368776,1.080629912289706,14.077142897106352,19555.542431133726,964.6565302189331,31513.124120862885,43734.28694444445,69160.63152777778,15732.266085607462,111466.38499518194,5.361508,7.619308,39.727989,32.108681000000004,-4.198969,0.32595999999999997,40.151875038143714,16.820632272352377,11.902561904761905,33.75874217711428,107.921,-6.393132861029436,-5.012228571428608,1.380904289600828,365.0,0.0,39.1,10.1,811.4000000000001,0.0,9.414,18.374,8.672,5.386,80.29,0.0,0,0.005,0.868,0.673,-0.189,-27.477,-9.498,481.05,32.8,22051.0,14309.784,0,2336.7653,30004.0,5564.159999999988,1373
2023-12-01,14.032349872589112,2.5388499975204466,11.495187762109916,1.091428206080482,12.718499994277954,22114.450167988343,1049.8753498533051,30321.910968579625,43589.51908602151,75759.51545698925,16277.720496020745,116165.7212861757,5.7710740000000005,8.548411,46.387896999999995,37.839485999999994,-10.167796000000001,0.40166199999999996,46.88879158235887,18.37473380769619,11.22469523809524,34.968841045791436,102.9087714285714,-11.919950536567434,-9.30653333333332,2.613417203234114,382.2,0.0,12.2,0.0,1006.7,0.0,11.205,21.506,13.688,4.089,122.25,0.0,0,1.106,-3.062,0.072,-0.021,-23.045,0.0,481.05,32.8,27009.0,13642.3,0,2409.6227,33102.0,6327.299999999998,1446
2024-01-01,10.32071422395252,2.714999993642172,9.565056961745514,1.091784093690955,13.395238149733771,25702.090433862515,1184.713127468095,37966.18239247313,44068.04973118279,82258.88991935484,17133.18225508042,124954.80849893736,5.895092,9.7905,54.017605,44.227105,-17.793682,0.33869099999999996,54.55617712466046,17.491619330838095,10.920421968253969,33.96844229909206,93.60223809523808,-20.587734825568397,-17.92605714285712,2.6616776827112787,379.4,0.0,12.2,4.6,1190.4,0.0,11.066,29.871,14.764,5.023,138.47,0.0,0,0.862,0.469,-0.438,0.158,-4.557,-0.609,487.65,27.8,23037.0,13652.624000000002,0,2409.6172,32739.0,5841.54,2005
2024-02-01,8.931599998474121,1.7955000042915343,8.18280458849205,1.0793820846648443,13.944000101089475,20286.04058859703,993.9475814010362,34097.78692528736,40528.81695402299,77370.71063218391,17173.207152060924,111858.78314760052,5.4345859999999995,7.735964,40.288360999999995,32.552397,-7.756708,0.284519,40.68896374570576,16.030137288433334,9.931235879160266,31.1114401675936,75.67618095238096,-9.577523578112164,-8.033761904761917,1.5437616733502466,360.4,5.4,28.1,16.9,818.8,0.0,10.118,23.22,12.882,7.233,130.47,0.0,0,-0.153,-4.027,-0.73,-0.867,24.899,0.0,488.25,27.8,20312.0,12342.104,0,2521.5373,30298.0,5053.559999999998,1703
2024-03-01,8.950799942016602,1.747299998998642,8.560204568245927,1.0874032065981911,13.787499904632568,18505.80169563193,868.9799616792495,32025.29045698925,44999.64166666666,68953.2818548387,17036.22080351015,108133.82927714325,5.7048000000000005,7.2735959999999995,38.160084999999995,30.886488999999997,-4.2059679999999995,0.26954900000000004,38.53799315739754,18.210578210646663,10.311875428571428,33.95770463921809,67.64241904761904,-4.580288518179444,-3.9175523809523867,0.662736137227057,366.2,0.0,41.5,8.8,787.0,0.0,8.925,17.635,9.427,11.915,66.46,0.0,0,-0.059,-2.348,0.596,-0.537,-32.969,0.0,488.25,27.8,22158.0,11508.8,0,2521.5,31678.0,5285.399999999999,1436
2024-04-01,10.052363699132746,1.7912272702563892,9.102480665412,1.0730683586814187,16.137727087194268,13435.235418771876,734.9433837736178,25155.041666666664,43001.58916666667,62919.238333333335,16517.747866881542,93868.03496126272,5.272057,5.46098,29.360782,23.899802,3.571665,0.254579,29.65152293143102,16.96099252438762,10.488838095238094,32.46730861962572,63.72486666666666,2.8157856881946977,3.7933714285714473,0.9775857403767496,346.8,19.0,82.9,22.8,546.4,0.0,9.396,11.723,3.367,18.152,92.62,0.0,0,1.404,-1.126,-1.063,0.312,12.342,-0.081,488.25,28.8,20956.0,11898.042,110,2649.6,28839.0,4854.84,1325
2024-05-01,11.100181796334006,2.4179999990896746,10.073104068115423,1.0804063703702844,13.090454535050826,12770.842574956852,736.561767134876,23059.654166666667,43634.14475806452,61505.8813172043,16132.833775152718,90439.53525481268,5.281551,5.035936,22.919157000000002,17.883221000000002,7.9582,0.24118199999999998,23.148175851116815,16.752721219980764,9.129733333333332,30.9228235533141,67.5182380952381,7.774647702197285,8.246980952380952,0.47233325018366656,322.3,43.5,124.7,6.9,192.1,0.0,7.125,6.917,3.11,20.961,35.53,0.0,0,-0.266,-1.048,-0.149,-0.162,-42.972,-0.829,488.25,27.8,20306.0,10474.4,148,2648.3574,28568.0,4867.26,1681
2024-06-01,12.29963157051488,2.809578958310579,10.866471790594815,1.0770424127578735,12.676842037000156,14325.631558806146,622.5646749408984,25086.705833333333,41474.68916666666,63257.40708333333,15792.468182722616,93889.24495513352,4.368601,5.088455,20.787870999999996,15.699415999999996,8.260343,0.25653,20.998426734053105,16.690910075318854,8.042609523809523,28.845590599128375,75.76521904761906,7.84716386507527,8.193504761904748,0.3463408968294779,345.9,19.9,98.2,32.2,123.9,63.8,7.193,10.176,6.323,22.735,123.21,5.535,2,0.256,1.37,0.441,-0.516,21.054,2.585,488.25,33.8,18535.0,9597.913,190,2703.56,29398.0,4921.08,1669
2024-07-01,12.313227263363926,2.208681805567308,10.335494874673806,1.0841466965882671,14.470000050284646,18439.05429893252,598.1735875450515,25675.464650537637,37494.65739247312,68824.4001344086,16137.376843565838,99276.949669354,5.012211,6.263989,21.784466,15.520477,7.783384,0.249504,22.00529873307176,17.60688978824381,8.134409523809524,30.50400631205333,83.9587238095238,8.49870757898157,8.357314285714295,-0.14139329326727434,360.7,5.1,34.1,3.5,46.50000000000001,207.3,7.05,12.008,9.902,23.27,166.62,35.038,6,-0.044,-0.182,1.042,0.055,31.722,24.836,489.65,48.25,19894.0,8451.3,764,2793.63,28961.0,5249.5199999999895,1783
2024-08-01,13.304909099232066,2.0856363664973867,12.37922480836012,1.1014740738001736,19.31227272207087,18441.74536576298,719.0093728551818,26540.202956989244,29336.879569892473,69354.87607526881,16960.683369666276,95943.640731266,4.868245,6.132809,20.288258999999996,14.155449999999998,8.737775,0.287074,20.497083918606442,16.737398162690763,7.122285714285714,28.440854876976477,92.3160380952381,7.943770958370035,8.450609523809518,0.5068385654394838,348.9,16.9,81.3,2.4,15.599999999999993,221.4,7.629,10.929,10.478,20.955,175.38,21.022,4,0.482,-0.26,1.402,0.839,33.938,-0.588,489.65,40.25,21491.0,8416.374,854,2793.62,31008.0,4403.579999999999,1805
2024-09-01,13.40994997024536,2.409250020980835,11.744566356882387,1.1102232138315835,17.768999814987183,17684.636589834514,809.8390898345153,27229.004166666666,31110.524444444447,66928.92458333334,18444.77230251709,96737.0927629992,4.670194,6.177105,23.329132,17.152027,2.029935,0.262739,23.56427209582634,13.322025496087619,7.791838095238094,25.521318591325713,100.76664761904762,1.9570464954993732,2.282971428571429,0.3259249330720557,240.8,125.0,392.8,13.3,165.9,58.39999999999999,7.902,6.539,7.219,14.759,118.44,26.713,8,0.21,-1.193,1.744,-0.259,-12.34,-47.282,489.65,38.25,21353.0,8627.404999999999,701,2932.01,29598.0,4573.320000000001,1563
2024-10-01,13.34386962393056,2.5769565209098486,12.920730096964942,1.0907826890116152,19.96086958180303,17606.584610090715,786.2756966617926,32873.101344086026,38909.495833333334,68952.1869623656,18612.801033606735,102708.67419034614,5.360213999999999,6.751389,29.322717,22.571328,1.5496800000000002,0.312803,29.61197134767531,17.486820656319047,8.671504761904762,31.20573641822381,103.04961904761905,1.5937650705484998,1.0206571428571607,-0.5731079276913391,342.7,23.1,75.6,19.3,402.1,0.0,8.33,7.998,3.86,8.928,180.29,77.693,6,-0.745,-1.271,-0.084,-0.368,47.405,42.345,489.65,38.25,22563.0,9828.353000000001,649,2941.19,28281.0,5624.88,1572
2024-11-01,14.115700006484984,2.982000005245209,13.91411738689727,1.0641916933513822,16.121000051498413,33410.64425924714,1282.0615666217373,40007.650972222225,31932.86763888889,73929.76277777778,20389.867477715325,116779.69974311888,5.240871,10.046883,44.055588,34.008705,-10.573647999999999,0.303075,44.49169838679496,17.773554907761902,9.31595238095238,32.027303288714286,104.0702761904762,-12.464395098080672,-11.067504761904786,1.3968903361758862,361.6,4.2,23.8,7.0,839.0,0.0,8.383,15.198,6.892,5.95,119.74,17.862,5,-1.027,-2.308,-1.106,0.376,11.973,8.365,489.65,34.7,20581.0,11123.062,496,3022.26,29894.0,5528.28,1603
2024-12-01,14.341761861528669,3.406619049253918,13.865452519844943,1.0474036444317212,15.866190592447916,27291.182126420343,738.6025046709372,37032.85282258065,31431.2748655914,80619.80994623656,20360.107781361414,117042.32822126657,5.667095,10.166595,49.915175000000005,39.748580000000004,-15.664605,0.303833,50.41981797366048,17.667194097939998,10.325914285714287,33.35637038365429,93.00277142857142,-17.06344759000619,-14.516028571428564,2.547419018577628,361.9,3.9,20.2,15.5,1070.6,0.0,10.292,24.931,13.06,4.504,196.6,0.0,0,0.193,0.363,-0.556,0.393,51.305,0.0,492.22,30.2,24448.0,11950.401,535,3022.26,32692.0,6105.12,1620
2025-01-01,14.160428546723866,3.7213809490203857,14.678993853817648,1.0353535251183943,16.74600019454956,28230.00536347518,847.4386067261496,39857.16303763441,36533.04462365591,84966.88225806452,17918.617371514738,218359.5553498247,5.670107,11.417433999999998,54.480866,43.063432,-18.790223,0.31293099999999996,54.93109466,15.29322143153048,11.089042666666666,31.739440098197143,78.48674285714286,-23.191654561802856,-20.416180952380955,2.7754736094219012,347.4,11.2,34.7,21.0,1172.0,0.0,9.201,33.625,14.028,4.864,116.53,0.0,0,-1.003,4.224,-1.175,-0.002,-26.497,-0.609,493.84,24.3,20913.0,13362.498,617,3046.89,33392.0,5001.119999999999,1783
2025-02-01,14.403157936899284,3.740947372034976,15.361218417143412,1.0412747621536256,17.052105351498252,30246.674309777103,937.5737398682877,44819.65907738096,38510.08824404761,81157.20163690476,17778.08871263931,235318.06168154764,5.112659000000001,10.421093999999998,48.522476,38.101382,-16.723706,0.304253,48.93278076,14.058503566960953,10.705186752688173,29.572096319649127,58.0705619047619,-19.360684440350873,-16.326009523809525,3.0346749165413485,356.4,2.1,15.3,6.2,1070.0,0.0,8.51,28.735,14.011,8.556,62.71,0.0,0,-1.761,1.488,0.399,0.456,-42.861,0.0,499.04,23.3,18023.0,12862.884,558,3077.21,30782.0,5303.339999999999,1054
2025-03-01,13.497333299546014,4.137476239885602,13.221147798931575,1.079843663033985,21.841428756713867,21618.22461934141,949.2741298876986,34603.42956989247,33463.45188172042,73741.93588709678,18439.1413242003,136181.30539365258,5.600177,8.456689,39.715655,31.258965999999997,-4.5850100000000005,0.28811200000000003,40.04821155,15.56369486740857,12.61529942857143,33.49105929598,41.74455238095238,-6.5571522540199965,-4.8249809523809475,1.732171301639049,352.1,6.4,66.2,3.5,846.7,0.0,7.51,16.586,8.486,12.837,176.41,0.0,0,-1.474,-3.397,-0.346,0.386,76.981,0.0,502.28,23.3,19866.0,15358.105,688,3044.27,34620.0,5415.11999999999,1843
2025-04-01,12.224381038120814,3.425761881328764,11.524144880946691,1.1186732709407807,31.966190701439267,15654.48182392846,883.7224242599445,26944.941805555554,35496.45125,62534.48236111111,21008.929453794928,92096.59375,5.361346,6.11693,27.846258000000002,21.729328000000002,5.5631509999999995,0.268991,28.080040580000002,14.794830936666667,12.434714285714284,32.32190022238095,36.91957142857143,4.241859642380945,6.034904761904762,1.7930451195238177,342.0,16.6,77.9,10.4,449.4,0.0,5.97,11.87,4.003,18.801,76.64,0.0,0,-2.021,-0.979,-0.428,0.961,-3.638,-0.081,503.9,23.8,18832.0,13877.397,608,2976.7,32828.0,5133.6,1713
2025-05-01,11.828238123939151,3.460809560049148,11.619363110145136,1.1274955489418723,20.45714278448196,13080.856095573095,657.8237016700984,19352.954838709677,35233.82177419355,58728.25793010752,19576.278504791644,83857.63696236558,5.174196,4.964872000000001,22.953609,17.988736999999997,9.673858000000001,0.26029199999999997,23.14985509,14.292755408666665,12.665742857142856,31.87240226580952,42.95447619047619,8.72254717580952,9.835638095238096,1.1130909194285756,298.9,59.6,163.0,19.2,248.1,4.100000000000001,7.525,7.373,3.426,22.312,100.78,0.0,0,0.134,-0.592,0.168,1.19,22.278,-0.829,505.52,23.3,18348.0,13924.626,882,2976.69,32581.0,3547.98,1935
2025-06-01,13.05044994354248,3.643649995326996,12.282624700769048,1.1516502300898237,18.21500015258789,16280.446987293144,731.1371719858156,18438.599861111114,32900.04958333333,62124.01666666667,17774.436596542222,87390.75784722222,4.893076000000001,5.46261,19.888524000000004,14.425914000000004,10.890512000000001,0.229202,20.059929240000002,13.845040875961903,12.133809523809523,30.642724399771428,52.79011428571429,10.582795159771425,11.090390476190478,0.507595316419053,293.5,65.1,128.6,5.7,42.6,186.3,7.889,10.39,7.336,25.02,160.69,0.0,0,0.951,1.584,1.454,1.768,58.534,-2.95,515.63,23.3,17648.0,13002.96,609,2945.6,31416.0,4302.83999999999,1878
2025-07-01,12.524545366113836,3.306130429972773,11.630756897860508,1.1694608719452568,16.331363461234353,19751.783750727525,834.5865117322674,25319.8626344086,30624.207795698923,66958.78266129032,17911.70593973128,95755.29190875136,5.355193,6.829354,21.48488,14.655526000000002,10.249163000000001,0.236514,21.6681988,15.580271585942857,11.181619047619048,31.880569633561905,63.88050476190477,10.212370833561906,10.53677142857142,0.32440059500951435,329.8,28.8,52.4,16.7,12.200000000000005,194.7,6.4,13.761,10.675,23.488,96.91,0.0,0,-0.694,1.572,1.815,0.273,-37.988,-10.202,517.25,23.3,19091.0,12438.545,1202,2945.603,33364.0,5231.579999999999,2236
2025-08-01,11.62395241146996,2.888523817062378,11.151391586328026,1.163811757451012,15.749999954586936,17142.74158230382,731.5073810340883,21497.205376344085,27653.735887096773,66374.94220430107,18021.81633500774,89161.19555214458,4.795065,6.1265670000000005,19.767459,13.640892,9.526755,0.23464400000000002,19.93661359,15.187730772540949,9.507504761904762,29.255656534445713,74.41727619047619,9.319042944445712,10.145295238095244,0.8262522936495316,334.1,24.5,80.5,14.1,33.8,171.7,7.208,10.347,10.752,21.08,155.89,0.0,0,0.06,-0.842,1.676,0.963,14.448,-21.61,518.87,23.3,22758.0,10424.342999999999,1824,2818.64,32913.0,4832.76,1430
2025-09-01,11.313095183599565,3.0097618897755942,11.124610441162185,1.1734681129455566,15.773333458673386,17765.243958333333,542.7298611111112,23585.46083333333,26760.475277777776,67851.71041666667,17607.34082671173,93038.4816496,4.706399,6.387723,22.515530999999996,16.127807999999998,5.670554,0.222852,22.707066309999995,12.35404366723143,11.162809523809523,28.000400191040953,84.56257142857143,5.293333881040958,5.202714285714279,-0.09061959532667885,284.4,74.2,214.4,9.3,172.60000000000002,32.099999999999994,8.637,7.134,7.439,14.803,126.63,0.0,0,0.945,-0.598,1.964,-0.215,-4.15,-73.995,521.44,23.3,19912.0,12129.432999999999,1608,2818.64,32003.0,4744.43999999999,1079
2025-10-01,11.11156521672788,3.3532608695652173,10.895297392110022,1.1644964218139648,18.086521770643152,22493.491971270403,916.9616582479024,28233.51666666667,26593.20752688172,67431.26465053763,19433.096965082957,121194.39263629269,5.392008,8.204924,32.79683,24.591906,0.5697089999999999,0.284281,33.0746583,15.570162044388576,12.450104761904765,33.12799380629334,89.76528571428571,0.05333550629333672,0.30134285714287046,0.24800735084953374,337.4,21.2,76.9,4.9,449.9,0.0,9.545,9.61,5.018,9.382,150.72,0.0,0,0.47,0.341,1.075,0.086,17.835,-35.348,523.06,23.3,20166.0,14099.581999999999,1440,2843.87,34835.0,5408.21999999999,1994
2025-11-01,11.246420960677298,4.46726309625726,10.451956265258335,1.1557414472103118,19.904210642764443,29669.90826442945,995.9755502340042,35129.163194444445,32712.490416666667,76028.22416666667,20099.634804374648,225465.51263888887,5.24559,9.554394,42.215961,32.661567,-8.072729,0.31658600000000003,42.57446061,15.46964136898952,12.320514285714284,32.7191596547038,90.06662857142858,-9.855300955296201,-8.724847619047623,1.1304533362485785,362.6,0.0,39.8,9.2,814.6,0.0,9.477,16.911,7.313,5.952,108.07,0.0,0,0.068,-0.595,-0.686,0.378,0.303,-9.498,524.55,23.3,20434.0,14382.280999999999,1496,2811.63,35020.0,5891.219999999999,1903
2025-12-01,10.23554533178156,4.394227277148854,9.478225338745585,1.17070411010222,15.548181880604137,30261.83327041867,811.1613589567605,31142.66491935484,34922.3251344086,83058.87311827956,21081.808197198967,237013.40094086024,5.341763,11.087836,49.19915400000001,38.111318000000004,-14.427444,0.31242200000000003,49.61920554000001,15.880265441376196,12.528409523809522,33.43801596518572,81.34178095238096,-16.18118957481429,-14.416123809523825,1.7650657652904655,367.8,0.0,19.1,7.6,1055.8,0.0,9.966,27.704,12.354,4.267,127.01,0.0,0,-0.133,3.136,-1.262,0.157,-18.285,0.0,524.55,23.3,25390.0,14490.405999999999,1533,2811.63,37054.0,4014.42,2186
2026-01-01,10.430999946594238,4.267950010299683,11.75080596861837,1.1737959384918213,16.04599995613098,35695.62993737131,1101.5326998970488,39194.84596774193,36704.99663978494,81509.89032258064,21790.670697203237,262409.8998655914,5.303800000000001,13.379902,58.795728,45.415826,-22.625359,0.34743,59.297055279999995,15.967632567086666,12.581609523809524,33.505612090896186,66.92565714285713,-25.79144318910381,-22.824561904761893,2.966881284341916,364.6,0.0,21.1,3.9,1301.1,0.0,10.357,32.085,15.291,4.905,30.67,0.0,0,0.153,2.684,0.088,0.04,-112.357,-0.609,531.55,23.3,20894.0,15216.522999999997,1348,2825.5,37381.0,5580.719999999988,2261
2026-02-01,10.820947446321188,3.1292631375162223,11.264914682273528,1.1827834963798525,19.23947384482936,28066.385475024963,1040.4716511303734,36391.85282738095,41949.81443452381,78993.20997023811,24579.308928571427,239811.9375,4.896623,10.031214,44.934201,34.902986999999996,-11.540527,0.296951,45.31489301,14.437781778450475,11.707361904761903,30.744815683212376,44.10109523809524,-14.570077326787622,-11.48249523809524,3.0875820886923826,354.8,4.9,39.3,4.5,960.2,0.0,10.022,26.882,11.816,7.67,39.12,0.0,0,-0.249,-0.365,-1.796,-0.43,-66.451,0.0,533.95,23.3,18704.0,15286.972,1292,2889.05,33245.0,3919.2,2051
2026-03-01,18.26499990983443,3.0393636551770298,17.921295455870908,1.156709226694974,25.59681831706654,19521.773703381758,713.0843845759891,32854.54717741936,35852.48279569893,72030.03938172043,21917.7880652054,203100.89677419356,5.357768,7.64738,37.857097,30.209717000000005,-2.0366,0.30119,38.17412797,16.077933151255237,13.376542857142859,34.5110540083981,32.6186,-3.663073961601903,-2.5302666666666696,1.1328072949352332,351.0,8.8,52.8,2.0,814.4000000000001,0.0,8.436,16.797,8.274,13.829,119.55,0.0,0,-0.548,-3.186,-0.557,1.377,20.121,0.0,540.64,42.6,19148.0,16155.454,1669,2888.26,27073.0,5630.4,2406
2026-04-01,17.817285719371977,2.679380950473604,15.408819856210208,1.1687387173826045,19.81190490722656,16469.882766394316,1314.9804555555556,24602.14375,31247.785,65068.53694444445,21615.881188271604,174820.0323611111,4.993069,5.762429,28.003610000000002,22.241181,4.505502000000001,0.28896499999999997,28.2419261,14.412799482330476,12.429057142857143,31.54596062518762,30.08833333333333,3.304034525187621,5.623066666666666,2.3190321414790454,340.4,19.3,64.3,5.6,484.2,0.0,7.803,11.125,3.35,19.97,62.9,0.0,0,-0.189,-1.724,-1.081,2.13,-17.378,-0.081,542.13,40.1,15263.0,12805.212,1334,2888.26,25461.0,5184.66,2285
2026-05-01,17.74749994277954,2.936900019645691,16.20322701226557,1.1681677103042605,17.237142926170712,15125.72712245813,601.1065529892342,23008.653091397853,31146.57688172043,59241.1561827957,20547.248457501282,165951.13387096775,4.92238,5.430331000000001,23.458102999999998,18.027772,8.233319999999999,0.203466,23.656584029999998,14.112612856305715,11.481333333333335,30.312860189639053,35.7114,6.656276159639056,,,304.6,55.2,113.4,7.9,238.0,47.50000000000001,6.566,7.918,4.45,22.694,109.13,0.0,0,-0.825,-0.047,1.192,1.571,30.628,-0.829,542.13,40.1,15163.0,12267.992999999999,1402,2888.26,23108.0,4727.879999999998,2300
