Date,JKM(USD/mmbtu),HH(USD/mmbtu),TTF(USD/mmbtu)
2015-01-01,8.99428575379508,2.929350030422211,6.783317242202431
2015-02-01,7.169999949137369,2.754947361193205,7.494766767740529
2015-03-01,7.4636110994550915,2.746909098191695,6.948688884228896
2015-04-01,7.193611145019531,2.5913333211626326,6.999473288396421
2015-05-01,7.350666681925456,2.8559500098228456,6.711971176676845
2015-06-01,7.4319443172878685,2.7692272663116455,6.734622497030962
2015-07-01,7.645277712080214,2.808090914379467,6.7243990267299525
2015-08-01,7.905312478542328,2.7534762110028947,6.387315363312449
2015-09-01,7.168529426350313,2.6389047418321883,6.312378915031748
2015-10-01,6.86941177704755,2.3850454633886162,5.99998698748595
2015-11-01,7.360624998807907,2.2798500061035156,5.412417650622073
2015-12-01,7.161578906209845,2.043499995361675,4.986258284099801
2016-01-01,6.035999933878581,2.2333684093073796,4.430392205246009
2016-02-01,4.941875010728836,1.9294500052928925,4.046715094949614
2016-03-01,4.3686842918396,1.8121363683180376,3.992324565017045
2016-04-01,4.270937442779541,2.0143809602374123,4.021214572540687
2016-05-01,4.546176489661722,2.08342859290895,4.3273163055555415
2016-06-01,5.007777770360311,2.62381818077781,4.75512113945832
2016-07-01,5.5776666641235355,2.7613999605178834,4.61947920059483
2016-08-01,5.646842103255422,2.722347829652869,3.9216168652349324
2016-09-01,5.6006249487400055,2.902904748916626,4.032391516588447
2016-10-01,6.426874995231628,3.0642500162124633,5.2047579551051895
2016-11-01,7.098823547363281,2.885550022125244,5.712398762999219
2016-12-01,7.8144444889492455,3.5837142921629406,5.465756584227651
2017-01-01,7.86,3.291200006008148,6.269681113342811
2017-02-01,7.86,2.9067368507385254,6.1027175674579635
2017-03-01,7.86,2.9924347504325537,4.949206575911566
2017-04-01,7.86,3.189473691739534,5.036432968773568
2017-05-01,5.502000045776367,3.235636364329945,5.0644233655726625
2017-06-01,5.479999932375821,2.993590918454257,4.982472121887061
2017-07-01,5.555749988555908,2.9551499843597413,5.09852052258998
2017-08-01,6.002608713896378,2.9051738821941875,5.53806874570852
2017-09-01,7.0457500457763675,3.00589998960495,6.0220090471166925
2017-10-01,8.605909087441184,2.912590904669328,6.2167958466976305
2017-11-01,9.427142915271578,3.058857111703782,6.716374790812891
2017-12-01,10.398750066757202,2.776049995422363,7.125206101434033
2018-01-01,10.662619091215587,3.160571438925607,6.6348254771022255
2018-02-01,9.525263284382067,2.662368423060367,6.688096447883636
2018-03-01,7.890000048137846,2.6993809654599143,6.6920996146610845
2018-04-01,7.501428581419445,2.7242381005060103,6.92784013173687
2018-05-01,8.579545389522206,2.8293181657791138,7.478624277684963
2018-06-01,10.055952253795805,2.9425238087063743,7.441961071591995
2018-07-01,9.997857048397972,2.7893333435058594,7.604084249427799
2018-08-01,10.685652110887611,2.9080869529558266,8.090059945772497
2018-09-01,11.540263276351126,2.8959999962856897,9.55562982072719
2018-10-01,10.91130430802055,3.2079564903093423,8.79973892486517
2018-11-01,10.339523814973377,4.0933809507460825,8.268030660122868
2018-12-01,9.353421110855905,3.8966316047467684,7.969668765313313
2019-01-01,8.3378571555728,3.100333338692075,7.263613743649152
2019-02-01,6.85052638304861,2.6825789401405737,6.020399624240964
2019-03-01,5.40452378136771,2.8046666781107583,5.180380739826852
2019-04-01,5.045714310237339,2.603095213572184,4.919939882835874
2019-05-01,5.173636306415904,2.592409068887884,4.36895955330197
2019-06-01,4.582749962806702,2.3303499937057497,3.586828142072895
2019-07-01,4.534772764552724,2.303090897473422,3.629799059596731
2019-08-01,4.471590930765325,2.174272721463984,3.6787105253336008
2019-09-01,5.264249992370606,2.5195500016212464,4.2277733293636155
2019-10-01,6.206956531690515,2.3392608580381973,5.054590073368639
2019-11-01,6.00825002193451,2.6314499974250793,5.15599054796498
2019-12-01,5.490238144284203,2.2882381053197953,4.619157068626258
2020-01-01,4.631190527053106,2.029952355793544,3.6450178951957986
2020-02-01,3.2855263132798043,1.8434210451025712,2.905645438857498
2020-03-01,3.1443182013251563,1.7311818112026562,2.723465747676327
2020-04-01,2.456428578921727,1.7593333437329246,2.1218044662740434
2020-05-01,2.077749991416931,1.8091500103473663,1.576044784537897
2020-06-01,2.1442272663116455,1.7008636322888462,1.7526054010606649
2020-07-01,2.391772736202587,1.7649545452811501,1.7906302851322502
2020-08-01,3.457761900765555,2.343476204645066,2.862465096398217
2020-09-01,4.6284761655898325,2.2802381004605974,3.9550337110080966
2020-10-01,5.971636403690685,2.83622728694569,4.890174141142417
2020-11-01,6.796700048446655,2.8719499707221985,4.832076923880029
2020-12-01,9.460590947758067,2.584272709759799,5.856306804255382
2021-01-01,13.332315846493369,2.648736840800235,7.298044422562157
2021-02-01,7.356000072077701,2.916999992571379,6.173551748457121
2021-03-01,6.386608725008757,2.622043454128763,6.130931018873279
2021-04-01,7.8012857891264415,2.6850952420915877,7.156228344299659
2021-05-01,9.624849987030029,2.959499990940094,8.900466148179513
2021-06-01,11.583363576368852,3.2724090814590454,10.30148031605863
2021-07-01,13.772047678629557,3.815047650110154,12.48223095199557
2021-08-01,16.35727275501598,4.031454519792036,15.42546042307788
2021-09-01,23.35090446472168,5.114857128688267,23.039328097134206
2021-10-01,33.22495278858003,5.570619015466599,31.050041700576198
2021-11-01,33.63390513828823,5.120238099779401,27.448248526709737
2021-12-01,37.84181811592796,3.863818190314553,38.09338011547406
2022-01-01,28.52974977493286,4.2554499983787535,28.396112612932598
2022-02-01,25.819210654810856,4.4630000214827685,27.377783071140332
2022-03-01,36.960869664731234,4.979304334391719,42.38797318934461
2022-04-01,29.222000217437746,6.70460000038147,32.225655785089096
2022-05-01,22.69728606087821,8.163476194654192,29.217470497284268
2022-06-01,29.72142882574172,7.597904772985549,33.35020833983445
2022-07-01,39.35680027008057,7.186950016021728,51.446295129447265
2022-08-01,53.216000100840695,8.77947819751242,69.92171728633524
2022-09-01,46.989190419514976,7.757523854573567,58.555619651419335
2022-10-01,32.975428444998606,6.084904738834926,39.040409535807996
2022-11-01,28.374142783028738,6.42976188659668,35.59703969199391
2022-12-01,32.33966682070778,5.768047582535517,35.9837276867796
2023-01-01,24.341100120544432,3.42279999256134,20.098845219389176
2023-02-01,16.874579028079385,2.437473673569529,16.59755770828856
2023-03-01,13.594695671744969,2.4077826427376787,13.811497463293792
2023-04-01,12.338842141000848,2.197263152975785,13.51005980120812
2023-05-01,10.450863534753973,2.2993181943893433,10.239370846137135
2023-06-01,10.610666638328915,2.4746190366290866,10.320269964648658
2023-07-01,11.439700174331666,2.636550009250641,9.444839437219681
2023-08-01,12.430434766023055,2.645130426987358,11.19284381199272
2023-09-01,13.919200038909912,2.6956499934196474,11.591126744251554
2023-10-01,16.30113632028753,3.1491818102923306,14.57781928207573
2023-11-01,17.01819047473726,3.0499999956651167,14.47879270368776
2023-12-01,14.032349872589112,2.5388499975204466,11.495187762109916
2024-01-01,10.320714223952521,2.7149999936421714,9.565056961745514
2024-02-01,8.931599998474121,1.7955000042915343,8.18280458849205
2024-03-01,8.950799942016602,1.747299998998642,8.560204568245927
2024-04-01,10.052363699132746,1.7912272702563892,9.102480665412
2024-05-01,11.100181796334006,2.4179999990896746,10.073104068115425
2024-06-01,12.29963157051488,2.809578958310579,10.866471790594815
2024-07-01,12.313227263363926,2.208681805567308,10.335494874673806
2024-08-01,13.304909099232066,2.0856363664973867,12.379224808360119
2024-09-01,13.40994997024536,2.409250020980835,11.744566356882387
2024-10-01,13.343869623930559,2.5769565209098486,12.920730096964942
2024-11-01,14.115700006484985,2.982000005245209,13.91411738689727
2024-12-01,14.341761861528669,3.406619049253918,13.865452519844945
2025-01-01,14.160428546723866,3.7213809490203857,14.678993853817648
2025-02-01,14.403157936899285,3.7409473720349764,15.361218417143412
2025-03-01,13.497333299546014,4.137476239885602,13.221147798931575
2025-04-01,12.224381038120814,3.4257618813287642,11.524144880946691
2025-05-01,11.828238123939151,3.4608095600491477,11.619363110145137
2025-06-01,13.05044994354248,3.643649995326996,12.282624700769047
2025-07-01,12.524545366113836,3.306130429972773,11.630756897860508
2025-08-01,11.62395241146996,2.888523817062378,11.151391586328026
2025-09-01,11.313095183599563,3.0097618897755942,11.124610441162185
2025-10-01,11.111565216727879,3.3532608695652173,10.895297392110022
2025-11-01,11.246420960677298,4.46726309625726,10.451956265258337
2025-12-01,10.23554533178156,4.394227277148854,9.478225338745583
2026-01-01,10.430999946594238,4.267950010299683,11.75080596861837
2026-02-01,10.820947446321187,3.1292631375162223,11.264914682273528
2026-03-01,18.26499990983443,3.0393636551770298,17.921295455870908
2026-04-01,17.817285719371977,2.679380950473604,15.408819856210208
2026-05-01,17.74749994277954,2.936900019645691,16.20322701226557
2026-06-01,17.328952335176012,3.2009047667185464,15.224940365028768
2026-07-01,18.980857304164342,2.939409082586115,18.196068680795797
