Date,Biomass,Cross border electricity trading,Fossil brown coal / lignite,Fossil coal-derived gas,Fossil gas,Fossil hard coal,Fossil oil,Fossil oil shale,Fossil peat,Geothermal,Hydro Run-of-River,Hydro pumped storage,Hydro pumped storage consumption,Hydro water reservoir,Load,Nuclear,Other renewables,Others,Renewable share of generation,Renewable share of load,Residual load,Solar,Waste,Wind offshore,Wind onshore
2015-01-01,8165.1676075268815,1065.280309139785,34281.741397849466,319.100940860215,27479.109879032258,34424.006182795696,593.8885080645161,1066.1779569892471,952.0250000000001,660.9057795698925,10901.563373655914,2380.6237903225806,-3161.010752688172,16844.349462365593,206354.4927419355,64247.46700268817,397.3018817204301,10571.581607469687,29.052083333333332,25.66323924731183,181589.98091397848,1968.7040322580644,2396.1239247311833,2768.3981854838707,20027.40940860215
2015-02-01,8498.351785714285,1245.5860863095238,35011.374404761904,332.5627976190476,29126.92001488095,36816.92827380953,680.612574404762,1149.7611607142858,998.6092261904762,677.2617559523809,10400.822098214285,2079.2110863095236,-3493.7456845238094,21931.154166666667,212120.26458333334,58051.90052083333,443.646130952381,10720.961755952381,26.265104166666667,24.465401785714285,188171.76443452382,3260.8292410714284,2367.9693452380952,2329.3380208333333,18358.336458333335
2015-03-01,8462.45564516129,1115.4495295698925,33049.321774193544,365.4756720430107,24266.697782258063,32421.6123655914,642.135819892473,735.9427419354838,863.0595430107527,668.8549731182795,10686.967338709677,1891.4154569892473,-3764.953629032258,19478.66612903226,195933.14382864334,52803.48655913978,437.98252688172045,10906.022849462364,29.47083333333333,27.28225377487989,170661.28072237477,5294.859610215054,2152.474731182796,2503.8171370967743,17456.52365591398
2015-04-01,8102.873888888889,1640.6452083333331,29976.13875,312.9893055555556,20709.768819444445,27873.55423611111,671.8030555555556,718.5209722222222,679.0915277777779,680.6641666666667,11666.564722222221,1739.7947916666667,-3374.878472222222,15387.405277777778,176322.13520833335,47907.317361111105,448.97527777777776,9698.1975,28.480694444444445,26.75,152638.7448611111,8054.135486111111,2258.3498611111113,1776.31375,13852.941041666667
2015-05-01,7962.635215053763,2961.823252688172,27145.074462365592,338.0255376344086,18942.049196290114,20925.549460821516,645.2953355270996,830.2424731182796,637.2815860215054,676.8408602150537,13670.88236157242,1932.5799129602515,-3629.597580645161,16942.59180107527,168314.63138440863,44736.94720027198,460.64180107526886,10255.764316452312,37.817113519160955,34.60763080976447,142421.16686827957,8654.325841827185,2209.8763440860216,2435.4408304104386,15220.220485865371
2015-06-01,7890.5001388888895,3420.4592361111113,31511.141944444444,331.8118055555555,21019.566062352245,22666.139949763594,579.2000856973995,548.3623611111111,489.51152777777776,646.6841666666667,11987.90769355792,1997.4895803782506,-2934.8747222222223,16755.96,171500.5013888889,45845.06505614657,440.2363888888889,9885.846387411348,32.4970079787234,30.003819444444446,149031.541875,9511.79923611111,2229.6497222222224,1945.9259027777778,11011.234027777778
2015-07-01,7832.512634408602,2840.867674731183,34364.48454301075,186.09193548387097,25574.904032258066,23736.594018817203,837.6125,608.9764784946236,402.67513440860216,618.9172043010753,9190.920698924732,1996.6551075268817,-2876.288575268817,15032.328225806452,177118.47251344085,46446.98158602151,437.4657258064516,10539.384274193548,31.24811827956989,28.60114247311828,153232.6237903226,9533.582795698925,2154.4466397849465,2230.9153225806454,12121.348454301076
2015-08-01,7793.289516129033,1950.5663978494624,34402.16142473118,330.4284946236559,22765.29805107527,22047.03642473118,1049.863508064516,731.3752688172042,496.56424731182796,660.824865591398,8077.675470430107,1903.0064516129032,-2890.828225806452,14292.359677419356,166639.06391129032,46168.745362903224,438.9924731182796,10180.220900537633,29.53252688172043,27.107190860215052,145513.99307795698,8516.961693548386,2233.8243279569892,1951.87748655914,10656.23313172043
2015-09-01,8073.437777777778,2142.282152777778,35642.20208333333,716.9195833333334,25473.879620271866,24852.452697990542,1080.0788031914894,896.6563888888888,729.4902777777777,684.37875,7629.4139450354605,1801.5825768321513,-2912.034722222222,13148.09486111111,173960.03354166666,46216.36490691489,447.5761111111111,11414.393486997637,26.677749704491724,24.80922281323877,152250.249375,6740.153175236407,2450.007777777778,2176.2128575650117,12813.198055555555
2015-10-01,8401.367607526881,1335.7467741935484,35445.243817204304,987.4564516129033,28123.926172500574,29714.940804449787,993.9480968313886,828.4928763440861,812.7439516129032,685.1922043010752,8307.18191203386,2096.001522820865,-3245.6408602150536,14532.805107526881,182247.39590053764,50082.65652882635,433.3344086021505,6760.435056337223,24.440498455730953,22.713760835303386,163842.38823924732,4127.372889975597,2517.573252688172,2286.170320801241,12376.726832786802
2015-11-01,8455.669305555555,1463.183611111111,34659.730833333335,999.4679166666666,30338.138541666667,26407.74527777778,890.1467361111112,829.78125,838.67,682.0758333333334,7476.069375,1997.907777777778,-3635.3815277777776,13748.609999999999,191586.30423611111,51519.031180555554,435.34666666666664,6351.9795138888885,33.57743055555555,30.761666666666667,164366.4363888889,2944.6682638888888,2352.681944444444,4031.85375,20243.344375
2015-12-01,8567.41451612903,727.7736559139785,33995.17352150538,949.4305107526882,28950.36897449096,24346.19909774651,875.8104152367879,782.0330645161291,800.0954301075268,694.3993279569892,7410.081883436284,1960.1896019217572,-4208.922715053764,11760.910752688173,191311.27997311827,55468.86287748798,451.72661290322577,6667.893055078929,37.212274079158085,33.5471516815374,162863.19428763443,2133.620581674674,2196.143817204301,4655.038628174331,21675.269017387323
2016-01-01,8491.75,827.9721774193548,35518.88978494624,950.2971774193549,34723.02405913979,25886.1563844086,1181.774193548387,1197.2877688172043,1032.5389784946235,697.5809139784946,9189.440188172042,2286.6565860215055,-4734.339247311827,18150.999193548385,207722.0369623656,57619.61108870968,439.5525537634408,11525.86196236559,32.78622311827957,29.741935483870968,180474.1052419355,2041.2614247311826,2240.9451612903226,4065.8789650537633,21140.791935483874
2016-02-01,8550.48577586207,2014.9249281609195,32050.923994252877,902.0262931034483,30685.473706896555,24142.543031609195,1084.8836925287355,833.8492816091954,815.5801724137931,694.5989942528736,11683.363864942528,2377.5295977011497,-4167.380459770115,20882.929166666665,206460.7262518342,56137.05028735632,443.24568965517244,10723.801795977011,33.93031609195402,30.856762044509658,176264.0740584495,3429.291954022988,2293.564224137931,3441.827801724138,23302.119612068964
2016-03-01,8582.460752688172,2836.418481182796,30763.29798387097,905.3622311827958,31637.27176275452,23404.715788721114,1014.1666823953329,697.0155913978494,759.0268817204301,699.9516129032259,11135.031816231982,2171.2369437771677,-3430.565188172043,19375.307123655915,197574.15564516129,54758.39674702586,440.15672043010755,10765.973348490048,29.05743679935941,26.293378231525963,173635.28555107524,5569.950225920842,2291.5709677419354,2271.3103680507893,16120.1608584992
2016-04-01,8036.247083333334,2195.68,28906.20611111111,1051.8509722222223,28748.664372044917,17878.64488475177,823.886663711584,814.0041666666667,748.0195833333333,690.9781944444444,12962.804760638299,2157.514598108747,-3278.7806944444446,19541.03138888889,182412.42694444445,48443.05547724586,445.3256944444445,9704.077813238771,32.764892139479905,29.969968971631204,156990.1573611111,7707.853594858156,2190.474027777778,2362.8879122340427,15371.906371158393
2016-05-01,7825.468817204301,3441.4997983870967,27279.342876344086,1058.571505376344,25157.85188315031,14439.498635895676,832.5422829444063,660.149059139785,621.8466397849463,685.8336021505377,13755.710100663464,2116.0892959277057,-3543.9224462365587,18065.073655913977,169910.75288978496,43251.69645962022,439.98319892473114,9355.726705845344,35.92493136582018,32.39912491420727,144785.99590053764,9063.636271734156,2255.150134408602,2335.514500400366,13763.785185026309
2016-06-01,7643.840416666667,4051.817152777778,28375.060694444444,1031.815,27590.470307328607,17795.318649527188,999.3369887706855,728.5190277777779,429.4909722222222,685.2523611111112,14086.182782210402,2183.337361111111,-2610.6325,16433.66986111111,172798.14229166665,44542.15891991726,442.69277777777774,8411.048439716313,28.88286790780142,26.29423611111111,152011.76131944446,9226.301875000001,2386.7875,1459.555,10100.52611111111
2016-07-01,7722.854166666666,3263.0247311827957,31559.25806451613,842.3095430107527,28623.770558796612,16321.508862388471,1041.8309268474034,981.4581989247312,384.585752688172,666.4346774193548,11909.420694635095,2010.8278955044611,-2414.237768817204,13652.850403225806,172918.54791666666,46653.524561027225,450.64112903225805,8809.878816346372,31.73087680164722,28.710902825440403,150249.24153225805,9564.68647477694,2661.141532258064,1890.245671757035,11242.855922557766
2016-08-01,7725.0173387096775,2132.7815860215055,31201.66639784946,1054.4221774193547,28226.737806089375,14802.27021314726,1025.98821379547,1118.154301075269,521.5498655913979,682.3901881720429,10463.991736349424,2061.2344571227027,-2699.323924731183,12324.968279569892,168030.2182795699,46122.11178143827,438.16384408602147,8231.881654179058,33.38017921146953,30.23363789750629,144041.2745967742,9180.044050274537,2536.716129032258,2188.315824468085,12634.996014927934
2016-09-01,7522.9054166666665,2123.7795138888887,32875.84375,1089.43375,33473.89839539007,19470.887022754137,971.9069606973994,1117.757361111111,681.1716666666667,676.3456944444445,8376.39289893617,1955.0833835697401,-2771.068888888889,12426.456527777778,173967.71638888886,45702.4606855792,453.19972222222225,9684.890227541373,29.125889479905435,26.91375,153526.14020833332,7439.189305555556,2655.3531944444444,1942.8959027777778,11059.490555555556
2016-10-01,8041.635752688172,421.41693548387093,34359.72809139785,1039.492741935484,38646.586391843965,22250.89801675818,832.5741363532372,1172.9111559139785,884.7380376344086,683.2306451612903,7263.0411919469225,2043.59127487989,-3376.6551075268817,12431.23629032258,180411.30349462366,45740.49112331274,457.61397849462367,10377.66715425532,24.93504203843514,23.749662548615877,160906.62997311828,4312.175759265614,2475.0631720430106,2573.0461936627776,12632.38181909174
2016-11-01,8276.44875,-0.1702777777777707,35782.76291666667,979.2286111111111,43624.06998226951,25228.611620991367,1049.470218547641,1236.55125,999.5961111111112,668.5273611111112,9178.675274308767,2155.6951545636757,-3962.5208333333335,11925.010416666666,199952.12768764776,49515.77547788827,468.0723611111111,11655.444371081303,25.662292566039678,24.54594414893617,176058.50865248227,2797.010069444444,2457.5354166666666,3151.7503472222224,17934.4975
2016-12-01,8541.491129032258,-540.8868951612903,35106.83924731183,984.5947580645161,43766.33970344315,24825.159907629833,1015.1118980210479,996.5818548387097,886.25,690.1180107526882,7782.730961164493,2343.5134179821553,-3796.7807795698923,13557.949059139784,202417.69260752687,53177.9184339968,475.9809139784946,12693.291791066118,27.621774193548386,26.35369623655914,178362.44623655913,2268.7971102150536,2607.6790322580646,2887.6897177419355,18898.75987903226
2017-01-01,9397.817607526882,-616.2986559139785,37053.060349462365,996.0719086021505,47212.095999074925,29954.926655613082,1466.6655417251052,1282.9129032258063,911.0389784946236,697.0075268817204,7656.246754299584,2471.2855666795977,-3705.542876344086,17346.0685483871,215574.0253360215,56195.34983481792,489.04596774193544,13304.13681968856,26.213328832323715,26.04744623655914,191315.76633064516,2482.788642473118,2393.9494623655914,2777.615591397849,18997.85430107527
2017-02-01,9410.861160714285,-336.5723214285714,35752.65372023809,890.0328869047619,38055.44380699088,25389.94649347771,1070.7563956433637,1216.547470238095,992.1313988095238,697.3284226190475,9095.566232902736,2143.0245124113476,-3984.8955357142854,13924.92574404762,205003.32061011906,53867.1603106003,489.55044642857143,12762.862675721884,32.8259181864235,31.496056547619048,175081.49367559524,3584.7909970238097,2523.364732142857,3950.034598214286,22386.99962797619
2017-03-01,9097.480241935484,845.2944220430107,33043.08951612903,1002.3661290322581,34208.87649416112,17346.906669700496,979.5273972849711,1131.9653225806453,799.4233870967741,692.9211021505375,11521.565137628937,2119.002372044503,-3525.9095430107527,13709.313306451613,191852.2113889842,51341.4468690629,502.84771505376347,10584.915933449713,36.46100639839655,33.86984808470851,161399.0839095745,6585.3359922861155,2539.092741935484,3309.4568957456754,20560.927761220195
2017-04-01,8846.406388888889,1473.1234722222223,30855.755,963.3904166666667,30961.633677600472,14561.841906028369,846.379621749409,974.9566666666667,757.6127777777778,684.185,9455.887799940898,2017.525970744681,-3584.2418055555554,11614.715416666668,176292.4267361111,48172.44272015367,502.5711111111111,9886.93979609929,35.947180851063834,32.81875,147388.465625,8502.596319444445,2642.4859722222222,2587.3783333333336,17813.985069444447
2017-05-01,8272.366666666667,2687.7985215053764,30810.099865591397,808.1049731182795,28088.12331989247,15766.336021505376,829.6020161290322,1154.218010752688,709.7763440860215,670.6572580645161,11837.004973118279,1904.0191532258063,-3153.7250000000004,12109.240322580645,171571.1146119309,45268.30557795699,491.16948924731184,9543.48629032258,34.15215053763441,31.673428563257836,146028.15507749942,9717.922722203157,2515.038440860215,2465.627518016472,13353.203588995653
2017-06-01,8096.395972222222,3439.1790277777777,29352.004305555554,983.6387500000001,28926.088043157055,15092.165297050056,1064.7580225999588,988.5586111111111,409.2270833333333,670.7994444444445,10992.022404409498,1961.6469969935245,-2838.800972222222,12074.758194444445,173244.43034722222,45370.39459451126,483.71666666666664,9091.576512745401,38.08240768578477,34.975359042553194,144813.97347222222,10355.785135933806,2426.106111111111,2899.3368365839247,15192.839519799054
2017-07-01,7963.102016129033,3613.011693548387,30807.665322580644,917.0182795698925,31876.92975434683,15989.914310226493,1193.1120953443149,837.5013440860215,469.81465053763435,676.5501344086022,9508.427499428048,1749.8190173873254,-2299.7509408602155,12568.792741935484,172697.47715053766,44482.21802648135,460.1114247311828,8680.642586078702,34.38571980096088,31.100403225806453,147406.77815860216,9781.216196236559,2499.9879032258063,2173.8588037634413,13335.623924731182
2017-08-01,6300.963172130372,3092.728561827957,31833.49059139785,1053.459005376344,29194.875061903444,14905.028502384203,1162.637267214377,928.9922043010753,496.633064516129,658.8104838709677,9179.725532759643,1897.3363933915782,-2506.3631720430108,12621.892338709677,169661.38844086023,47284.853080675304,446.4193548387097,8134.0986678571735,34.42813844236796,31.378421178118966,145062.250672043,9213.989357314591,2422.9368279569894,2387.7385287266047,13185.28458205617
2017-09-01,4091.2074124220935,2321.6541666666667,32273.03986111111,978.3104166666667,31229.361510304247,17120.452188945423,1063.747395877134,911.1334722222222,451.7566666666667,661.1529166666667,9656.409045671795,1820.9048290665676,-2560.1279166666664,13371.247777777779,174601.6234855201,47196.24178004606,450.99777777777774,7729.2079525247855,35.59975476901298,32.94343101225016,149659.84720153667,6944.470878897672,2607.162638888889,2917.6273375054893,15136.38133920729
2017-10-01,4230.996998684512,370.07547043010754,31715.808333333334,944.6689516129032,34467.15315145276,17325.139826412724,1007.2036962365592,1038.3029569892474,628.4977150537634,664.1377688172042,7824.490471288035,1912.163746854267,-3271.2513440860216,11463.1686827957,177668.55873655915,45508.07702184855,454.0431451612903,8747.168576984672,40.674961393273854,38.7834219858156,146220.57708333334,5033.903407401052,2445.1008064516127,4884.662920384351,21549.23226521391
2017-11-01,6050.954114049563,-720.53625,34400.09638888889,940.4033333333333,44012.22230731581,24323.1123793047,1071.5367574056165,1060.0572222222222,795.6059722222221,682.1956944444445,8735.642257745898,2281.4442704642674,-3524.33125,13135.462361111111,196359.36354166668,48942.13062884033,464.3847222222222,8361.924249996162,37.199066296193955,36.88231251854922,168800.16993055554,2889.810160037559,2622.604722222222,4099.890367282245,20744.455115420926
2017-12-01,6044.037335563944,-12.289919354838744,30469.84435483871,1020.1516129032258,39239.86199954244,22327.654772935253,1016.2069563601007,881.8876344086021,841.3760752688172,691.9814516129032,9762.585934282772,2118.305273392816,-4862.574193548387,13379.4811827957,202440.41478494625,53953.32523735987,462.82594086021504,8241.741613761153,39.832443948753145,37.76969086021505,168813.89758064516,2006.48313172043,2615.998387096774,4528.914717741935,27091.126142473116
2018-01-01,5756.81178537147,2006.8638440860216,32566.714650537633,986.7713709677419,37934.25933866243,18057.725324209463,986.0320920742444,1103.0823924731183,886.5418010752688,685.3104838709677,11387.220170180439,2347.8812485701214,-4594.876747311828,16348.48696236559,208427.96377688172,55924.73186534521,469.07459677419354,8173.0393573503225,42.5315981443904,37.544173679289386,174804.1815188172,2378.4972767648433,2501.0637096774194,4494.516412459093,26811.38784770921
2018-02-01,6378.887615564842,2714.8418154761903,35343.850595238095,1005.4010416666666,40978.51771941489,25134.738870947313,1078.2867891970618,1159.7050595238095,977.0282738095239,682.113988095238,10763.954147669705,2363.0786949088147,-3645.090476190476,19205.365773809524,218431.07663690476,56300.555562943264,464.1769345238095,8459.486053064842,37.803881712259376,33.82946428571429,189834.42745535713,4333.653720238095,2418.3035714285716,3874.3434523809524,20388.65587797619
2018-03-01,6345.473920441546,1348.1586693548386,31710.040456989245,973.0274193548387,33711.19045269961,23025.65627287806,985.2181322923816,1294.7286290322581,883.1389784946236,676.485752688172,11415.742205730954,2543.9246968657058,-4568.510887096774,20978.308602150537,206087.46444892476,52232.35144989705,460.7010752688172,7996.803690517044,41.337292667581785,38.28010752688172,172461.72641129032,5377.1215053763435,2265.7926075268815,3631.8879704301075,24616.732056451612
2018-04-01,6176.9795138888885,1738.5623611111112,26902.050833333335,852.4309722222222,26660.18729166667,12801.001180555555,847.6720138888888,1093.2079166666667,819.5998611111112,676.9923611111111,14495.064236111111,2263.620625,-4739.5048611111115,18776.83111111111,178396.71006944444,46609.04583333333,467.50416666666666,6469.462638888888,46.463125,42.34729166666667,147560.89333333334,8541.140972222222,2411.7715277777775,3305.8342361111113,18988.84354166667
2018-05-01,6099.975829329673,3516.979166666667,27825.41626344086,1057.9268817204302,25019.360848490047,12164.707604095172,954.518953042782,745.5708333333334,612.725940860215,666.5825268817205,14719.794762354153,2108.1252273507207,-3584.198252688172,18401.58064516129,170640.974327957,43476.81968228095,466.5993279569892,6146.291304907344,47.426512811713565,42.69879032258064,143717.4757392473,10438.452688172043,2253.803360215054,2507.9723790322582,13977.07620967742
2018-06-01,5559.752256205674,3425.532986111111,30816.69833333333,984.9777777777778,28226.021353427896,12672.83981678487,953.6292686170214,728.2776388888889,485.9547222222222,657.0405555555556,13348.913924349881,1867.3539140070923,-2671.5043055555557,15901.270138888889,173116.65729166666,45061.04354314421,466.41847222222225,5974.124760638298,41.939317375886525,38.1625,147367.91604166667,10544.676597222222,1828.0805555555555,2313.132013888889,12890.934375
2018-07-01,5555.493458304735,3652.2381048387097,32458.7686827957,889.855241935484,32644.84198409975,15870.98196779913,1021.3631534545871,852.8923387096773,492.63104838709677,640.6626344086022,10085.23535661176,1603.2413678220087,-2054.0270161290323,14103.745564516128,176452.67358870967,46087.65926561428,462.65255376344084,6239.320830473576,37.64991563715397,33.714045698924735,153235.0179435484,11411.60497311828,2390.3551075268815,1647.0334005376344,10159.016196236558
2018-08-01,5885.598969057424,3416.49939516129,31032.145967741937,838.392876344086,31308.467192862045,15530.376172500572,1092.3612946122169,994.0935483870968,547.1474462365591,642.7083333333333,8110.224668268132,1612.94609929078,-2450.8142473118282,12754.490322580645,172130.25436827957,44408.83434568748,451.2638440860215,6496.462714481811,41.87139098604438,37.76048387096775,146564.24657258063,9641.890188172043,2807.1692204301075,2439.652553763441,13484.459811827957
2018-09-01,6063.531973995272,2187.8243749999997,31301.460000000003,884.0727777777778,28461.8331855792,17805.53719710402,1113.1662012411348,819.0176388888889,702.0795833333334,656.5,7650.54378250591,1780.1693587470447,-3234.8504166666667,12236.94125,174817.0207239953,45579.80086288416,463.8018055555556,7057.499361702127,48.56115395981087,44.69400856973995,145892.869178487,8130.306948877069,2794.995277777778,4091.279258274232,16711.320898345155
2018-10-01,6535.96662942765,1550.2271505376343,30780.77137096774,869.6569892473118,34330.98757677827,18173.227086130923,886.1013999756299,776.3569892473118,810.1014784946236,664.2268817204301,6646.532668066705,1985.1178146106254,-4070.438575268817,11061.87567204301,181371.2694563601,45303.48487325058,475.8412634408602,6785.538486243323,47.886690129111834,43.589989418897275,149942.43194063142,5518.1981854838705,2826.721370967742,4266.564919354839,21617.80067204301
2018-11-01,6777.703888888889,1533.5938888888888,32974.37611111111,819.09875,39653.51152777777,21077.364583333332,936.8200694444444,993.9368055555556,858.6804166666666,665.2265277777777,8643.818333333335,2062.5109027777776,-3591.635694444444,15054.049305555556,196934.999375,47605.28,483.84236111111113,7142.637638888889,46.19680555555556,42.49708333333333,167157.96652777778,2825.2064583333336,2822.441388888889,4679.461944444444,22272.36416666667
2018-12-01,6731.308657915808,430.086626344086,30248.20241935484,982.5229838709677,39147.53369223289,17502.27294669412,929.4173258407687,715.5426075268817,909.3376344086022,678.2206989247312,9311.815642873484,2122.6070550217346,-3893.746102150538,15444.032930107527,198803.49308653627,52723.25223633036,489.0056451612903,6583.530219057424,44.95052047586365,43.482082189430336,166981.27719486388,2011.211424731183,2947.733064516129,4708.559475806452,25091.589650537633
2019-01-01,6726.179166666667,283.21270161290323,31262.732526881722,902.2795698924732,49969.98944892473,20695.1999327957,1089.5245967741935,1145.8610215053764,1004.1891129032258,685.3256720430107,8634.457123655915,2119.598588709677,-3748.996639784946,16252.872715053763,214819.27331989247,54433.237096774195,524.9954301075269,5687.893279569892,39.53185483870968,36.570094086021506,181161.28293010753,2552.9802419354837,2588.0594086021506,4586.077284946236,26518.92701612903
2019-02-01,6507.918303571429,950.7323660714286,30838.722470238095,1424.4520833333333,41903.03586309524,16301.170461309524,1053.293675595238,688.5083333333333,866.3784226190476,672.4022321428572,9789.388913690476,1893.0335565476191,-3440.5546130952384,16094.046428571428,206418.22477678573,54625.25989583333,525.7964285714286,5703.933705357143,45.93229166666667,39.48452380952381,172042.81607142856,5355.394270833333,2629.1364583333334,4425.70349702381,24594.313839285714
2019-03-01,6445.687836021505,508.55463709677423,25334.789784946235,1272.0870967741935,34428.18790322581,11144.66001344086,979.9819892473118,588.6861559139785,777.0250000000001,675.5799731182796,10462.992204301074,1852.8468413978494,-3637.7364247311825,13915.03951612903,192478.61653225805,50576.905241935485,528.574865591398,5788.945698924731,52.891263440860214,46.49012096774193,151762.45456989246,6998.517137096775,2477.036693548387,5122.452956989247,28595.187701612904
2019-04-01,5947.7162499999995,569.2269444444445,25862.643333333333,1239.8205555555555,33972.87125,10553.076805555555,868.7639583333333,561.72875,717.7831944444445,683.14625,10567.972777777779,1860.895,-3215.8776388888887,13929.65625,178668.9596527778,48357.82236111111,530.5943055555556,5258.895763888889,48.00333333333334,43.619375,145787.79930555556,9192.078819444443,2551.425694444444,3953.803125,19735.274930555555
2019-05-01,6171.084991571198,1561.8119623655916,24428.135618279568,1115.498252688172,33490.05296972303,9154.6419083855,876.0409443864678,395.92379032258066,531.5944892473119,684.002688172043,12980.353322860366,1700.4844629324011,-3141.3307795698925,14403.742204301074,173988.06725919447,45595.780980483156,507.8037634408602,4984.548837534756,46.958635961397185,43.99811195462799,143299.71363584686,9839.546244268051,2613.796370967742,3292.1338209219857,17392.127985462485
2019-06-01,5971.412847222222,2331.042847222222,21470.760972222222,1250.98875,35525.20993055555,8684.918819444445,786.6973611111111,194.69263888888887,372.97194444444443,671.8779166666667,13404.950902777779,1866.6609722222222,-2942.6090277777776,15172.693055555555,170625.84375,42777.90555555556,504.71319444444447,4158.842430555555,50.56125,47.65347222222223,141155.85347222222,11479.952430555557,2046.0004166666665,3279.98875,14714.068402777777
2019-07-01,5941.875134408601,3683.2036962365587,23589.42930107527,1279.3846774193548,41901.51982526882,9321.455846774194,896.5098790322581,196.75940860215056,275.9326612903226,665.0944892473118,10073.754637096774,1683.4960349462365,-2289.842741935484,14212.677150537633,175214.77983870968,44142.86404569892,498.8200268817204,4102.720228494623,44.54543010752688,42.76700268817204,147701.080577957,10968.962768817204,2018.476747311828,2971.0696236559143,13579.354099462367
2019-08-01,6044.883938172044,3643.8194892473116,23159.176747311827,969.3440860215053,36782.36619623656,8299.482594086021,1173.2551747311827,311.5041666666667,385.5810483870968,672.6361559139784,8891.848723118279,1744.3907258064514,-2658.497311827957,11544.34126344086,167945.86485215055,44274.00174731183,491.87002688172043,4388.220833333333,51.503965053763444,45.58353494623656,140167.74845430107,10351.419758064516,2486.2943548387098,3683.5217741935485,13743.17056451613
2019-09-01,5857.5749305555555,2567.620902777778,23396.23222222222,1004.8127777777778,38068.733888888884,8613.715416666666,1102.0825,375.4073611111111,695.2018055555556,677.9340277777777,7737.025833333333,1763.6246527777778,-3242.7013888888887,11674.781388888889,171764.308125,45197.71708333333,503.38527777777773,4654.087777777778,49.56027777777778,44.33833333333334,140517.62916666668,8190.5225,2462.785972222222,4631.922916666666,18424.235624999998
2019-10-01,5986.680309139785,1452.7372311827955,24944.502016129034,940.2204301075269,42426.86014784946,10957.878225806451,983.4736559139785,322.6279569892473,848.8084677419355,673.4282258064517,7778.064516129032,1893.009005376344,-3439.5227150537635,12234.56182795699,179462.8623655914,46056.389717741935,513.7092741935484,4656.052755376344,46.7415994623656,42.95288978494624,148394.39791666664,5368.331586021505,2694.162231182796,5366.85315860215,20333.286693548387
2019-11-01,7250.371041666667,1831.6222222222225,27576.319305555557,1105.0715277777779,43720.19375,14801.554930555556,1008.924375,434.29041666666666,819.8219444444444,675.7572222222223,11187.905416666666,2179.1965972222224,-3754.8416666666667,17446.713333333333,196557.84937500002,47414.49625,519.8897222222222,4605.348055555555,45.294513888888886,41.26493055555556,164464.92041666666,2688.5597916666666,2808.3884722222224,5321.8677777777775,24082.50888888889
2019-12-01,7398.112836021505,1000.900873655914,24105.111424731185,1106.2245967741935,36046.57607526882,12156.8749327957,1026.1343413978495,292.5963709677419,755.5985215053763,647.7239247311828,12112.744623655914,2563.3728494623656,-4665.737231182796,20654.347715053762,194519.13004032258,49764.17836021505,520.1935483870968,4736.535483870968,56.37016129032258,50.948319892473116,156286.31458333333,2393.885685483871,2905.7073924731185,6946.474596774194,28892.458669354837
2020-01-01,7131.79016958362,852.1289650537634,25075.637365591396,1118.4842741935483,43329.532163692515,12840.342566060399,1029.009766071837,221.42876344086022,737.299059139785,692.675806451613,10300.44921070693,2312.386898021048,-3777.4525537634413,18634.154032258066,203635.01075268816,52444.45827756806,526.5434139784946,4772.107153683368,55.528852093342486,51.3690188172043,164186.6830645161,2952.624865591398,2854.8197580645165,7332.586424731183,29163.114045698923
2020-02-01,6600.5981992337165,1736.770474137931,19949.594827586207,1201.385632183908,35717.005249042144,10730.941345785439,1003.3995689655173,184.23606321839083,731.6474137931035,695.7099137931035,11451.969607279694,2202.238740421456,-4322.993678160919,18136.692672413796,200811.6253591954,49249.33963122605,522.1147988505747,4814.479276819923,65.46479885057471,56.64956896551725,150942.4150862069,4896.538649425287,2478.978735632184,8234.446264367816,36743.18031609196
2020-03-01,6864.931518817204,2976.113373655914,18995.219623655914,1197.3326612903227,33219.314180107525,9593.525873655914,810.7005376344086,205.16814516129034,631.2154569892474,703.3372311827957,11878.109475806452,2255.853897849462,-4434.86626344086,18498.081048387096,185582.11102150538,44681.383602150534,520.6008064516129,4528.848588709678,62.72762096774194,53.720362903225805,143046.22002688173,7885.607056451613,2542.3361559139785,6615.904704301075,28034.37802419355
2020-04-01,6520.006111111111,2840.048402777778,15098.739027777778,1111.1254166666665,24974.313888888886,6264.207083333333,842.8611111111111,91.50041666666667,497.0372222222222,687.7851388888888,10667.510347222222,2286.6323611111106,-4977.745555555555,16604.24138888889,155500.9834722222,41032.841527777775,507.4297222222222,4052.940694444444,60.31881944444444,53.24993055555556,120774.96298611112,11581.555277777778,2617.7981944444446,4302.2125,18842.25298611111
2020-05-01,6601.69126344086,3399.342809139785,14418.85255376344,894.6918010752687,25205.295900537632,5900.153830645161,888.6158602150538,95.08145161290322,329.56129032258065,674.2331989247313,12816.490725806452,2033.851814516129,-4131.26559139785,16284.038440860215,153437.2689516129,37720.81202956989,502.8788978494624,4192.96061827957,61.67399193548387,54.56330645161291,119777.80766129032,12555.875739247313,2676.4802419354837,3696.447916666667,17411.23373655914
2020-06-01,6391.193402777778,2991.6475694444443,17612.423194444444,891.3791666666667,34258.11833333333,6266.692777777777,885.6170833333333,213.70208333333332,186.46972222222223,642.2694444444444,12899.094513888887,2085.9227083333335,-3075.639583333333,16299.84638888889,157437.67006944443,35145.043958333335,512.260138888889,4083.3002083333336,57.85527777777778,54.283750000000005,126499.5632638889,12012.909791666667,2105.6080555555554,3947.5236805555555,14977.67326388889
2020-07-01,6341.4803148593,3135.0022849462366,18296.50053763441,891.5532258064517,41042.66794640814,6754.213130576528,914.141715282544,197.93158602150538,67.37553763440862,646.552688172043,11048.031448753145,2028.2565288263556,-3106.5783602150536,14181.133064516129,164289.29858870967,36993.133660775566,510.19193548387096,3937.500251658659,53.9238260695493,52.63165322580645,131836.0117607527,12512.971303763441,2561.056048387097,3930.0573924731184,16010.257930107527
2020-08-01,5764.269556451613,4314.298991935483,20939.444758064514,1136.20188172043,40545.12889784946,7452.298521505376,1000.177688172043,465.2091397849462,207.82983870967743,653.1092741935485,9582.361424731183,2018.7145161290323,-3457.8985215053767,14939.473655913978,163840.68010752686,36483.260887096774,495.79502688172045,3624.1236559139784,50.52909946236559,45.182258064516134,134071.7693548387,11296.470833333333,2682.7415322580646,4146.3011424731185,14327.32627688172
2020-09-01,5739.952152777778,3782.3393055555557,22009.522083333333,1173.0593055555555,40102.067291666666,10250.236736111112,1075.6204166666666,365.02708333333334,322.69874999999996,656.2029166666667,9349.124375000001,2200.485347222222,-3438.9733333333334,12858.742083333334,168684.1207638889,37664.59111111111,508.96458333333334,3678.0577083333333,51.82729166666666,47.87236111111111,136501.9898611111,9597.574027777777,2594.27125,4943.956736111111,17640.597916666666
2020-10-01,6279.981922043011,4259.003225806452,24096.819758064514,884.8677419354839,34374.22708333333,9543.232997311827,853.8778897849463,309.6530913978495,570.4306451612903,670.5454301075268,11243.87681451613,2167.7540322580644,-3855.0647849462366,15126.896370967741,179294.02224462366,42483.53434139785,525.402688172043,3750.6832661290323,55.63198924731183,48.7698252688172,141243.48635752688,5600.195967741935,2603.258198924731,7393.277352150538,25057.060147849465
2020-11-01,7002.295833333334,2867.3932638888887,26102.709305555556,1033.236111111111,41241.69930555556,11940.672222222223,954.8452083333334,315.82472222222225,575.5730555555555,675.1366666666667,10085.208958333333,2280.6306944444445,-3423.2854166666666,17504.699722222223,188895.2525783097,45975.91409722222,523.5109722222222,3752.555625,53.59104166666667,46.87120715130024,155442.80016252954,3776.082847222222,2570.836527777778,6659.263611111111,23000.49548611111
2020-12-01,7480.579502688172,2479.975873655914,24260.65564516129,993.6440860215054,42813.83662634409,12158.745497311827,996.3150537634408,337.58239247311826,580.9862903225807,667.605241935484,10351.949596774193,2447.6653225806454,-4273.351747311828,19504.27822580645,196183.96706989247,49242.15288978494,532.3783602150538,4096.108400537634,52.658534946236564,47.22977150537635,160310.24092741936,2306.958938172043,2706.6086021505375,6840.983467741935,26735.73064516129
2021-01-01,7349.5325268817205,3515.202620967742,27263.52311827957,779.0466397849461,45289.26438172043,14919.38817204301,1141.9251344086022,474.1185483870967,700.5068548387097,655.4819892473118,11193.017674731183,2406.136021505376,-4065.4888440860213,23677.60309139785,209197.25409946236,51413.88514784946,522.320564516129,4111.969556451612,47.66001344086021,42.24166666666667,174666.90383064517,2648.5660618279567,2616.509139784946,6348.318548387097,25541.94489247312
2021-02-01,7408.884598214286,3373.588988095238,24053.264880952378,601.5157738095238,38283.322023809524,12083.239583333332,1093.552306547619,576.0995535714286,782.8364583333333,667.9061011904762,13041.021949404761,2557.953348214286,-4447.868303571428,24896.83794642857,205398.3177083333,48426.450892857145,518.4770833333333,4056.7745535714284,61.07552083333333,51.82090773809524,164053.2275297619,5194.719419642858,2436.207886904762,7745.880208333334,28404.489136904762
2021-03-01,7602.172647849462,2886.6680779569892,22501.053225806452,599.3737903225807,38954.74448924731,10490.235013440859,997.6855510752688,186.67540322580646,516.2096774193549,669.5649193548387,10915.223924731183,2021.6613575268816,-3590.443413978495,18806.136559139788,193233.23021762754,46205.97916666667,528.2016129032259,4163.767069892473,58.78393817204301,51.580546499656826,152906.82004404027,8830.443749999999,2643.3669354838707,6114.093615591399,25370.01444892473
2021-04-01,6832.471875,1818.0593055555555,22017.41402777778,769.4675000000001,39814.190625,9252.70451388889,949.8277777777778,221.58263888888888,435.84277777777777,664.5843055555556,10396.354374999999,1813.5185416666668,-3246.233333333333,15847.878055555555,178844.78361111114,42490.701250000006,501.2729166666667,4055.957152777778,49.75756944444445,45.676180555555554,142305.92055555558,11404.059513888888,2574.927222222222,4674.483819444445,20465.02597222222
2021-05-01,6913.395999199268,3050.7763440860213,17630.56626344086,835.4072580645161,29587.237000972316,7177.3002959849,966.1981282887211,227.42204301075267,407.03172043010755,653.1005376344086,13663.562798844658,1740.318063658202,-3405.9294354838707,16753.34690860215,169360.56518817204,40196.6070707504,500.5327956989247,3837.1870352894075,55.90789150080074,49.76465053763441,131093.38884408603,12582.425739247312,2599.525537634409,4113.38561827957,21582.428561827957
2021-06-01,7769.284311868687,2878.5694823232325,21110.499444444446,823.6009722222223,40223.79433712121,12922.0405239899,1714.4186237373738,362.96958333333333,255.03444444444446,652.9170833333334,20969.963724747475,2771.913964646465,-2437.420416666667,16464.981111111112,231921.292885101,59438.844936868685,493.69430555555556,5157.974520202019,45.48901515151515,41.36761994949495,191637.53953282826,19772.418150252528,2542.6761111111114,2887.671212121212,17623.66523989899
2021-07-01,8334.308198924731,2068.3470430107527,21594.935215053763,817.8965053763442,44385.91975806451,19077.49650537634,2404.548387096774,408.53145161290325,121.84341397849462,654.7676075268818,23442.46693548387,3008.434811827957,-2332.339919354839,15850.018279569891,284612.861827957,76206.85725806453,493.6247311827957,6121.608602150538,36.85013440860215,35.76048387096775,232223.36868279573,22832.18373655914,2727.00188172043,3492.811021505376,26064.497983870966
2021-08-01,8757.708467741937,-622.7033602150537,23493.380510752686,918.8399193548388,36094.37432795699,17377.74301075269,2241.950537634408,316.10376344086023,331.04193548387093,648.2939516129032,20990.718548387096,3520.502419354839,-2677.3860215053764,14916.586424731184,273148.7053763441,77162.74408602151,487.42594086021506,6016.720698924732,37.56962365591398,36.884139784946235,218874.53911290324,20779.377284946237,2836.5783602150536,4962.879032258064,28531.913172043012
2021-09-01,9141.326111111111,-534.7775,25435.799444444445,764.8909722222222,47261.60305555556,25738.354166666668,2005.5731944444444,497.42055555555555,403.3691666666667,662.6177777777777,15901.08722222222,3315.4219444444448,-3229.941527777778,12847.964305555555,280868.24375,78503.85125,489.3958333333333,6092.041249999999,31.24458333333333,30.73708333333333,234092.575,17856.892222222225,2446.2415277777777,3618.103611111111,25300.67111111111
2021-10-01,9609.28185483871,-2869.7819892473117,26299.915188172043,828.674059139785,44581.79112903225,23133.03682795699,2111.1711021505375,445.41572580645163,372.5521505376344,667.6642473118279,13873.463172043012,3534.4092741935483,-4149.6928763440865,12116.442607526882,289326.63857526885,79618.85174731183,490.1025537634409,6303.769220430107,35.29005376344086,35.17674731182796,225761.4134408602,13002.406586021507,2520.195833333333,7393.299059139786,43169.51908602151
2021-11-01,10100.584027777777,-952.99,28145.966944444444,866.5529166666668,67842.55708333333,28340.123333333333,2143.541388888889,597.8080555555555,614.3541666666666,659.5544444444444,14599.860277777778,4240.534305555556,-4106.879305555555,14646.3,319501.37555555557,81383.77166666667,508.65333333333336,6573.175555555556,30.76736111111111,30.526944444444442,264321.975,6860.79375,2709.04875,6480.99125,41837.61319444444
2021-12-01,10161.099999999999,-1632.7354838709675,29428.308602150537,855.9245967741934,62696.720430107525,27709.15255376344,2171.469758064516,798.2369623655914,894.5294354838709,664.4006720430108,17620.76801075269,4376.4794354838705,-4899.697043010753,18076.54731182796,331591.23454301077,82233.95161290323,497.0385752688172,7624.400134408603,34.041935483870965,33.76854838709678,269192.59139784944,5110.135887096774,2712.3997311827957,6782.687365591399,50505.81451612903
2022-01-01,9935.964381720429,379.1225134408602,27836.85698924731,847.5189516129033,63641.383821897936,25932.62707799966,2280.605446748592,622.9362903225807,787.082258064516,673.8181451612903,18206.915994623658,3885.838037634409,-4292.13064516129,16035.816935483872,171535.2331418622,85512.56693548388,492.03884408602147,7820.747465437788,39.483780235631144,39.820162144105254,136559.21757817914,7584.461827956989,2589.368817204301,7613.472715053764,49199.75203757721
2022-02-01,10026.167559523808,297.10796130952383,24411.28958333333,672.9244047619047,41047.90603085929,17528.93702290425,1491.018263258251,414.83809523809526,705.4653273809524,673.3785714285714,15969.607738095237,3540.583630952381,-4787.902083333333,13935.800148809523,167328.42847622352,81448.66428571429,494.5206845238095,6652.006271800374,85.4221326780457,83.80973179870931,122468.0744254796,12314.158928571429,2709.3659226190475,9124.98943452381,33705.98445732016
2022-03-01,10025.61182795699,920.4731182795699,29349.96196236559,763.6694892473118,43719.529177065044,22043.368879109777,1557.9358111125023,643.9143817204301,618.550134408602,666.3537634408602,14685.344086021507,3753.839247311828,-4130.461290322581,14193.649462365593,157107.9278950885,73265.84744623657,500.3645161290322,6761.0667539875185,59.17247226939546,54.201333218943034,125086.68704221348,18017.756586021507,2832.5170698924735,3893.1463709677423,20809.0946851407
2022-04-01,9651.328194444444,51.98395833333337,24338.11986111111,689.1776388888889,20500.3923929041,10180.42096269733,762.913882602679,329.33152777777775,518.8898611111111,662.9026388888889,18730.5675,3589.0044444444443,-4448.930972222222,13543.332499999999,144413.2953447725,65671.04819444445,484.6955555555556,4279.441130999163,63.702990861806164,57.67664178829616,107941.67928862594,22832.82277777778,2593.5956944444447,5247.725555555556,22418.46965978004
2022-05-01,9018.544758064516,10.474126344086041,23436.661827956992,704.5373655913978,20685.29961808372,8392.688644665599,776.204838397704,409.00443548387096,541.3856182795699,644.9915322580645,21606.90443548387,3362.40376344086,-3820.745430107527,13281.66935483871,136325.56661781456,57409.54287634409,487.9818548387097,3582.123586733845,66.77309427493883,62.1129857763424,103771.282782801,28264.636021505376,2502.759139784946,3931.3760752688167,16431.322074528747
2022-06-01,8780.83236111111,488.4797222222222,25356.788194444445,911.465,24471.181041632408,9772.840688067461,643.8529709631,385.2688888888889,411.2530555555556,618.3816666666667,19072.048611111113,3641.3980555555554,-3897.9683333333332,13814.997083333332,139168.2812219676,59275.487916666665,462.8077777777778,3356.956892734779,60.49727619316819,56.31524912554469,109173.99593710579,29599.96375,2428.508611111111,3217.8933333333334,13443.274745563094
2022-07-01,8699.401612903226,729.0469086021506,25005.77930107527,865.057123655914,26731.02947853815,10456.416655153875,678.5887148444176,344.1323924731183,217.06908602150537,629.5974462365591,15321.977419354838,3752.3423387096777,-4439.897849462366,13588.370564516128,142246.9921158797,58998.69556451613,453.6100806451613,3109.7316950160052,52.733344776656836,44.08298167272923,109998.59647386071,29957.432392473118,2563.4114247311827,4245.7944892473115,14785.522041897542
2022-08-01,8721.260752688171,1052.8728494623656,25854.29758064516,847.3145161290323,25906.96277845975,11300.555241241078,616.0606581164816,306.4412634408602,306.3258064516129,633.7577956989248,13032.359677419356,3431.804301075269,-4092.4149193548387,13124.580376344085,135568.80758479107,58188.97822580645,436.4284946236559,3018.298493863315,48.918995495674714,41.931507791904636,107497.72702786158,27416.192741935483,2473.8147849462366,2653.834946236559,12749.05153759741
2022-09-01,9185.439027777778,-1627.725625,25179.54986111111,879.43,24032.069150413714,12255.29244533097,832.7257018321512,480.2298611111111,279.8261111111111,632.9347222222223,13402.275555555556,3649.407361111111,-4470.234305555556,12702.079722222223,135976.83023360922,59562.379166666666,453.0202777777778,3036.44338356974,53.92744976359338,46.746421149515506,106786.99807069305,20630.269583333335,2497.8975,4995.7868055555555,16178.843775118203
2022-10-01,8681.952419354839,-950.7641801075268,23982.44193548387,812.9061827956989,29683.23880024968,11276.281726413716,1042.4642286425221,478.8858870967742,355.14274193548385,634.7345430107526,13739.217069892473,3822.952688172043,-5007.0646505376335,10656.247715053763,134345.96189927272,58491.97580645161,457.8138440860215,3821.38065961173,68.8293496505023,65.9071762395998,101996.00038404886,15299.48064516129,2475.5397849462365,6208.577419354839,26083.710147111593
2022-11-01,9357.974166666665,530.9241666666666,26618.545833333334,821.4227777777778,25357.365244643475,12645.870648920209,896.0509492259164,617.6875,477.49319444444444,638.9179166666667,15252.188055555556,4357.179166666667,-5232.835416666667,13984.492083333334,147049.83595111055,64380.50125,451.1629166666667,3514.3374965695343,70.98590963442628,70.5155145647937,113685.7615259131,8834.124583333332,2474.54875,7794.62125,25277.269551156027
2022-12-01,9768.148252688172,1049.5289650537636,26240.748252688172,874.5733870967742,28851.49865266404,15263.743502397374,1000.0004241356233,646.0525537634409,630.3655913978495,644.219623655914,17524.461559139785,5288.774731182795,-5590.464516129032,16717.72123655914,154455.1234128346,73041.69838709677,444.0099462365592,4192.465793424134,58.030039801117624,52.227197950723514,124795.33017425456,5263.489784946236,2547.1665322580643,6853.527688172043,24063.021124367293
2023-01-01,9427.089247311827,1464.6520161290323,23632.329435483873,1406.5977150537635,22719.891931959053,12017.864414840413,957.4291499404106,419.6423387096774,503.7443548387096,642.168817204301,20025.313037634405,5911.200000000001,-5221.373118279569,18429.179838709675,158202.32762674944,76789.20685483872,441.4989247311828,4052.545253467622,72.61105808366985,65.67602565824157,118900.98964686968,7188.936155913979,2377.265053763441,7732.29623655914,31738.088471509356
2023-02-01,9753.844791666666,3118.96212797619,25042.316964285714,1298.4041666666667,28194.815881670045,12597.556657062649,1054.7962013466733,384.40223214285714,510.10535714285714,642.2595238095238,16346.526785714286,4339.628422619047,-4121.458779761905,15932.080208333335,158778.58383991895,76974.35089285715,447.33511904761906,4200.9591374324555,73.18356055808849,66.08373688108453,122731.06268838653,13922.074553571429,2604.032886904762,5459.916666666666,26336.656447885005
2023-03-01,9135.004301075269,3231.1694220430104,20230.055913978493,1469.2075268817205,21854.36178893176,10002.983940717924,921.1967581161313,302.615188172043,504.25967741935483,615.5833333333333,18190.949059139784,4668.881317204301,-4818.579032258065,14961.105376344085,170739.4102821399,68812.61102150536,452.6786290322581,4455.17586054288,63.94364638610354,50.692663413228274,122953.5669249675,19273.80067204301,2518.717741935484,6914.626747311828,27932.54768892598
2023-04-01,8206.015555555556,2828.6302083333335,18821.511527777777,1294.0190277777776,18146.173482221096,7336.9009570372245,647.9638880673837,145.36805555555557,298.2023611111111,632.8123611111112,19826.11736111111,4676.160138888889,-5059.2975,13025.279444444443,258509.14145518813,65788.64791666667,451.32166666666666,4811.057339725501,67.22634043682275,44.40475366628593,187863.7831767153,26684.60625,2504.804722222222,4894.883055555556,21046.65682109641
2023-05-01,7549.198790322581,3606.3796370967743,14454.147311827957,1098.6055107526884,15482.705784215961,5513.459913525304,642.5905439967097,169.0643817204301,209.16155913978494,640.4529569892474,25178.426209677422,4679.040188172043,-4510.89126344086,13148.765860215053,243076.14684637022,58266.2376344086,432.16706989247314,4397.894595210181,63.395637698415925,47.99872629358447,172244.13020754396,31601.412231182796,2651.608870967742,4454.691801075269,19079.300607113328
2023-06-01,7215.707916666666,4398.725138888888,15123.15625,807.4694444444444,19405.995911643025,5540.2858141252955,570.9800945626478,206.78694444444446,166.47458333333333,620.1334722222222,23782.420972222222,4686.973055555555,-3238.345138888889,13685.516944444444,134545.48578828826,59632.02611111112,431.65777777777777,4234.874354314421,63.082460106382975,46.00600866380565,100406.49075304471,35897.23527777778,2283.8456944444447,3702.8294444444446,12960.168841607567
2023-07-01,7270.869489247311,3771.7010752688175,14946.5936827957,1089.111559139785,21067.224663588528,5240.403866652108,652.23006073085,78.24556451612904,50.72069892473118,610.6946236559139,18898.5873655914,4231.24314516129,-3576.670564516129,11225.765591397849,133990.6783430565,63138.06747311828,418.8057795698925,3993.175697780828,69.19707992762214,51.53571239158919,95820.85602407916,35020.656182795705,2784.0907258064517,5619.215994623656,17893.84042423203
2023-08-01,7484.54811827957,4204.376411290323,16243.244489247312,1359.9041666666667,19888.77926495529,6187.93987080113,610.2544223662877,141.59422043010753,136.08763440860213,601.4432795698925,19153.05309139785,4688.845698924732,-4008.438978494624,12936.240725806452,130336.08635752689,61824.75873655914,411.2729838709677,3852.5450718918164,68.93016677359672,56.235908109774904,96166.4815860215,31967.509811827957,2825.7655913978497,3848.8409946236557,16371.936389730237
2023-09-01,7627.966666666666,3918.9425694444444,18221.454027777778,1449.497361111111,20414.151561258554,7088.890259111754,638.0671777141145,134.8148611111111,107.46833333333333,630.8366666666666,17172.823194444445,4442.55875,-3938.826666666667,10790.1775,132283.07493055557,64927.61583333334,417.07416666666666,3585.4073459465667,62.241598937405236,49.82936573078091,98822.75263888888,29179.240833333333,2744.42625,4077.699027777778,17009.44384066596
2023-10-01,7564.298387096775,2627.664045698925,19049.277150537633,1076.4235215053764,19083.437867482982,7515.54928625012,664.5837533861187,112.54879032258064,233.6521505376344,636.3271505376345,15778.413575268818,4868.6145161290315,-4815.462634408603,13767.63817204301,138530.73865264564,66288.76666666666,435.5159946236559,3176.548594188807,68.79693381775138,53.56987493865489,99319.53603901669,17872.281182795698,2779.6399193548386,7851.920295698925,26085.829265659868
2023-11-01,8158.7202777777775,3090.563541666667,21280.693194444448,1374.9583333333333,19555.542431133726,8857.472593085107,683.2615302189331,281.39500000000004,452.61319444444445,636.8601388888889,24242.060555555556,5756.464722222222,-4599.769722222222,19492.22638888889,152358.74800197862,69160.63152777778,448.6411111111111,3373.4641411630178,65.0210415381848,53.43664688046048,111466.38499518194,10511.046527777777,2661.967222222222,8078.105138888889,31425.553566463663
2023-12-01,8536.907930107527,-68.96747311827949,20530.030241935485,1362.9442204301076,22114.450167988343,8428.936506214031,681.163656304918,368.7116935483871,516.2309139784946,635.3772849462365,24086.20241935484,5692.681989247311,-4815.711290322582,19503.316666666666,157644.91727493273,75759.51545698925,447.55013440860216,3499.5385067734323,75.69565559752566,69.5557034637167,116165.7212861757,7810.7635752688175,2642.1157258064513,9337.396505376344,32361.338713832596
2024-01-01,8843.378225806451,1690.6516801075268,19906.817204301078,1274.2389784946236,25702.090433862515,16785.12620967742,761.3162188659445,423.3969086021505,629.7989247311828,635.8759408602151,23904.36317204301,6029.999462365591,-4069.093817204301,20163.686559139784,168205.508746528,82258.88991935484,460.39502688172047,4040.794217446013,67.05444773109328,57.58437288148135,124954.80849893737,9997.372849462367,2522.939919354839,9346.369489247312,33195.6328841649
2024-02-01,9046.197557471265,3424.7543103448274,18524.28175287356,1449.2853448275862,20286.04058859703,14124.219827586207,728.0691331251742,265.87844827586207,491.2889367816092,641.3617816091954,22713.60474137931,5593.517959770115,-4699.282902298851,17815.212212643677,157341.4091138002,77370.71063218391,466.51250000000005,3761.7213761988583,72.13492748553976,61.755425860418526,111858.78314760052,14555.86091954023,2766.125,9520.83275862069,33277.468866850184
2024-03-01,8864.951881720432,4562.5113575268815,17754.603360215056,1350.2595430107529,18505.801695631926,12920.42755376344,652.3405799588195,216.6393817204301,397.5614247311828,638.6168010752689,25037.317607526882,6105.17809139785,-5180.477956989247,19962.324059139784,148505.6901001644,68953.2818548387,460.70954301075267,3901.5882766284276,73.37766529398307,61.67609894061165,108133.82927714323,22949.722177419353,2772.792876344086,8017.905779569893,24209.144770933424
2024-04-01,8376.191666666668,2797.128888888889,13678.865138888888,1334.729027777778,13435.235418771877,10141.4475,597.8919948847289,137.0513888888889,408.04347222222225,625.4252777777779,26133.44763888889,6237.493472222222,-5398.369166666667,16868.141527777778,138121.2353685502,62919.238333333335,451.43541666666664,4214.723283548207,67.29530127870325,55.21638529452062,93868.03496126272,32122.310555555556,2441.92875,8021.374583333333,23955.004192073506
2024-05-01,8275.753360215054,4069.0354166666666,13582.296774193548,1151.8024193548388,12770.842574956852,8325.55497311828,570.4354230488545,166.1263440860215,246.41290322580645,607.4254032258065,27805.726075268816,5918.054569892473,-5458.427956989247,15828.4186827957,129127.59390721205,61505.8813172043,442.1766129032258,3870.5986945075565,59.09023148219398,48.511849636243944,90439.53525481268,38862.41182795699,2690.466801075269,4891.280241935484,16751.535113964565
2024-06-01,7980.0986111111115,4378.627083333334,15471.6525,1304.12875,14325.631558806146,8310.924583333333,453.167591607565,169.39708333333334,97.99305555555556,599.485138888889,27131.017083333332,5942.735138888889,-4902.774861111112,14343.672083333333,133092.19720740765,63257.40708333333,468.36625,4083.494571611505,64.07735224586288,51.6259758246088,93889.24495513352,40698.98069444445,2563.0305555555556,5076.8436111111105,15829.538733747044
2024-07-01,7704.209677419355,5394.708064516129,16543.847177419357,1463.4893817204302,18439.054298932522,7668.128091397849,449.71296926548166,148.4606182795699,60.248521505376345,613.7450268817204,23913.829569892474,6091.876747311828,-4564.300940860215,13580.827822580644,138855.73963101668,68824.4001344086,488.79220430107523,4293.157623135731,53.09139871153419,40.464014772080525,99276.94966935401,43609.07217741936,2977.2237903225805,5075.786155913978,15210.41080796024
2024-08-01,7781.774327956989,3776.1149193548385,16085.08696236559,1450.3370967741935,18441.74536576298,9004.778897849461,629.6517115648593,89.35766129032258,25.41948924731183,589.5337365591398,17378.031317204302,5221.953763440861,-5022.375,11958.848252688173,134870.73595159955,69354.87607526881,496.1220430107527,5287.365627730792,70.85582818576985,54.15051456695117,95943.64073126599,41696.4061827957,2780.46814516129,4895.485215053764,15613.005449267903
2024-09-01,8149.208055555556,3666.9468055555553,15807.361388888889,1201.4731944444443,17684.636589834514,10220.169583333334,633.5654787234042,176.27361111111114,49.537222222222226,602.7256944444445,18604.44777777778,4787.054027777778,-4858.979305555556,12506.076666666666,139156.25514693742,66928.92458333334,512.5673611111112,6422.868830294864,61.322901891252954,47.448664038294936,96737.0927629992,31249.175555555557,2707.865138888889,6446.174861111112,21898.32937795508
2024-10-01,8629.370833333334,3825.533064516129,18724.720161290323,1083.969758064516,17606.584610090715,13064.411424731183,627.6615837585668,158.61411290322582,172.5146505376344,606.7040322580646,23926.623387096777,5635.109005376345,-4180.654301075269,14982.872446236559,139704.4482224678,68952.1869623656,536.4221774193549,5847.780065864798,74.65722685585828,59.53683688629002,102708.67419034614,20244.3688172043,2820.0092741935487,6840.581720430107,23440.125077213455
2024-11-01,9714.13388888889,3100.806319444445,21740.56097222222,972.1945833333334,33410.64425924714,17294.895416666666,1117.978094399515,164.0834722222222,258.655,476.2030555555556,17191.369583333333,4735.2186111111105,-3889.9441666666667,14741.498055555556,153387.67081940224,73929.76277777778,545.5879166666667,6573.067338826436,56.10300897861768,47.634174978681855,116779.69974311888,12969.00375,2822.220277777778,7290.0841666666665,26639.201151358004
2024-12-01,9933.864650537635,1706.3958333333335,19837.406989247313,1185.4122311827957,27291.182126420346,16010.033602150539,535.7640638107222,202.83844086021506,292.67163978494625,137.55268817204302,17457.44247311828,4867.257392473118,-4487.719892473117,13973.83239247312,158736.06717867934,80619.80994623656,538.9522849462365,6603.800657705497,74.35721450087699,56.935711360772665,117042.32822126657,10337.710887096773,2853.2658602150536,9017.405376344086,32101.003373083964
2025-01-01,9889.427016129031,2753.246505376344,21562.5498655914,1190.424059139785,28230.00536347518,17104.189112903226,610.1525852207733,237.28602150537634,335.1690860215054,107.01922043010752,19104.61182795699,5462.202688172043,-4896.471102150537,17428.432795698922,287326.73376226734,84966.88225806452,586.963440860215,4639.816699471728,73.05626286890872,39.18920378330865,218359.5553498247,11604.24314516129,2360.2219086021505,7942.617607526882,31792.809421471058
2025-02-01,10036.293303571429,2739.296130952381,23845.650892857142,1167.9785714285715,30246.674309777103,19806.02961309524,535.6405553444782,401.93318452380953,302.9037202380952,22.64925595238095,18749.156398809522,5638.115922619048,-4227.3761904761905,19760.931845238094,299694.2408482143,81157.20163690476,615.9357142857143,4232.253593591692,84.63282358156029,39.607142857142854,235318.06168154764,20011.565029761903,2568.053125,7753.212202380952,21803.60744205927
2025-03-01,9702.68561827957,2838.2413306451613,19386.20120967742,957.901747311828,21618.22461934141,14259.326612903225,705.7819255866233,243.49220430107528,276.8861559139785,21.366397849462366,17241.713037634407,5597.213306451613,-5680.821505376344,16221.738844086021,191765.53968283362,73741.93588709678,648.17311827957,5279.787023125033,72.00931665473028,53.696046027614,136181.30539365258,30136.878360215054,2510.2430107526884,5603.584139784946,24117.93526186675
2025-04-01,9340.00625,3528.1175,14950.213472222222,1292.1694444444445,15654.481823928461,10702.558888888889,649.4389520377223,234.28347222222223,180.47666666666666,19.908333333333335,19979.164444444446,5696.717777777778,-6263.485138888889,15517.286805555555,133175.7488888889,62534.48236111111,641.5387499999999,8197.89181490604,67.32914559564189,54.70640719755371,92096.59375,39118.37416666667,2629.107638888889,4295.490555555555,19734.73239541577
2025-05-01,8742.829569892474,2217.6799731182796,11480.82244623656,1205.5393817204301,13080.856095573095,6666.593010752688,543.5551532830017,114.26854838709677,120.87217741935484,55.627822580645166,22056.90994623656,5933.330107526882,-5705.783198924732,13176.911827956988,127965.94280913979,58728.257930107524,597.3788978494624,7501.403101565836,61.4547700754976,48.02951841683825,83857.63696236558,43946.697715053764,2558.166935483871,6375.678225806451,18973.054807252345
2025-06-01,8016.293888888889,2634.6750694444445,10517.111805555556,1144.2576388888888,16280.446987293144,6777.230416666667,646.4593942080378,84.67777777777778,61.388194444444444,602.4019444444444,20430.064444444444,5524.201944444444,-5864.884305555556,12469.985138888887,134633.6446527778,62124.01666666667,625.8754166666666,5992.739513208889,72.47309101654847,57.55274822695036,87390.75784722222,50410.114166666666,2475.737638888889,6367.360277777777,18863.728336288415
2025-07-01,7876.326747311828,3805.2502016129033,15659.841397849461,1174.3986559139785,19751.783750727525,8485.62258064516,815.3351676462458,19.251344086021504,35.07258064516129,142.00577956989247,16729.63051075269,5111.532258064516,-5229.143817204302,13894.577284946236,138132.51194290683,66958.78266129032,514.475940860215,6853.8152139248305,77.59163309560046,51.660223570867274,95755.29190875136,47369.690591397855,2490.009677419355,4774.745698924731,16217.369587846777
2025-08-01,8220.53064516129,2797.842741935484,12498.197849462365,1217.2520161290322,17142.74158230382,7781.755510752689,731.3839939373141,0.12338709677419354,83.05551075268816,13.828629032258064,15191.7875,5575.065456989248,-5676.212231182795,12461.948387096774,131524.67694444858,66374.94220430107,474.64569892473116,6791.93636188946,78.57186570578816,54.311675457312525,89161.19555214458,45987.23897849462,2437.819489247312,5548.219086021505,16146.063688229238
2025-09-01,8673.238333333333,2946.6036805555555,13620.685,1225.8929166666667,17765.243958333333,8738.882916666666,462.11347222222224,80.61638888888889,96.10333333333332,551.2786111111111,14753.541527777777,5415.743055555556,-5593.826527777778,12006.93375,137150.3443685545,67851.71041666667,498.5734722222222,5472.595548933954,79.91333333333334,57.95233335046425,93038.4816496,35919.96041666667,2315.551527777778,8410.590833333334,21204.550347222223
2025-10-01,9140.229838709678,1449.4436827956988,16004.620698924733,1225.0610215053764,22493.491971270403,11003.83494623656,735.0912281403755,181.8704301075269,210.75483870967744,403.66680107526884,13952.867338709677,5000.612634408602,-5076.099731182796,12640.340188172044,180212.27496618757,67431.26465053763,512.6400537634408,6219.277879061452,77.02486595256605,52.276157645923696,121194.39263629267,24219.93373655914,2946.527553763441,9458.237231182797,28686.10869074112
2025-11-01,9990.545277777777,1259.4256944444446,18926.2325,1235.8102777777779,29669.90826442945,14967.120416666667,782.0756891228931,213.8998611111111,251.13000000000002,40.62694444444445,17164.37652777778,5040.335416666667,-4730.995277777778,15548.113888888889,304783.41208333336,76028.22416666667,543.7431944444445,6261.619526596876,79.19337783976243,40.84097222222223,225465.51263888887,16092.3475,3011.9698611111107,10242.38375,30462.09967419612
2025-12-01,10217.7188172043,1185.1032258064515,17041.40927419355,1235.2022849462367,30261.83327041867,12866.053360215054,659.4594772363304,151.7018817204301,246.3372311827957,42.18655913978495,17311.620967741936,5293.831989247312,-4096.664247311828,17610.704166666666,315155.0731182795,83058.87311827956,552.1516129032258,7029.794621930153,83.30259951956074,40.00833333333334,237013.40094086024,11447.863575268817,2993.6193548387096,11205.073252688171,28121.85858642187
2026-01-01,10272.854166666668,297.0329973118279,20791.14139784946,1158.661559139785,35695.62993737131,17245.043010752688,750.1085063486616,351.4241935483871,518.9939516129032,41.58682795698925,16113.549596774194,5802.1006720430105,-4453.75376344086,20591.44704301075,347117.22217741935,81509.89032258064,564.0075268817204,7555.037767095715,73.78855239075726,38.66975806451613,262409.8998655914,11800.873924731182,2838.190456989247,11406.325,31178.066759608784
2026-02-01,10623.85,-1043.6160714285713,19787.954613095237,1084.669642857143,28066.385475024963,15519.228571428572,661.9932285113257,378.47842261904765,466.3309523809524,484.16919642857147,19863.665029761905,5979.35744047619,-4963.925744047619,22086.149404761905,328663.45357142854,78993.20997023811,570.968005952381,9562.107291666665,80.73620504219545,43.98005952380952,239811.9375,18108.478273809524,2871.8834821428572,12258.944940476189,30449.110638866445
2026-03-01,9311.210080645162,406.6351478494624,18649.11680107527,1000.6770161290323,19521.773703381754,13204.753360215054,612.4088469415806,100.6755376344086,199.3912634408602,625.5205645161291,18765.927284946236,6229.63561827957,-5733.375134408601,17086.55551075269,296742.0482526882,72030.03938172043,528.9209677419354,8413.675296388199,83.07805173264164,47.46008064516129,203100.89677419353,35530.41169354838,2839.069892473118,7620.599059139785,26225.90844418083
2026-04-01,8835.644027777777,726.5645138888889,13186.266388888887,1041.4106944444443,16469.882766394316,10374.466666666667,1238.845038888889,76.13541666666667,152.0225,613.935,18087.923472222225,5950.1125,-6583.539027777778,13159.861527777777,270033.6068055556,65068.536944444444,549.6402777777778,8620.58688271605,78.39762168127717,51.00291666666667,174820.0323611111,46615.783472222225,2844.0525,6428.446388888889,21690.705951583754
2026-05-01,8615.656720430108,2352.2986559139786,12712.983467741935,1051.9032258064517,15125.72712245813,9243.766397849464,515.7349132042879,85.37163978494624,108.56236559139785,585.2694892473119,18175.066397849463,6085.314247311828,-6934.629569892473,12971.510483870969,256800.4182795699,59241.1561827957,528.0584677419355,8025.668215565796,71.3505871123578,51.4494623655914,165951.13387096775,52119.61370967742,2684.033198924731,5038.189247311828,17268.207934608537
2026-06-01,8007.287916666667,2808.5930555555556,12722.810694444443,1088.6975,19512.541649463292,9333.81902777778,635.999559278069,28.441527777777775,71.58791666666666,591.3079166666666,18073.60875,5935.243472222222,-6217.582777777778,12236.694305555555,274359.6920833333,61657.65513888889,516.1404166666666,7965.3402975715635,69.1438951880978,49.62972222222222,177826.74333333332,57850.95972222222,2498.141111111111,5646.167083333334,17132.63150075804
2026-07-01,8037.427083333334,2826.7132661290325,13301.203561827957,1199.1448924731183,21152.375353504758,9953.258602150538,865.0656357870665,15.269623655913978,3.0618279569892475,584.8635080645162,12936.943884408603,5817.499193548388,-6158.593548387096,10510.497110215054,277410.4928091398,65553.23353494624,483.79018817204303,3529.187351425158,69.6879055510751,48.44959677419355,175272.8940188172,60678.67271505376,2731.1074596774192,5930.505443548387,18238.366201243207
