date,corridor_BY,corridor_DE,corridor_DZ,corridor_LY,corridor_NO,corridor_RU-Baltic,corridor_TR,corridor_UA,point_Almería,point_Dornum / NETRA (OGE),point_Dunkerque,point_Easington,point_Emden (EPT1) (GTS),point_Emden (EPT1) (GUD),point_Emden (EPT1) (OGE),point_GCP GAZ-SYSTEM/UA TSO,point_Gela,point_Greifswald / NEL,point_Isaccea (RO) - Orlovka (UA) II,point_Kipi (TR) / Kipi (GR),point_Kipoi,point_Kotlovka,point_Luhamaa,point_Mazara del Vallo,point_St. Fergus,point_Strandzha 2 (BG) / Malkoclar (TR),point_Uzhhorod (UA) - Velké Kapušany (SK),point_VIP Bereg (HU) / VIP Bereg (UA),point_VIP Mediesu Aurit - Isaccea (RO-UA),point_Zeebrugge ZPT
2026-01-01,87.555278,0.0,945.5486510000001,16.421738,3861.1186051,0.0,916.3899899999999,227.66058463000002,328.360614,610.6597444,248.009462,849.040368,111.063491,327.145805,436.5868817,130.4436804,16.421738,0.0,0.0,0.0,345.833782,87.555278,0.0,617.188037,800.132047,570.556208,0.0,97.21690423,0.0,478.480806
2026-01-02,89.593889,0.0,942.127611,16.493674,3898.0487317,0.0,899.7804819999999,228.98089119,327.701287,613.1055217,298.411833,848.523123,102.486067,325.30781,426.799503,131.4509498,16.493674,0.0,0.0,0.0,345.91681,89.593889,0.0,614.426324,803.915344,553.863672,0.0,97.52994139,0.0,479.49953
2026-01-03,90.02,0.0,948.9611179999999,16.445301,3826.4782811,0.0,886.7441980000001,231.78853656,327.751644,607.9949948,289.833373,849.21131,103.081167,325.624161,428.3907583,133.8866935,16.445301,0.0,0.0,0.0,328.373171,90.02,0.0,621.209474,740.728577,558.371027,0.0,97.90184306,0.0,481.61394
2026-01-04,103.400278,0.0,944.494079,16.398088,3816.9389688,0.0,885.510944,231.15291128,328.109999,598.1670435,273.167557,849.821806,98.907437,320.295145,433.0299153,133.98653190000002,16.398088,0.0,0.0,0.0,328.692803,103.400278,0.0,616.38408,762.512418,556.818141,0.0,97.16637938,0.0,481.037647
2026-01-05,89.290833,0.0,973.3986480000001,16.382303,3805.9440549,0.0,880.837638,228.23078726,327.886864,576.3573928,375.54118,846.648458,74.840506,326.05255,427.5269761,131.3479692,16.382303,0.0,0.0,0.0,328.273733,89.290833,0.0,645.511784,697.731776,552.563905,0.0,96.88281806,0.0,481.245216
2026-01-06,95.888333,0.0,975.891708,16.402982,3828.4885153,0.0,880.400781,222.49940270000002,328.411195,602.7659019,347.191886,844.520797,103.403188,312.509555,407.8560794,121.8976905,16.402982,0.0,0.0,0.0,328.563565,95.888333,0.0,647.480513,728.166677,551.837216,0.0,100.60171220000001,0.0,482.074431
2026-01-07,109.467778,0.0,962.810743,16.42183,3804.2840226,0.0,876.1651119999999,220.21277137,328.685409,603.2865992000001,405.358173,841.322548,112.905012,326.467572,430.1586724,121.31147490000001,16.42183,0.0,0.0,0.0,329.138074,109.467778,0.0,634.125334,602.365382,547.027038,0.0,98.90129647,0.0,482.420064
2026-01-08,107.535833,0.0,943.914993,21.962933,3710.6122003,0.0,893.7873920000001,220.36639881000002,326.299628,553.083441,304.331201,845.98785,123.799585,324.009088,359.07318430000004,121.04242020000001,21.962933,0.0,0.0,0.0,328.282756,107.535833,0.0,617.615365,718.050357,565.504636,0.0,99.32397861,0.0,482.277494
2026-01-09,100.356111,0.0,956.5321590000001,10.923163,3817.8554109,0.0,907.376047,220.58684449999998,330.824267,607.615479,335.332232,843.387488,120.493905,300.546039,430.8790939,121.03972540000001,10.923163,0.0,0.0,0.0,328.346625,100.356111,0.0,625.707892,697.292129,579.029422,0.0,99.54711909999999,0.0,482.309045
2026-01-10,104.3,0.0,983.545732,10.926265,3745.7731326,0.0,894.000722,219.69372682,330.412621,595.0585761,352.760825,838.786091,111.417017,321.686757,417.2294495,121.0157083,10.926265,0.0,0.0,0.0,328.337095,104.3,0.0,653.133111,618.995732,565.663627,0.0,98.67801852,0.0,489.838685
2026-01-11,113.455556,0.0,981.185798,10.940207,3764.3270664,0.0,902.828716,217.51882289000002,330.220112,590.6895816,338.134628,841.33175,119.820364,327.26183,433.6985838,120.8585905,10.940207,0.0,0.0,0.0,328.338566,113.455556,0.0,650.965686,621.712084,574.49015,0.0,96.66023239,0.0,491.678245
2026-01-12,103.626944,0.0,957.503931,11.574476,3743.8121296,0.0,919.9411499999999,232.6210774,330.114571,575.9943716,309.998997,837.241165,109.927562,326.981919,436.798009,128.8872126,11.574476,0.0,0.0,0.0,333.2299,103.626944,0.0,627.38936,654.401123,586.71125,0.0,103.73386479999999,0.0,492.468983
2026-01-13,101.939722,0.0,954.9134099999999,5.498607,3680.6231398,0.0,897.348863,223.3848125,329.288937,548.4058101,253.98678,840.747855,101.40556,327.423485,437.0238107,119.2866874,5.498607,0.0,0.0,0.0,310.881072,101.939722,0.0,625.624473,680.577,586.467791,0.0,104.09812509999999,0.0,491.052839
2026-01-14,103.970278,0.0,965.965058,5.463856,3709.1509752,0.0,919.551852,233.30573947,330.408232,558.5929453,204.338161,845.354892,101.322365,327.214439,437.60899689999997,135.4246568,5.463856,0.0,0.0,0.0,333.125014,103.970278,0.0,635.556826,744.962192,586.426838,0.0,97.88108267,0.0,489.756984
2026-01-15,100.918611,0.0,961.681219,5.460642,3728.6361570999998,0.0,919.952156,207.92477545000003,328.49193,588.9086935,198.240672,845.752966,101.710671,327.466211,426.14354760000003,110.0261603,5.460642,0.0,0.0,0.0,333.259687,100.918611,0.0,633.189289,751.300853,586.692469,0.0,97.89861515000001,0.0,489.112543
2026-01-16,107.142222,0.0,957.373569,5.463149,3751.4495716,0.0,919.720489,211.7941282,330.524171,604.5091143,204.391597,849.967448,103.943206,327.486485,428.2724423,107.79413290000001,5.463149,0.0,0.0,0.0,333.161184,107.142222,0.0,626.849398,745.18798,586.559305,0.0,103.9999953,0.0,487.691299
2026-01-17,108.645556,0.0,973.656473,10.915667,3768.8778437,0.0,914.006475,215.29268260000003,330.20361,586.8162174,209.210094,849.691971,114.496177,320.576416,433.2871503,114.44169690000001,10.915667,0.0,0.0,0.0,331.390681,108.645556,0.0,643.452863,764.702954,582.615794,0.0,100.85098570000001,0.0,490.096864
2026-01-18,111.49,0.0,990.2021080000001,10.909488,3736.7070563,0.0,918.143633,215.8433986,331.501254,570.2427267,189.577095,850.012227,111.770563,327.32079,433.2380436,115.65429420000001,10.909488,0.0,0.0,0.0,331.282953,111.49,0.0,658.700854,765.505359,586.86068,0.0,100.1891044,0.0,489.040252
2026-01-19,113.423611,0.0,959.850134,10.899885,3720.4763430000003,0.0,920.134397,223.0907418,330.565194,578.9057677000001,183.528785,850.021822,105.542503,327.491611,432.1849743,120.1338555,10.899885,0.0,0.0,0.0,333.319225,113.423611,0.0,629.28494,753.615884,586.815172,0.0,102.9568863,0.0,489.184996
2026-01-20,123.6025,0.0,960.797625,10.910899,3706.8717229999997,0.0,900.098287,222.19560990000002,330.750807,568.7779522999999,377.716058,856.558916,121.826304,327.480727,426.5211027,119.1991122,10.910899,0.0,0.0,0.0,313.348332,123.6025,0.0,630.046818,534.663104,586.749955,0.0,102.9964977,0.0,493.327559
2026-01-21,125.344722,0.0,953.691266,10.99159,3680.3408393,0.0,883.104231,208.1652245,329.581321,569.520459,378.73377,856.52445,106.136444,327.274927,432.74562130000004,107.3861393,10.99159,0.0,0.0,0.0,298.125209,125.344722,0.0,624.109945,519.522814,584.979022,0.0,100.7790852,0.0,489.882354
2026-01-22,114.956667,0.0,979.597808,10.939768,3707.0634435,0.0,894.9007139999999,212.4207123,329.342689,549.8186877,323.27676,855.10229,98.778506,327.432471,425.2734888,107.342444,10.939768,0.0,0.0,0.0,309.221167,114.956667,0.0,650.255119,639.738064,585.679547,0.0,105.07826829999999,0.0,487.643176
2026-01-23,106.929167,0.0,971.130259,10.939836,3686.3518267,0.0,911.854725,196.49509378,331.160761,554.7697718,485.065452,803.860825,106.471108,327.229973,433.4611599,92.65418298,10.939836,0.0,0.0,0.0,325.978926,106.929167,0.0,639.969498,487.638393,585.875799,0.0,103.8409108,0.0,487.855144
2026-01-24,106.570833,0.0,967.436562,5.478638,3764.2304351000002,0.0,912.249851,208.7895138,330.742657,583.0566965,527.214195,816.065783,103.916582,327.416663,433.43952360000003,107.85365370000001,5.478638,0.0,0.0,0.0,326.001024,106.570833,0.0,636.693905,485.525246,586.248827,0.0,100.9358601,0.0,487.595746
2026-01-25,105.059167,0.0,980.800379,5.47916,3758.3776357,0.0,912.7564030000001,203.263058,320.192627,582.615554,478.167678,833.770797,107.574324,327.297744,433.4413277,102.5100542,5.47916,0.0,0.0,0.0,326.032984,105.059167,0.0,660.607752,507.709132,586.723419,0.0,100.7530038,0.0,487.801079
2026-01-26,101.442222,0.0,940.7319,10.956392,3728.2714756,0.0,910.919785,206.8091032,324.109325,576.619785,494.597783,843.735034,107.666035,321.046334,433.4967626,102.1017692,10.956392,0.0,0.0,0.0,325.682438,101.442222,0.0,616.622575,463.215484,585.237347,0.0,104.707334,0.0,487.894258
2026-01-27,107.563889,0.0,937.8356059999999,5.453654,3718.3770645,0.0,916.093292,186.50758019,324.224814,580.3810454,496.115046,820.47823,114.53674,327.154762,431.96478010000004,82.90957198999999,5.453654,0.0,0.0,0.0,330.304651,107.563889,0.0,613.610792,460.824711,585.788641,0.0,103.59800820000001,0.0,486.92175
2026-01-28,107.539722,0.0,954.5363090000001,5.459501,3630.5992049,0.0,922.47315,186.04961203,325.127669,578.6487486,506.85189,734.603058,120.306943,316.267991,429.8251303,83.86651173,5.459501,0.0,0.0,0.0,336.360128,107.539722,0.0,629.40864,459.465474,586.113022,0.0,102.18310029999999,0.0,484.62997
2026-01-29,111.107778,0.0,955.225867,5.477994,3734.3738958,0.0,928.093572,191.68613826,322.768776,578.9876876000001,509.945041,828.944584,126.38201,318.611806,431.1194642,91.00920586,5.477994,0.0,0.0,0.0,342.12715,111.107778,0.0,632.457091,451.487755,585.966422,0.0,100.67693240000001,0.0,488.895548
2026-01-30,109.082778,0.0,963.008364,5.47697,3757.2680202,0.0,914.441643,183.82533352000002,325.919756,602.9222363,523.663424,821.789575,121.694597,327.333621,438.1560029,81.61226762000001,5.47697,0.0,0.0,0.0,336.488957,109.082778,0.0,637.088608,434.775033,577.952686,0.0,102.2130659,0.0,486.933531
2026-01-31,101.221818,0.0,970.587651,5.475202,3771.162366,0.0,924.0510790000001,200.6153436,313.401328,587.0490262999999,518.097131,848.878062,111.243029,327.945945,432.6482997,96.9663635,5.475202,0.0,0.0,0.0,342.338963,101.221818,0.0,657.186323,458.384514,581.712116,0.0,103.64898009999999,0.0,486.916359
2026-02-01,122.876111,0.0,985.8519679999999,5.469618,3704.5761908,0.0,921.891568,190.09021963,325.827831,598.0740753,509.838551,823.62383,114.39834,324.791549,436.5170265,87.18338793000001,5.469618,0.0,0.0,0.0,342.286113,122.876111,0.0,660.024137,410.525913,579.605455,0.0,102.9068317,0.0,486.806906
2026-02-02,114.879722,0.0,971.9399109999999,10.945517,3859.1294809,0.0,932.8612069999999,209.2803026,326.084229,615.4422046,506.508021,833.18661,120.001301,324.988557,433.0060153,106.5371586,10.945517,0.0,0.0,0.0,347.736952,114.879722,0.0,645.855682,538.97212,585.124255,0.0,102.743144,0.0,487.024652
2026-02-03,106.548889,0.0,982.130206,10.935582,3844.8964579999997,0.0,927.772494,211.1685089,333.659287,610.9614231,537.708594,833.398882,113.939676,327.270528,434.83553489999997,108.5673992,10.935582,0.0,0.0,0.0,343.92065,106.548889,0.0,648.470919,500.191528,583.851844,0.0,102.60110970000001,0.0,486.590292
2026-02-04,102.686111,0.0,981.057407,10.948907,3787.5555761,0.0,921.093494,211.07869169999998,332.756361,605.694591,537.989526,779.730333,121.774149,327.200059,427.1395201,105.9925806,10.948907,0.0,0.0,0.0,343.899697,102.686111,0.0,648.301046,501.62744,577.193797,0.0,105.0861111,0.0,486.399958
2026-02-05,99.330556,0.0,964.6503319999999,11.033076,3792.2860895,0.0,923.029622,227.0049641,322.76408,581.0853218,506.324548,831.904713,119.378206,327.315524,437.6352837,123.640302,11.033076,0.0,0.0,0.0,344.357817,99.330556,0.0,641.886252,502.018466,578.671805,0.0,103.36466209999999,0.0,486.624027
2026-02-06,95.6525,0.0,975.1530910000001,10.955537,3700.5983755,0.0,927.320602,226.44229739999997,327.312602,599.3097554,482.322995,766.531814,157.021198,326.402384,409.9885921,124.26923959999999,10.955537,0.0,0.0,0.0,343.963233,95.6525,0.0,647.840489,471.913564,583.357369,0.0,102.1730578,0.0,487.108073
2026-02-07,105.7725,0.0,990.399653,11.010554,3762.4704206,0.0,911.9686730000001,226.4652099,332.645674,594.9897728,487.305539,781.360022,156.618324,326.528871,437.2916058,123.9000829,11.010554,0.0,0.0,0.0,343.865601,105.7725,0.0,657.753979,491.80858,568.103072,0.0,102.565127,0.0,486.567706
2026-02-08,112.666667,0.0,992.6587400000001,11.046923,3778.9794537,0.0,919.047227,226.45122479999998,331.730434,594.7861105,524.740427,761.683829,152.32132,326.793172,437.4731232,123.7346288,11.046923,0.0,0.0,0.0,343.938352,112.666667,0.0,660.928306,494.491155,575.108875,0.0,102.716596,0.0,486.690317
2026-02-09,119.338611,0.0,978.133514,32.971462,3774.1010691,0.0,927.542106,223.8972099,330.447683,599.828743,509.983715,760.348852,157.099405,327.868437,436.64538910000005,121.177305,32.971462,0.0,0.0,0.0,341.753823,119.338611,0.0,647.685831,495.712406,585.788283,0.0,102.7199049,0.0,486.614122
2026-02-10,108.561389,0.0,964.301817,32.875034,3756.6591074,0.0,885.285014,226.64139210000002,325.961016,586.4207772999999,518.292114,745.12201,167.255856,322.398156,437.4072021,123.9445725,32.875034,0.0,0.0,0.0,301.411576,108.561389,0.0,638.340801,491.862627,583.873438,0.0,102.6968196,0.0,487.900365
2026-02-11,109.265833,0.0,970.123128,27.50211,3728.8995773,0.0,934.513253,226.1837064,327.86899,574.9819278,530.027414,702.374054,183.958949,327.46413,436.9946705,123.6695749,27.50211,0.0,0.0,0.0,355.488331,109.265833,0.0,642.254138,485.118751,579.024922,0.0,102.5141315,0.0,487.979681
2026-02-12,105.822222,0.0,991.924338,21.924359,3649.3870171,0.0,922.2946999999999,226.331379,329.724443,554.091825,504.702619,696.022405,175.343358,324.082656,437.4851251,123.2588268,21.924359,0.0,0.0,0.0,360.911273,105.822222,0.0,662.199895,469.813379,561.383427,0.0,103.0725522,0.0,487.84565
2026-02-13,106.036944,0.0,991.55106,21.900366,3701.5348733,0.0,920.7885040000001,227.85871579999997,329.127799,599.1876475,528.432119,704.19682,151.549896,326.087414,437.3670758,124.7936525,21.900366,0.0,0.0,0.0,360.553338,106.036944,0.0,662.423261,466.770899,560.235166,0.0,103.06506329999999,0.0,487.943002
2026-02-14,98.572222,0.0,982.0345090000001,10.966526,3721.7842388999998,0.0,895.182814,221.36468765,328.787188,610.7626457,510.607758,702.603179,169.4055,327.028941,430.9931092,124.78781479999999,10.966526,0.0,0.0,0.0,344.040206,98.572222,0.0,653.247321,482.473616,551.142608,0.0,96.57687285,0.0,487.90949
2026-02-15,109.0875,0.0,984.4054679999999,10.949535,3727.5469427000003,0.0,885.626436,221.65060590000002,329.074993,592.3968376,527.335797,710.539385,165.027975,327.075767,433.17943310000004,124.9022521,10.949535,0.0,0.0,0.0,344.359123,109.0875,0.0,655.330475,483.99211,541.267313,0.0,96.7483538,0.0,487.999638
2026-02-16,115.772778,0.0,974.370353,21.857734,3569.8933579,0.0,885.952326,225.04940599999998,328.864078,592.2425495,490.868863,646.176621,165.045826,327.247571,432.6485894,124.50308729999999,21.857734,0.0,0.0,0.0,344.057143,115.772778,0.0,645.506275,431.971592,541.895183,0.0,100.5463187,0.0,483.691746
2026-02-17,119.636111,0.0,977.4073619999999,21.949821,3559.9139118000003,0.0,867.630989,227.6528971,328.884708,564.6515118,471.307857,691.549185,168.870825,326.939067,437.061484,124.4272561,21.949821,0.0,0.0,0.0,344.037606,119.636111,0.0,648.522654,411.6251,523.593383,0.0,103.225641,0.0,487.908882
2026-02-18,121.500556,0.0,982.273053,16.451614,3588.9782631,0.0,870.9335540000001,227.32841710000002,329.345457,564.6639774,495.430058,675.537963,185.767484,326.630395,436.02538369999996,124.6810517,16.451614,0.0,0.0,0.0,346.310824,121.500556,0.0,652.927596,415.875253,524.62273,0.0,102.64736540000001,0.0,489.047749
2026-02-19,114.274167,0.0,966.385037,16.604975,3539.0602461999997,0.0,866.967765,226.24616170000002,314.372355,571.7688373999999,430.652664,673.069049,184.893795,326.84337,436.1910518,124.7826567,16.604975,0.0,0.0,0.0,330.532052,114.274167,0.0,652.012682,426.460713,536.435713,0.0,101.463505,0.0,489.180766
2026-02-20,112.478333,0.0,988.073799,11.057882,3488.8862461999997,0.0,928.137408,224.46781835000002,328.610246,587.3644295,479.296601,596.347706,160.763374,324.160914,427.6495167,124.78872190000001,11.057882,0.0,0.0,0.0,378.378095,112.478333,0.0,659.463553,424.005637,549.759313,0.0,99.67909645,0.0,489.298068
2026-02-21,99.505833,0.0,985.21441,5.503681,3620.0527248000003,0.0,921.274893,227.4124587,332.238287,573.3193832000001,523.601855,660.552685,182.470955,322.517449,433.8138286,124.7084667,5.503681,0.0,0.0,0.0,372.761799,99.505833,0.0,652.976123,436.970317,548.513094,0.0,102.703992,0.0,486.806252
2026-02-22,98.321944,0.0,997.849794,5.47945,3618.6659657,0.0,915.355861,229.5790604,331.750721,573.0074525,517.31673,630.565581,193.997546,325.740645,437.21184619999997,126.83549409999999,5.47945,0.0,0.0,0.0,372.752437,98.321944,0.0,666.099073,452.200714,542.603424,0.0,102.7435663,0.0,488.625451
2026-02-23,94.638889,0.0,992.080139,10.951455,3577.4473999,0.0,922.2957240000001,229.7441333,332.331679,590.6149365,486.72263,663.244538,168.236344,319.923463,421.7392804,126.9485855,10.951455,0.0,0.0,0.0,366.990305,94.638889,0.0,659.74846,440.207795,555.305419,0.0,102.7955478,0.0,486.758413
2026-02-24,87.246667,0.0,987.584681,10.975927,3588.3006998,0.0,900.220253,227.1754334,331.165103,571.7539896000001,520.713602,646.883149,170.592793,313.601997,436.3997492,124.2560742,10.975927,0.0,0.0,0.0,344.945756,87.246667,0.0,656.419578,462.859842,555.274497,0.0,102.9193592,0.0,465.495578
2026-02-25,91.785833,0.0,974.803197,10.928458,3642.3734913,0.0,912.228404,227.8838518,330.838261,562.1582642999999,523.354432,660.988902,159.571569,317.788045,434.822182,124.2553908,10.928458,0.0,0.0,0.0,345.329316,91.785833,0.0,643.964936,521.724113,566.899088,0.0,103.628461,0.0,461.965984
2026-02-26,84.588333,0.0,987.0188069999999,11.024318,3567.5847143,0.0,907.4897720000001,225.28877260000002,332.597281,547.3015428,544.873841,565.916584,180.228379,310.932953,431.3864055,122.8932008,11.024318,0.0,0.0,0.0,344.751092,84.588333,0.0,654.421526,520.738926,562.73868,0.0,102.3955718,0.0,466.206083
2026-02-27,82.835833,0.0,985.807454,10.94578,3530.0991734,0.0,916.61069,231.6195469,333.165463,548.8496848,540.894183,557.076671,174.206984,309.59597,430.2093656,128.6634733,10.94578,0.0,0.0,0.0,346.709516,82.835833,0.0,652.641991,504.100271,569.901174,0.0,102.9560736,0.0,465.166044
2026-02-28,79.597031,0.0,1000.105456,5.490308,3380.6276702,0.0,924.835853,237.1863811,334.066047,593.2457877,490.201814,451.540577,134.367532,312.0023,421.6944415,134.2943169,5.490308,0.0,0.0,0.0,346.614423,79.597031,0.0,666.039409,512.558976,578.22143,0.0,102.89206420000001,0.0,465.016242
2026-03-01,92.3575,0.0,1016.278851,5.515161,3574.1209959,0.0,856.538077,236.9927957,336.046558,595.1502855,494.510322,580.889265,163.884474,311.807294,428.24878839999997,134.0868082,5.515161,0.0,0.0,0.0,346.278922,92.3575,0.0,680.232293,524.39065,510.259155,0.0,102.9059875,0.0,475.239917
2026-03-02,76.921389,0.0,1007.861633,11.068664,3603.249712,0.0,874.740259,244.15257450000001,336.911288,718.9292,494.144065,636.402967,117.456347,289.009061,381.873305,141.04880680000002,11.068664,0.0,0.0,0.0,346.529218,76.921389,0.0,670.950345,491.191145,528.211041,0.0,103.1037677,0.0,474.243622
2026-03-03,84.955,0.0,993.604465,11.073356,3578.5776046,0.0,906.272095,241.5937785,327.568634,712.884225,331.654778,781.079165,123.115219,304.130205,382.28714260000004,136.9896003,11.073356,0.0,0.0,0.0,345.002084,84.955,0.0,666.035831,478.190962,561.270011,0.0,104.6041782,0.0,465.235908
2026-03-04,43.263611,0.0,991.4669900000001,11.026396,3544.1942179,0.0,921.1251770000001,234.03307375000003,325.246683,644.3906765,315.781418,844.690623,144.979611,285.583115,370.38542739999997,136.57427090000002,11.026396,0.0,0.0,0.0,345.417969,43.263611,0.0,666.220307,530.582686,575.707208,0.0,97.45880285,0.0,407.800661
2026-03-05,40.479167,0.0,993.0530249999999,11.010463,3702.2830663,0.0,929.0109520000001,235.662244,326.481373,658.8574512,423.300236,805.875139,167.908982,297.344504,401.6914201,132.7386424,11.010463,0.0,0.0,0.0,345.799825,40.479167,0.0,666.571652,533.59187,583.211127,0.0,102.9236016,0.0,413.713464
2026-03-06,44.045556,0.0,1006.158885,10.998356,3710.2793904,0.0,928.531296,233.49943601,329.18258,713.9754187999999,343.679047,827.429273,179.717437,323.182284,340.9936946,138.0549987,10.998356,0.0,0.0,0.0,345.460158,44.045556,0.0,676.976305,575.46013,583.071138,0.0,95.44443731,0.0,405.842106
2026-03-07,36.08,0.0,1020.990231,5.495413,3778.4935042,0.0,929.063439,215.13281751,340.426774,706.4215461,350.051617,854.396348,181.576258,299.444096,352.01054810000005,123.3098062,5.495413,0.0,0.0,0.0,344.985376,36.08,0.0,680.563457,634.598574,584.078063,0.0,91.82301131,0.0,399.994517
2026-03-08,36.8775,0.0,1021.052398,5.490714,3758.3346598,0.0,925.339519,215.40373058,341.237739,718.8581396000001,359.1974,854.952367,193.100699,294.903096,336.5613662,123.49347,5.490714,0.0,0.0,0.0,344.89635,36.8775,0.0,679.814659,599.900636,580.443169,0.0,91.91026058,0.0,400.860956
2026-03-09,37.876111,0.0,1018.5693140000001,10.993793,3778.1026896,0.0,928.67694,212.25882475999998,341.99015,698.8815912,374.360513,853.163427,166.305406,284.984169,330.88496239999995,120.6315027,10.993793,0.0,0.0,0.0,344.867535,37.876111,0.0,676.579164,643.955757,583.809405,0.0,91.62732206,0.0,425.566864
2026-03-10,29.847778,0.0,1013.0737730000001,21.956784,3600.2140097,0.0,949.865906,210.45933431999998,342.393184,734.9323273,405.651699,713.211737,163.521809,274.852996,320.76650939999996,120.6931458,21.956784,0.0,0.0,0.0,365.110401,29.847778,0.0,670.680589,560.322535,584.755505,0.0,89.76618852,0.0,426.954397
2026-03-11,16.792222,0.0,1003.589657,21.981403,3749.9324872,0.0,950.2378410000001,210.34238550999999,333.414528,726.6078023,518.174307,702.354722,126.796263,308.923557,345.7996399,121.3069807,21.981403,0.0,0.0,0.0,365.157122,16.792222,0.0,670.175129,549.262857,585.080719,0.0,89.03540481,0.0,472.013339
2026-03-12,15.780278,0.0,1008.621999,22.025629,3855.6212796,0.0,933.641133,213.11438472999998,331.012979,742.7409872000001,514.662786,802.170678,121.842909,289.365428,356.9363874,121.45734829999999,22.025629,0.0,0.0,0.0,350.832142,15.780278,0.0,677.60902,554.610701,582.808991,0.0,91.65703643,0.0,473.291403
2026-03-13,24.3825,0.0,1012.271101,22.001761,3843.8230338,0.0,928.657766,209.99633102,334.511288,741.4228648999999,536.251415,763.24503,105.579958,307.51407,371.26443789999996,118.00348190000001,22.001761,0.0,0.0,0.0,345.158492,24.3825,0.0,677.759813,544.189777,583.499274,0.0,91.99284912,0.0,474.355481
2026-03-14,25.141667,0.0,1017.769571,16.398472,3800.9940511000004,0.0,922.6588859999999,201.59882374,334.547959,735.08146,506.666777,769.941957,103.86466,306.903809,364.09086410000003,109.769847,16.398472,0.0,0.0,0.0,356.084,25.141667,0.0,683.221612,540.342296,566.574886,0.0,91.82897674,0.0,474.102228
2026-03-15,26.177222,0.0,1016.7079209999999,16.403858,3841.8865836,0.0,922.7111319999999,201.89366446,333.649504,724.2640372999999,536.618786,806.010943,104.068364,286.283493,378.6445133,110.2187145,16.403858,0.0,0.0,0.0,356.353366,26.177222,0.0,683.058417,531.463097,566.357766,0.0,91.67494995999999,0.0,474.53335
2026-03-16,25.418611,0.0,1004.1565039999999,21.861717,3849.9642366000003,0.0,924.643388,201.84491965,333.316109,730.3926705,534.152267,816.381398,127.799756,299.972864,374.72218410000005,110.23734,21.861717,0.0,0.0,0.0,344.974902,25.418611,0.0,670.840395,504.371878,579.668486,0.0,91.60757965,0.0,462.171219
2026-03-17,30.029167,0.0,976.095026,5.469858,3814.1826529,0.0,881.254294,202.00608383000002,319.377876,733.5924428999999,540.540155,704.578037,187.738725,320.019123,331.456643,110.38255670000001,5.469858,0.0,0.0,0.0,345.424167,30.029167,0.0,656.71715,522.168363,535.830127,0.0,91.62352713,0.0,474.089164
2026-03-18,24.726111,0.0,1011.945158,7.098764,3574.1356226,0.0,826.964979,201.21621733,332.932167,685.8484553,420.107409,693.655727,124.820181,269.31096,367.6228943,109.8243537,7.098764,0.0,0.0,0.0,328.19836,24.726111,0.0,679.012991,538.912615,498.766619,0.0,91.39186362999999,0.0,473.857381
2026-03-19,27.247222,0.0,1016.954661,5.459769,3604.4110476,0.0,914.9427909999999,197.20406812,340.161184,696.7026255,537.847153,569.349158,125.415015,298.814706,368.22765610000005,109.58666579999999,5.459769,0.0,0.0,0.0,353.141986,27.247222,0.0,676.793477,538.402559,561.800805,0.0,87.61740232,0.0,469.652175
2026-03-20,29.076944,0.0,1016.2050509999999,5.484385,3542.3208172,0.0,923.740341,197.21161072,338.340438,713.4919286,543.272031,490.461042,125.47665,297.63665,371.47182860000004,109.6321489,5.484385,0.0,0.0,0.0,352.998258,29.076944,0.0,677.864613,528.071762,570.742083,0.0,87.57946181999999,0.0,472.438925
2026-03-21,29.455556,0.0,1016.328788,2.74002,3614.1987464,0.0,939.4826680000001,197.35750739,335.96289,724.1401218999999,537.556113,549.89438,124.070329,294.666682,375.9772655,109.395423,2.74002,0.0,0.0,0.0,363.511191,29.455556,0.0,680.365898,530.207386,575.971477,0.0,87.96208439,0.0,477.686469
2026-03-22,76.651667,0.0,1015.67346,2.741519,3626.4391585,0.0,941.773511,196.37262477000002,333.647623,722.8642706,542.109527,550.813915,123.790459,298.351596,374.7140349,109.3669203,2.741519,0.0,0.0,0.0,366.543234,76.651667,0.0,682.025837,537.907264,575.230277,0.0,87.00570447,0.0,475.888092
2026-03-23,73.899444,0.0,1012.111134,24.596817,3651.1163068,0.0,942.4228410000001,196.3073226,331.263711,714.8846314,534.720009,595.47005,115.546488,253.332374,412.93863239999996,109.455652,24.596817,0.0,0.0,0.0,366.83513,73.899444,0.0,680.847423,549.632283,575.587711,0.0,86.85167059999999,0.0,474.591839
2026-03-24,73.159167,0.0,1055.706269,32.941796,3626.8989357,0.0,928.681777,198.3042786,333.998479,721.0053297000001,516.27831,607.679017,151.056614,257.632552,384.475183,110.8309716,32.941796,0.0,0.0,0.0,352.023569,73.159167,0.0,721.70779,540.908697,576.658208,0.0,87.473307,0.0,447.863233
2026-03-25,68.694722,0.0,1057.74966,27.296582,3689.3281576,0.0,937.137105,198.33072232,333.432473,715.0412428999999,536.613185,649.639899,96.562802,255.577889,431.6987967,110.7842075,27.296582,0.0,0.0,0.0,363.098931,68.694722,0.0,724.317187,528.651562,574.038174,0.0,87.54651482,0.0,475.542781
2026-03-26,70.868333,0.0,1050.822161,5.489139,3796.1127758000002,0.0,924.754303,197.55189097,332.936272,716.144135,544.730097,746.935273,89.148683,289.389676,429.9440488,110.5837708,5.489139,0.0,0.0,0.0,367.265576,70.868333,0.0,717.885889,507.109891,557.488727,0.0,86.96812017,0.0,472.710972
2026-03-27,71.148333,0.0,1029.271439,5.457188,3751.6910417,0.0,936.63111,198.07953098000002,332.49452,726.6158806,544.400846,760.970536,74.73043,281.043851,413.74177710000004,110.6648325,5.457188,0.0,0.0,0.0,361.694547,71.148333,0.0,696.776919,470.734071,574.936563,0.0,87.41469848,0.0,479.45365
2026-03-28,79.105,0.0,1028.9805649999998,5.456501,3556.1655768,0.0,887.171373,190.49873035000002,321.374913,706.8596794,503.86138,745.445003,50.387097,282.748398,375.5812914,106.3186558,5.456501,0.0,0.0,0.0,320.474568,79.105,0.0,707.605652,431.670139,566.696805,0.0,84.18007455,0.0,459.612589
2026-03-29,79.189167,0.0,1050.41191,5.455264,3697.5640152,0.0,916.895705,199.14399161,324.413479,747.9261546,516.299577,754.633243,53.636085,308.876008,369.50041860000005,111.37602790000001,5.455264,0.0,0.0,0.0,334.670578,79.189167,0.0,725.998431,464.116982,582.225127,0.0,87.76796370999999,0.0,482.575547
2026-03-30,70.518056,0.0,1046.1639010000001,5.455947,3736.0471009000003,0.0,920.0873690000001,198.22844815,336.398431,741.8591886,517.377428,799.999214,62.18725,287.686557,378.3670463,112.3376581,5.455947,0.0,0.0,0.0,335.07392,70.518056,0.0,709.76547,465.152386,585.013449,0.0,85.89079004999999,0.0,483.418031
2026-03-31,65.340992,0.0,977.788667,5.487143,3726.6725323,0.0,919.967656,188.65550939999997,325.213207,724.9622729,525.914549,766.247049,66.071238,314.437758,374.3134464,105.19985679999999,5.487143,0.0,0.0,0.0,346.500359,65.340992,0.0,652.57546,472.367805,573.467297,0.0,83.4556526,0.0,482.358414
2026-04-01,50.837778,0.0,958.6792539999999,5.461037,3710.7312109,0.0,827.730605,8.2822265,324.896869,748.1202245,514.54096,741.554779,78.543704,275.424074,400.37402039999995,8.2822265,5.461037,0.0,0.0,0.0,346.305511,50.837778,0.0,633.782385,468.856093,481.425094,0.0,0.0,0.0,483.317356
2026-04-02,47.658056,0.0,940.04953,5.462213,3756.2773132,0.0,807.1578830000001,8.37885201,323.259501,747.8925602,501.871881,764.898379,70.759557,290.031442,437.031631,8.37885201,5.462213,0.0,0.0,0.0,345.16872,47.658056,0.0,616.790029,468.472219,461.989163,0.0,0.0,0.0,475.319644
2026-04-03,52.876111,0.0,942.253966,5.459307,3800.6794212,0.0,821.0766,8.4145697,323.300761,743.3287996,542.617023,813.426344,147.208712,229.519313,408.19679260000004,8.4145697,5.459307,0.0,0.0,0.0,345.298948,52.876111,0.0,618.953205,433.029201,475.777652,0.0,0.0,0.0,483.353236
2026-04-04,59.98,0.0,966.228942,5.481151,3773.3037128,0.0,740.8022470000001,8.447225529999999,322.611684,747.6763089,538.168066,790.453084,147.048868,206.622421,431.5579679,8.447225529999999,5.481151,0.0,0.0,0.0,314.652414,59.98,0.0,643.617258,429.689469,426.149833,0.0,0.0,0.0,482.087528
2026-04-05,62.608056,0.0,979.620803,5.521097,3744.3405532,0.0,780.571736,15.971403760000001,321.995711,710.1420957,541.573115,765.452212,168.014813,168.349967,433.6993745,8.3348224,5.521097,0.0,0.0,0.0,345.662384,62.608056,0.0,657.625092,475.155365,434.909352,0.0,7.63658136,0.0,481.953611
2026-04-06,56.825278,0.0,979.796432,5.487011,3793.5829137,0.0,773.394567,10.96632589,322.531162,747.5296171,538.132692,788.662195,200.866866,135.220358,437.0737636,8.37838452,5.487011,0.0,0.0,0.0,345.541079,56.825278,0.0,657.26527,462.983055,427.853488,0.0,2.5879413700000002,0.0,483.114367
2026-04-07,55.965833,0.0,979.6991929999999,5.461717,3778.7731129,0.0,771.9416100000001,2.5716447999999996,321.487823,751.5071191000001,542.469851,816.887561,175.672134,134.585759,438.5342538,0.00163967,5.461717,0.0,0.0,0.0,345.316519,55.965833,0.0,658.21137,513.047377,426.625091,0.0,2.5700051299999997,0.0,406.069058
2026-04-08,49.995833,0.0,971.0375979999999,5.458891,3802.9368369999997,0.0,786.2139609999999,0.0,316.989942,740.9806768,543.441945,751.022237,213.250915,133.571565,437.7362632,0.0,5.458891,0.0,0.0,0.0,345.371048,49.995833,0.0,654.047656,491.791996,440.842913,0.0,0.0,0.0,491.141239
2026-04-09,37.052222,0.0,981.010499,5.469551,3652.8395264,0.0,798.3436300000001,0.0,313.638055,763.8521913,523.836086,641.797912,167.401087,144.011843,439.0216431,0.0,5.469551,0.0,0.0,0.0,345.433392,37.052222,0.0,667.372444,487.193956,452.910238,0.0,0.0,0.0,485.724808
2026-04-10,55.026389,0.0,971.101218,5.478226,3614.0281989,0.0,806.780251,0.0,319.675642,739.1954001,543.724584,653.376009,122.221351,152.927203,445.1663978,0.0,5.478226,0.0,0.0,0.0,345.449332,55.026389,0.0,651.425576,471.665435,461.330919,0.0,0.0,0.0,485.751819
2026-04-11,59.5825,0.0,982.4282000000001,5.466652,3603.2444485,0.0,779.798094,0.0,319.873864,746.0879477000001,535.33458,671.495043,120.05388,145.597079,431.6457148,0.0,5.466652,0.0,0.0,0.0,345.456897,59.5825,0.0,662.554336,471.745015,434.341197,0.0,0.0,0.0,481.285189
2026-04-12,59.747222,0.0,983.3460439999999,5.489674,3608.1533594,0.0,779.100863,0.0,318.833246,750.0065107,525.551298,626.437616,139.494823,147.032063,439.0357437,0.0,5.489674,0.0,0.0,0.0,353.462983,59.747222,0.0,664.512798,503.717524,425.63788,0.0,0.0,0.0,476.877781
2026-04-13,49.891944,0.0,978.740436,5.578808,3612.1506842999997,0.0,778.051386,9.0134955,316.959612,749.2990232999999,540.699617,663.964209,227.229154,0.0,435.424171,9.0134955,5.578808,0.0,0.0,0.0,345.807486,49.891944,0.0,661.780824,516.676599,432.2439,0.0,0.0,0.0,478.857911
2026-04-14,48.241111,0.0,1017.964396,0.0,3895.9755738,0.0,797.548292,9.27765868,314.898461,762.404899,542.697018,653.804506,491.796466,0.0,424.8648038,9.27765868,0.0,0.0,0.0,0.0,345.231106,48.241111,0.0,703.065935,553.663323,452.317186,0.0,0.0,0.0,466.744558
2026-04-15,55.441944,0.0,1022.7643519999999,0.0,3753.9123581,0.0,795.728822,9.508758929999999,311.695007,753.1292559,517.644929,735.761758,335.214208,0.0,436.12649319999997,9.508758929999999,0.0,0.0,0.0,0.0,345.263075,55.441944,0.0,711.069345,502.959886,450.465747,0.0,0.0,0.0,473.075828
2026-04-16,49.948611,0.0,1050.60541,0.0,3622.4767723,0.0,733.011928,9.62978496,339.797848,754.2974101,523.148224,611.803388,331.932493,0.0,431.16517419999997,9.62978496,0.0,0.0,0.0,0.0,346.020865,49.948611,0.0,710.807562,494.666905,386.991063,0.0,0.0,0.0,475.463178
2026-04-17,44.393611,0.0,1059.6852119999999,0.0,3285.9986561,0.0,721.374601,9.3808594,341.636491,710.3857506,506.063175,359.686845,156.677355,154.452318,424.4983095,9.3808594,0.0,0.0,0.0,0.0,345.333243,44.393611,0.0,718.048721,498.309453,376.041358,0.0,0.0,0.0,475.92545
2026-04-18,53.716389,0.0,1046.750141,0.0,3443.0760225999998,0.0,733.0271700000001,19.82612653,335.955083,743.3621367999999,525.555155,429.080544,125.819315,214.288164,427.0492658,9.41042504,0.0,0.0,0.0,0.0,339.693346,53.716389,0.0,710.795058,500.959439,393.333824,0.0,10.41570149,0.0,476.962003
2026-04-19,61.665278,0.0,1058.014522,0.0,3448.0425558,0.0,727.409634,14.35067231,337.394702,739.5785911,525.769525,417.005381,136.933087,221.690434,428.9736707,9.4042463,0.0,0.0,0.0,0.0,339.757368,61.665278,0.0,720.61982,503.662031,387.652266,0.0,4.94642601,0.0,474.429836
2026-04-20,65.297222,0.0,1061.56723,0.0,3337.6781093,0.0,694.0851230000001,0.78797498,342.248288,736.2134552,507.0844,385.34878,200.976485,184.009043,395.6709621,0.78797498,0.0,0.0,0.0,0.0,339.751229,65.297222,0.0,719.318942,512.504472,354.333894,0.0,0.0,0.0,415.870512
2026-04-21,59.848611,0.0,1014.77475,0.0,2772.4246046999997,0.0,707.599251,11.37474765,342.261655,703.2428579,339.0721,78.127492,119.909046,175.26211,407.7903528,0.0,0.0,0.0,0.0,0.0,339.929668,59.848611,0.0,672.513095,477.149843,367.669583,0.0,11.37474765,0.0,471.870803
2026-04-22,50.415278,0.0,1009.1212350000001,0.0,3236.0831667,0.0,743.564709,6.318215009999999,339.333065,712.0552711,505.831982,384.900814,138.213323,181.434806,429.7110106,0.0,0.0,0.0,0.0,0.0,345.34104,50.415278,0.0,669.78817,411.079299,398.223669,0.0,6.318215009999999,0.0,472.856661
2026-04-23,52.330556,0.0,1009.529037,0.0,3421.144956,0.0,737.0725150000001,0.0,339.303256,724.0882502000001,524.987083,477.581626,159.128167,184.216089,408.5063248,0.0,0.0,0.0,0.0,0.0,342.328182,52.330556,0.0,670.225781,464.084541,394.744333,0.0,0.0,0.0,478.552875
2026-04-24,56.332222,0.0,1046.75881,0.0,3356.926269,0.0,780.715694,0.007037890000000001,340.118492,724.5041503,530.134163,372.062968,209.197214,174.409717,412.9866877,0.007037890000000001,0.0,0.0,0.0,0.0,341.889292,56.332222,0.0,706.640318,465.71315,438.826402,0.0,0.0,0.0,467.918219
2026-04-25,64.8025,0.0,1074.012263,0.0,3397.6731473,0.0,755.2142550000001,8.786618279999999,336.991987,745.1110183999999,540.948698,415.861077,129.197527,183.461949,432.13731989999997,8.786618279999999,0.0,0.0,0.0,0.0,330.956789,64.8025,0.0,737.020276,475.075711,424.257466,0.0,0.0,0.0,475.879847
2026-04-26,58.8875,0.0,1078.183326,0.0,3415.581648,0.0,741.965138,8.950804980000001,338.159415,749.9963032999999,539.993336,437.806469,116.280373,181.792942,434.3091037,8.950804980000001,0.0,0.0,0.0,0.0,331.036277,58.8875,0.0,740.023911,480.455943,410.928861,0.0,0.0,0.0,474.947178
2026-04-27,48.594722,0.0,1076.100985,5.47688,3435.3177165,0.0,765.839834,8.03938053,338.650755,743.3546749,531.230075,447.788553,146.612767,147.103091,441.8021426,8.03938053,5.47688,0.0,0.0,0.0,341.889712,48.594722,0.0,737.45023,501.988169,423.950122,0.0,0.0,0.0,475.438244
2026-04-28,47.769444,0.0,1082.566252,5.462772,3388.150788,0.0,762.899947,8.112173049999999,339.379862,714.4225802000001,527.825776,396.967578,145.868491,173.302381,428.4030188,8.112173049999999,5.462772,0.0,0.0,0.0,341.945089,47.769444,0.0,743.18639,526.861399,420.954858,0.0,0.0,0.0,474.499564
2026-04-29,46.855278,0.0,1092.951472,5.469614,3520.3737612,0.0,767.993029,27.31113625,340.670645,731.7795295,541.971072,465.403809,127.952946,253.848649,406.0888107,9.93813625,5.469614,0.0,0.0,0.0,347.599427,46.855278,0.0,752.280827,515.132211,420.393602,0.0,17.373,0.0,478.196734
2026-04-30,46.979509,0.0,1074.724804,21.886756,3273.3104044,0.0,773.615956,9.66506115,338.510188,720.5635893,516.740903,374.208223,114.579843,164.847037,400.05479510000004,9.66506115,21.886756,0.0,0.0,0.0,353.085851,46.979509,0.0,736.214616,505.792842,420.530105,0.0,0.0,0.0,476.523172
2026-05-01,52.947222,0.0,1011.1399039999999,21.80126,3183.8174861,0.0,784.509328,10.38602669,339.394258,733.4425477000001,517.681092,296.173511,128.647928,149.629653,387.27774639999996,10.38602669,21.80126,0.0,0.0,0.0,344.419737,52.947222,0.0,671.745646,494.430077,440.089591,0.0,0.0,0.0,476.534931
2026-05-02,55.497778,0.0,1004.8912720000001,21.81705,3307.4927040000002,0.0,778.010271,17.01882259,339.337466,714.6215781000001,495.927071,357.86466,274.760403,257.402984,259.8527269,10.57481352,21.81705,0.0,0.0,0.0,349.912452,55.497778,0.0,665.553806,470.598895,428.097819,0.0,6.44400907,0.0,476.464386
2026-05-03,58.051389,0.0,1002.2254869999999,10.980774,3137.4341275,0.0,778.882842,13.942059700000001,339.237379,709.2817232000001,450.681301,279.594943,260.815808,257.75544,260.9787953,10.35405431,10.980774,0.0,0.0,0.0,355.448654,58.051389,0.0,662.988108,442.465267,423.434188,0.0,3.58800539,0.0,475.86085
2026-05-04,52.122778,0.0,1007.9908580000001,32.798068,3250.6176937,0.0,792.550572,9.83958808,339.028924,723.1741194,514.720007,343.954992,245.714597,233.598199,277.6859763,9.83958808,32.798068,0.0,0.0,0.0,344.472136,52.122778,0.0,668.961934,437.090639,448.078436,0.0,0.0,0.0,474.679164
2026-05-05,55.914722,0.0,1009.6985280000001,27.265272,3216.5205077,0.0,792.146689,16.55911527,339.028971,720.3480627,510.913091,303.697406,252.180782,224.182492,274.227462,9.33811443,27.265272,0.0,0.0,0.0,349.709173,55.914722,0.0,670.669557,452.881245,442.437516,0.0,7.221000839999999,0.0,478.089967
2026-05-06,58.477222,0.0,1005.4575319999999,48.945694,3094.8713377,0.0,793.614556,9.69867976,337.83792,715.7319234,535.786936,283.490085,221.051206,155.855796,279.5059673,9.69867976,48.945694,0.0,0.0,0.0,351.034037,58.477222,0.0,667.619612,428.650235,442.580519,0.0,0.0,0.0,474.799189
2026-05-07,54.617222,0.0,1053.250296,38.174183,3123.6543351,0.0,826.882201,16.70625215,334.193602,702.1276767999999,441.01723,419.02057,225.045772,134.147502,275.6093573,9.59026384,38.174183,0.0,0.0,0.0,344.782463,54.617222,0.0,719.056694,450.261788,482.099738,0.0,7.11598831,0.0,476.424439
2026-05-08,40.446389,0.0,1049.8134260000002,49.440888,3309.6060391,0.0,795.830356,9.62030606,341.002657,740.8577034,506.794045,469.110263,212.165055,169.84613,287.5907527,9.62030606,49.440888,0.0,0.0,0.0,322.150926,40.446389,0.0,708.810769,444.575165,473.67943,0.0,0.0,0.0,478.666925
2026-05-09,44.018889,0.0,1059.164174,27.567257,3231.6636482,0.0,822.887596,16.778038650000003,338.954376,728.1953969,510.472828,403.62677,301.99893,159.967048,227.4843873,9.537033710000001,27.567257,0.0,0.0,0.0,340.881221,44.018889,0.0,720.209798,421.806321,482.006375,0.0,7.241004940000001,0.0,478.111967
2026-05-10,54.0,0.0,1062.6179889999999,10.894318,3234.3269056,0.0,824.671488,9.6596725,340.78171,727.2446063,523.527157,412.468544,309.063236,141.420694,228.7152373,9.6596725,10.894318,0.0,0.0,0.0,346.554838,54.0,0.0,721.836279,415.695778,478.11665,0.0,0.0,0.0,476.191653
2026-05-11,55.193889,0.0,1059.951294,16.343643,3283.061584,0.0,840.650086,16.91262927,340.435835,736.0431736,525.56486,449.128192,263.31565,160.090883,279.13773139999995,9.83560975,16.343643,0.0,0.0,0.0,346.527084,55.193889,0.0,719.515459,394.373111,494.123002,0.0,7.0770195199999995,0.0,475.407983
2026-05-12,59.524167,0.0,1057.025394,10.916672,3281.6774699000002,0.0,847.444439,0.0387368,341.559175,724.9185346,524.362584,441.262793,268.855438,171.26445,263.3686313,0.0387368,10.916672,0.0,0.0,0.0,347.786953,59.524167,0.0,715.466219,409.030856,499.657486,0.0,0.0,0.0,478.614183
2026-05-13,51.775556,0.0,1058.6730870000001,2.825787,3301.3585912999997,0.0,858.786202,7.36498818,341.026611,748.2231733,540.338859,615.588941,0.411408,159.306909,303.49925,0.0,2.825787,0.0,0.0,0.0,357.566011,51.775556,0.0,717.646476,456.533973,501.220191,0.0,7.36498818,0.0,477.456078
2026-05-14,52.664167,0.0,1065.8773059999999,2.751377,3299.6748091,0.0,854.653521,0.0,341.785398,620.2343899,513.203445,467.489814,278.331578,159.369549,347.7980972,0.0,2.751377,0.0,0.0,0.0,351.888391,52.664167,0.0,724.091908,435.75778,502.76513,0.0,0.0,0.0,477.490156
2026-05-15,55.825556,0.0,1067.581409,2.742869,3302.6372123,0.0,842.879402,30.52176943,340.438035,616.7306969,505.242711,474.38243,303.418325,158.906064,346.56461939999997,30.52176943,2.742869,0.0,0.0,0.0,346.459136,55.825556,0.0,727.143374,419.412805,496.420266,0.0,0.0,0.0,477.979561
2026-05-16,56.619722,0.0,1068.0173399999999,2.735964,3160.4764025,0.0,840.3649350000001,7.76399194,342.214303,550.1978826000001,442.764511,434.907993,323.36505,156.269549,363.14759089999995,0.0,2.735964,0.0,0.0,0.0,346.594224,56.619722,0.0,725.803037,412.016301,493.770711,0.0,7.76399194,0.0,477.807525
2026-05-17,52.729444,0.0,1009.794628,2.736217,3203.7093695000003,0.0,833.875422,0.0,341.140538,533.5036095,512.342523,426.313741,310.850694,155.638061,369.139118,0.0,2.736217,0.0,0.0,0.0,346.203764,52.729444,0.0,668.65409,418.603885,487.671658,0.0,0.0,0.0,477.317738
2026-05-18,55.913611,0.0,962.464611,2.738999,3162.0876968,0.0,845.126184,8.332858009999999,341.759811,538.2884773999999,418.297503,457.481582,354.593312,169.466811,328.5169514,8.332858009999999,2.738999,0.0,0.0,0.0,346.29114,55.913611,0.0,620.7048,417.887149,498.835044,0.0,0.0,0.0,477.555911
2026-05-19,52.898611,0.0,992.5400379999999,10.928541,3187.0805324,0.0,865.416113,10.045077580000001,342.502013,547.7693272,458.521412,405.327425,391.443159,173.997694,324.7484422,10.045077580000001,10.928541,0.0,0.0,0.0,354.522244,52.898611,0.0,650.038025,407.545384,510.893869,0.0,0.0,0.0,477.727689
2026-05-20,56.463056,0.0,1041.187695,16.432574,1985.1842713,0.0,861.91561,10.16968943,342.093881,633.7477518,0.0,234.654854,56.276044,67.491515,114.6500115,10.16968943,16.432574,0.0,0.0,0.0,346.322969,56.463056,0.0,699.093814,437.364769,515.592641,0.0,0.0,0.0,440.999326
2026-05-21,53.743333,0.0,1042.983761,16.482845,2574.1210016,0.0,857.34215,17.31755751,342.505964,576.6001727,152.750728,183.631625,295.422666,146.127117,345.3843899,10.12955367,16.482845,0.0,0.0,0.0,351.722434,53.743333,0.0,700.477797,401.640997,505.619716,0.0,7.1880038399999995,0.0,472.563306
2026-05-22,53.716944,0.0,1040.506711,16.518163,2843.5231222,0.0,867.269994,11.08783047,342.068105,519.8342931,442.193963,231.073713,294.453358,151.892198,392.71421610000004,11.08783047,16.518163,0.0,0.0,0.0,346.491903,53.716944,0.0,698.438606,337.518642,520.778091,0.0,0.0,0.0,473.842739
2026-05-23,51.814722,0.0,1050.33113,10.974329,3172.3658305,0.0,851.7693300000001,11.591694039999998,342.480058,636.0839227,517.236597,293.264509,231.867005,152.166984,410.1248598,11.591694039999998,10.974329,0.0,0.0,0.0,346.717711,51.814722,0.0,707.851072,453.948847,505.051619,0.0,0.0,0.0,477.673106
2026-05-24,49.842778,0.0,1061.40472,10.981795,3187.7389033,0.0,847.725171,11.81772942,338.032984,670.1744296,481.130881,329.49632,182.414117,224.323172,412.2590447,11.81772942,10.981795,0.0,0.0,0.0,346.210177,49.842778,0.0,723.371736,410.405714,501.514994,0.0,0.0,0.0,477.535225
2026-05-25,60.313333,0.0,1061.900725,16.437058,3225.8524981,0.0,842.557139,11.274951810000001,343.030887,648.7475564,500.057576,371.246445,185.91436,230.653342,411.8341867,11.274951810000001,16.437058,0.0,0.0,0.0,329.744328,60.313333,0.0,718.869838,397.951571,512.812811,0.0,0.0,0.0,479.447461
2026-05-26,55.136111,0.0,1060.943365,5.475508,3336.87084,0.0,857.046601,20.9796129,342.056477,643.3712201000001,523.821112,423.057688,202.998119,224.16973,399.22474689999996,10.21260434,5.475508,0.0,0.0,0.0,346.307163,55.136111,0.0,718.886888,441.36253,510.739438,0.0,10.76700856,0.0,478.865694
2026-05-27,52.438333,0.0,1060.149223,5.471263,3391.0761493,0.0,864.608298,9.84789076,342.497648,639.3835036,530.475261,427.586378,198.468337,224.24365,425.46148469999997,9.84789076,5.471263,0.0,0.0,0.0,346.259412,52.438333,0.0,717.651575,465.811507,518.348886,0.0,0.0,0.0,479.646028
2026-05-28,56.037222,0.0,1060.055373,5.491284,3412.2346865,0.0,875.774782,17.13118427,341.59471,628.9188779,519.778287,477.973906,186.108646,224.122305,425.5163556,9.97719912,5.491284,0.0,0.0,0.0,357.412516,56.037222,0.0,718.460663,470.461106,518.362266,0.0,7.1539851500000005,0.0,479.355203
2026-05-29,50.981944,0.0,1059.214311,16.424938,3250.9934672,0.0,881.4878980000001,9.96454874,342.611742,613.9031485,540.291467,396.844169,244.726076,140.243433,399.1783337,9.96454874,16.424938,0.0,0.0,0.0,357.397179,50.981944,0.0,716.602569,434.955976,524.090719,0.0,0.0,0.0,480.850864
2026-05-30,47.837222,0.0,1058.4628480000001,11.117081,3208.0466917000003,0.0,865.560198,17.42864244,341.858645,475.9993571,535.21384,404.811262,336.303904,147.410923,392.65007560000004,10.0296565,11.117081,0.0,0.0,0.0,346.224337,47.837222,0.0,716.604203,435.666772,519.335861,0.0,7.39898594,0.0,479.990558
2026-05-31,50.542855,0.0,1058.0511390000001,11.037243,3203.304772,0.0,861.2009280000001,12.89338356,342.786873,478.7177128,539.902269,399.507944,334.464244,147.229487,392.60431919999996,9.33838652,11.037243,0.0,0.0,0.0,346.359351,50.542855,0.0,715.264266,433.680682,514.841577,0.0,3.55499704,0.0,477.198114
2026-06-01,57.728333,0.0,1027.045939,16.654459,3141.4339411,0.0,826.685338,9.21479291,341.755446,504.93475839999996,434.494327,430.771468,319.162341,134.820158,390.6018317,9.21479291,16.654459,0.0,0.0,0.0,346.198669,57.728333,0.0,685.290493,449.017121,480.486669,0.0,0.0,0.0,477.631936
2026-06-02,55.374722,0.0,1006.054577,11.125974,3303.3309678,0.0,345.43098,9.27274454,338.622802,480.8226987,536.483607,417.099535,327.686642,162.26404,406.98099210000004,9.27274454,11.125974,0.0,0.0,0.0,345.43098,55.374722,0.0,667.431775,494.363117,0.0,0.0,0.0,0.0,477.630336
2026-06-03,53.089722,0.0,985.193127,11.079166,3310.2603584,0.0,345.234898,9.33276735,337.758475,562.8421656,526.47708,527.498712,342.759846,167.513423,395.4050988,9.33276735,11.079166,0.0,0.0,0.0,345.234898,53.089722,0.0,647.434652,308.686155,0.0,0.0,0.0,0.0,479.077878
2026-06-04,54.960278,0.0,992.9108180000001,11.012436,3473.0752555999998,0.0,345.415727,9.244875630000001,338.764753,536.9298611,543.518752,669.147962,323.157254,170.640334,388.0456225,9.244875630000001,11.012436,0.0,0.0,0.0,345.415727,54.960278,0.0,654.146065,364.739373,0.0,0.0,0.0,0.0,476.896097
2026-06-05,47.482778,0.0,993.6938190000001,10.988056,3512.9253734,0.0,345.636798,8.972156380000001,337.768991,552.7796416,538.454882,678.976572,321.491497,170.616484,424.5196148,8.972156380000001,10.988056,0.0,0.0,0.0,345.636798,47.482778,0.0,655.924828,348.09506,0.0,0.0,0.0,0.0,477.991622
2026-06-06,48.571389,0.0,998.453838,5.502536,3562.6692353,0.0,345.530277,9.269705720000001,337.877619,546.2405728,536.460451,721.295524,349.180885,152.496852,432.9779005,9.269705720000001,5.502536,0.0,0.0,0.0,345.530277,48.571389,0.0,660.576219,346.247817,0.0,0.0,0.0,0.0,477.769233
2026-06-07,52.373333,0.0,1009.8539989999999,5.525244,3617.1478692,0.0,482.144907,9.53635265,337.684223,570.904778,536.675904,744.693807,338.236332,161.237721,434.2613742,9.53635265,5.525244,0.0,0.0,0.0,345.572088,52.373333,0.0,672.169776,350.391053,136.572819,0.0,0.0,0.0,480.7469
2026-06-08,66.659722,0.0,993.253281,5.520989,3735.4511056,0.0,584.54895,9.91871916,337.743582,652.9430849,536.684551,745.381853,361.215827,218.927014,351.53911669999997,9.91871916,5.520989,0.0,0.0,0.0,345.553487,66.659722,0.0,655.509699,388.559306,238.995463,0.0,0.0,0.0,480.200353
2026-06-09,53.234444,0.0,989.857685,16.554323,3778.9591646999997,0.0,691.996082,9.93810485,336.563686,671.4560832999999,538.347083,728.570569,349.170368,222.95922,365.4515394,9.93810485,16.554323,0.0,0.0,0.0,345.310402,53.234444,0.0,653.293999,419.182151,346.68568,0.0,0.0,0.0,483.822151
2026-06-10,53.073611,0.0,980.711688,11.030297,3416.0218777,0.0,841.030677,9.77193136,336.488925,682.8649644,345.077071,541.238131,354.974092,216.087681,357.5373023,9.77193136,11.030297,0.0,0.0,0.0,345.251803,53.073611,0.0,644.222763,433.744405,495.778874,0.0,0.0,0.0,484.498231
2026-06-11,55.843056,0.0,984.089601,16.467743,3052.2132398,0.0,881.454565,6.309000000000001e-05,336.384544,695.8709368,419.114334,184.292906,340.166779,218.005498,292.152033,6.309000000000001e-05,16.467743,0.0,0.0,0.0,352.868182,55.843056,0.0,647.705057,426.059981,528.586383,0.0,0.0,0.0,476.550772
2026-06-12,56.384722,0.0,1005.1423930000001,16.476875,3390.641205,0.0,843.099433,0.0,336.960793,666.907308,533.583228,397.342817,289.47785,222.83959,354.480378,0.0,16.476875,0.0,0.0,0.0,352.733208,56.384722,0.0,668.1816,461.910992,490.366225,0.0,0.0,0.0,464.099042
2026-06-13,50.087222,0.0,999.864153,5.494623,3379.2436176,0.0,779.000392,0.0,336.537768,685.4259362,532.618462,302.707517,237.821477,265.882515,394.26036539999996,0.0,5.494623,0.0,0.0,0.0,346.525118,50.087222,0.0,663.326385,488.057978,432.475274,0.0,0.0,0.0,472.469367
2026-06-14,52.783333,0.0,1011.325589,5.494703,3295.4755283,0.0,796.9999150000001,0.00296979,336.350807,669.7178145,526.341022,230.17482,224.67976,265.956133,375.0161008,0.00296979,5.494703,0.0,0.0,0.0,353.130688,52.783333,0.0,674.974782,530.329603,443.869227,0.0,0.0,0.0,473.260275
2026-06-15,50.067222,0.0,981.023432,16.467988,3431.5297336,0.0,853.526349,8.53533666,336.462593,666.8910681,521.52267,389.772357,200.064528,313.566766,333.1071125,8.53533666,16.467988,0.0,0.0,0.0,370.971719,50.067222,0.0,644.560839,535.853226,482.55463,0.0,0.0,0.0,470.752006
2026-06-16,51.451944,0.0,985.755791,21.951892,3377.7361341,0.0,833.7245170000001,19.58677844,334.423693,626.5927444,499.693039,418.178846,237.843292,300.044283,313.7966987,8.80777844,21.951892,0.0,0.0,0.0,364.739048,51.451944,0.0,651.332098,516.499289,468.985469,0.0,10.779,0.0,465.087942
2026-06-17,51.015278,0.0,993.505372,16.461741,3295.2112406,0.0,854.552274,8.97942569,333.885261,620.3141332,514.516624,305.754609,269.873256,266.521586,352.7398814,8.97942569,16.461741,0.0,0.0,0.0,386.878897,51.015278,0.0,659.620111,488.09752,467.673377,0.0,0.0,0.0,477.393631
2026-06-18,52.877778,0.0,976.506185,11.066024,3442.7058811,0.0,854.6377640000001,9.40589612,336.813105,620.8182699,530.708387,427.530385,281.124511,300.658515,301.2165592,9.40589612,11.066024,0.0,0.0,0.0,382.196703,52.877778,0.0,639.69308,500.286371,472.441061,0.0,0.0,0.0,480.362883
2026-06-19,49.891389,0.0,965.85631,10.95788,3397.9976562,0.0,860.513463,9.12784807,335.97925,621.6336217,523.594057,378.198581,258.84114,295.878872,332.0048515,9.12784807,10.95788,0.0,0.0,0.0,382.036841,49.891389,0.0,629.87706,507.490908,478.476622,0.0,0.0,0.0,480.355625
2026-06-20,52.004444,0.0,975.3872349999999,10.950252,3441.8803618,0.0,814.566844,9.06163104,337.470291,662.5753492,519.782753,399.300686,290.753141,244.113361,351.6799146,9.06163104,10.950252,0.0,0.0,0.0,357.833728,52.004444,0.0,637.916944,493.765982,456.733116,0.0,0.0,0.0,479.909175
2026-06-21,52.880278,0.0,988.461562,10.956507,3739.8454791,0.0,808.048052,9.19203416,337.499935,658.2581562,535.837571,617.639453,276.824879,259.614101,391.9401519,9.19203416,10.956507,0.0,0.0,0.0,357.620205,52.880278,0.0,650.961627,518.458324,450.427847,0.0,0.0,0.0,481.272843
2026-06-22,52.731944,0.0,957.579332,10.977393,3876.3329621,0.0,826.54246,19.90939598,336.448126,661.0437303,537.401235,715.363044,286.503808,258.391975,388.9018778,9.25039598,10.977393,0.0,0.0,0.0,363.441705,52.731944,0.0,621.131206,548.02102,463.100755,0.0,10.659,0.0,480.706272
2026-06-23,48.501111,0.0,928.346818,5.576316,3805.6471068,0.0,851.017597,9.26928802,334.311788,632.6205649,538.179185,680.581867,351.142843,211.833924,376.4816009,9.26928802,5.576316,0.0,0.0,0.0,365.037781,48.501111,0.0,594.03503,530.240366,485.979816,0.0,0.0,0.0,484.566756
2026-06-24,46.574722,0.0,935.514395,5.491821,3830.8504835,0.0,857.626208,9.158037740000001,334.964064,669.0697962,540.495252,679.101271,304.02564,230.910578,396.3514833,9.158037740000001,5.491821,0.0,0.0,0.0,365.283864,46.574722,0.0,600.550331,526.899274,492.342344,0.0,0.0,0.0,483.997189
2026-06-25,51.000556,0.0,944.170611,5.491696,3846.8129185,0.0,826.5486599999999,9.2880626,338.13203,680.9306326,537.086239,667.316893,249.240428,297.859354,385.70101289999997,9.2880626,5.491696,0.0,0.0,0.0,333.167324,51.000556,0.0,606.038581,546.257031,493.381336,0.0,0.0,0.0,482.421328
2026-06-26,53.349167,0.0,943.867059,2.750735,3799.7325737,0.0,848.7628649999999,9.27336545,339.231724,692.7275023,537.231326,663.734292,226.636997,299.402659,391.56574639999997,9.27336545,2.750735,0.0,0.0,0.0,359.906707,53.349167,0.0,604.635335,506.165659,488.856158,0.0,0.0,0.0,482.268392
2026-06-27,51.323056,0.0,956.6685669999999,2.746982,3851.6877345000003,0.0,827.2838710000001,9.30184118,338.155819,707.675265,536.144322,657.276289,236.981794,301.13742,407.4524965,9.30184118,2.746982,0.0,0.0,0.0,354.939902,51.323056,0.0,618.512748,523.089726,472.343969,0.0,0.0,0.0,481.930422
2026-06-28,45.298611,0.0,958.149044,2.747349,3852.6106386,0.0,816.040316,9.448565960000002,337.665012,715.3282444,533.716944,645.665285,297.759834,264.217104,367.60431919999996,9.448565960000002,2.747349,0.0,0.0,0.0,344.222228,45.298611,0.0,620.484032,545.915394,471.818088,0.0,0.0,0.0,482.403514
2026-06-29,28.862778,0.0,934.50134,5.489488,3883.4815879,0.0,850.236709,9.34741627,338.074174,692.3703052999999,542.000556,694.13048,273.860167,259.160018,399.7716416,9.34741627,5.489488,0.0,0.0,0.0,361.092857,28.862778,0.0,596.427166,542.512862,489.143852,0.0,0.0,0.0,479.675558
2026-06-30,29.646027,0.0,923.979239,5.489649,3904.3609893999997,0.0,862.2794289999999,9.47754589,337.626141,719.2453522999999,535.035277,705.858204,352.201706,218.003743,338.9592561,9.47754589,5.489649,0.0,0.0,0.0,361.483885,29.646027,0.0,586.353098,554.634148,500.795544,0.0,0.0,0.0,480.423303
2026-07-01,39.615556,0.0,891.025901,5.506959,3840.8661838000003,0.0,857.386122,16.46333137,308.223183,717.6473584,481.234166,716.527945,380.146986,253.213627,287.7833804,16.46333137,5.506959,0.0,0.0,0.0,362.332659,39.615556,0.0,582.802718,524.975599,495.053463,0.0,0.0,0.0,479.337122
2026-07-02,45.674444,0.0,917.012117,5.502959,3756.0076147,0.0,860.8663469999999,16.149809519999998,306.382304,695.6919382000001,534.270278,610.124558,372.067971,258.222748,296.4107395,16.149809519999998,5.502959,0.0,0.0,0.0,361.287584,45.674444,0.0,610.629813,509.556282,499.578763,0.0,0.0,0.0,479.6631
2026-07-03,57.665833,0.0,965.378492,5.519969,3796.9260759,0.0,856.006527,15.89084575,330.762743,709.2185354,537.205278,623.008188,472.733513,264.488257,171.7102425,15.89084575,5.519969,0.0,0.0,0.0,361.205058,57.665833,0.0,634.615749,541.169938,494.801469,0.0,0.0,0.0,477.392124
2026-07-04,56.004167,0.0,971.566446,5.491427,3835.6904241999996,0.0,801.221423,15.81142908,329.661405,688.0076677999999,537.101111,660.808571,527.395729,216.939059,163.8880814,15.81142908,5.491427,0.0,0.0,0.0,345.492229,56.004167,0.0,641.905041,565.653199,455.729194,0.0,0.0,0.0,475.897006
2026-07-05,53.578333,0.0,973.781956,5.495981,3822.7654391,0.0,801.320366,18.441647170000003,326.225601,674.8683179,535.801111,654.65121,518.519476,216.501939,193.6282412,18.441647170000003,5.495981,0.0,0.0,0.0,345.565194,53.578333,0.0,647.556355,550.082555,455.755172,0.0,0.0,0.0,478.712589
2026-07-06,57.665833,0.0,965.5028,5.495151,3754.8694469,0.0,811.001057,18.705554,331.589772,663.8173576,538.887222,615.435956,508.690917,216.468271,198.8530963,18.705554,5.495151,0.0,0.0,0.0,353.429866,57.665833,0.0,633.913028,533.69569,457.571191,0.0,0.0,0.0,479.020937
2026-07-07,54.667222,0.0,943.640159,5.474769,3768.0400115,0.0,829.438711,18.626039289999998,332.29159,669.3540098,537.817778,598.910649,523.490663,214.378916,209.7536567,18.626039289999998,5.474769,0.0,0.0,0.0,357.505525,54.667222,0.0,611.348569,533.231494,471.933186,0.0,0.0,0.0,481.102845
2026-07-08,49.377222,0.0,940.65419,5.476412,3703.4295011,0.0,854.356144,16.14093153,333.801912,651.7165632,533.410833,584.01889,527.345932,216.548631,183.6573069,16.14093153,5.476412,0.0,0.0,0.0,357.416342,49.377222,0.0,606.852278,524.893762,496.939802,0.0,0.0,0.0,481.837583
2026-07-09,45.753333,0.0,933.6386580000001,5.486903,3526.2836816999998,0.0,869.4255009999999,16.0121291,336.855087,654.6085228,510.224167,484.960691,460.506479,216.532955,191.92647390000002,16.0121291,5.486903,0.0,0.0,0.0,357.402896,45.753333,0.0,596.783571,525.296949,512.022605,0.0,0.0,0.0,482.227444
2026-07-10,47.241409,0.0,921.488149,5.485556,3744.892541,0.0,870.885007,16.20312017,337.462779,645.713548,540.276111,623.368175,519.011981,216.528507,191.906797,16.20312017,5.485556,0.0,0.0,0.0,357.288596,47.241409,0.0,584.02537,525.217065,513.596411,0.0,0.0,0.0,482.870357
2026-07-11,60.185,0.0,904.9569690000001,5.554753,3814.3707157,0.0,856.644185,16.07451611,315.960762,694.0613306,539.550556,635.561292,528.751729,216.400488,191.9043161,16.07451611,5.554753,0.0,0.0,0.0,345.34218,60.185,0.0,588.996207,525.81342,511.302005,0.0,0.0,0.0,482.327584
2026-07-12,60.683333,0.0,897.473878,5.49852,3671.7427675,0.0,841.9344430000001,16.05782274,315.742915,685.1061672000001,532.857778,512.359139,527.736675,213.84489,202.10451930000002,16.05782274,5.49852,0.0,0.0,0.0,345.352341,60.683333,0.0,581.730963,515.652813,496.582102,0.0,0.0,0.0,482.080786
2026-07-13,41.701667,0.0,906.1449709999999,11.100924,3779.1247049,0.0,867.5503120000001,16.03157369,344.095791,662.1720449,538.248333,624.560312,521.832,217.637808,215.937062,16.03157369,11.100924,0.0,0.0,0.0,365.42871,41.701667,0.0,562.04918,516.477711,502.121602,0.0,0.0,0.0,482.259434
2026-07-14,47.613056,0.0,898.5367490000001,16.580841,3789.3948627,0.0,855.316298,16.2811627,338.005511,690.6861073,538.627222,683.507684,527.314329,198.577784,168.5809524,16.2811627,16.580841,0.0,0.0,0.0,345.454762,47.613056,0.0,560.531238,500.603268,509.861536,0.0,0.0,0.0,481.497516
2026-07-15,42.891389,0.0,895.531926,10.97646,3832.563905,0.0,865.137583,16.18808232,336.308947,699.5645644,539.083612,699.182161,511.968174,210.186017,179.3992846,16.18808232,10.97646,0.0,0.0,0.0,345.320897,42.891389,0.0,559.222979,510.877319,519.816686,0.0,0.0,0.0,482.302773
2026-07-16,49.147778,0.0,893.184832,10.972225,3812.2567280000003,0.0,854.423164,16.14437912,336.177015,700.224979,539.043669,659.65065,528.920128,200.261925,184.64913,16.14437912,10.972225,0.0,0.0,0.0,340.926853,49.147778,0.0,557.007817,517.509472,513.496311,0.0,0.0,0.0,481.996775
2026-07-17,36.460278,0.0,897.6695119999999,21.914215,3736.8967438,0.0,863.092273,16.07968238,337.129555,638.3916984,539.216945,663.593317,526.222244,101.245808,255.9339874,16.07968238,21.914215,0.0,0.0,0.0,344.301976,36.460278,0.0,560.539957,529.137562,518.790297,0.0,0.0,0.0,483.155182
2026-07-18,58.0425,0.0,894.652789,16.453715,3759.0220349,0.0,843.293933,25.70645701,330.756939,605.5483918,537.387778,630.211869,521.19183,155.805729,290.53390210000003,16.11445701,16.453715,0.0,0.0,0.0,344.304453,58.0425,0.0,563.89585,535.827385,498.98948,0.0,9.592,0.0,482.51515
2026-07-19,61.655556,0.0,891.872124,16.477857,3743.7299997,0.0,840.0159209999999,16.23320938,328.850779,616.713259,539.104167,669.608153,525.728483,144.454766,267.5375587,16.23320938,16.477857,0.0,0.0,0.0,344.324735,61.655556,0.0,563.021345,498.525784,495.691186,0.0,0.0,0.0,482.057829
2026-07-20,39.688333,0.0,889.019918,32.931683,3791.1073712,0.0,878.231303,16.52403381,334.070763,684.745979,539.792778,703.950104,516.224903,168.536157,206.5313382,16.52403381,32.931683,0.0,0.0,0.0,355.489745,39.688333,0.0,554.949155,488.869215,522.741558,0.0,0.0,0.0,482.456897
2026-07-21,39.638056,0.0,889.666536,16.45988,3817.2361939,0.0,863.308889,16.76357986,336.924697,710.8693439,537.321945,667.074262,489.815257,216.622023,232.784256,16.76357986,16.45988,0.0,0.0,0.0,345.196595,39.638056,0.0,552.741839,480.807385,518.112294,0.0,0.0,0.0,481.941722
2026-07-22,45.071219,0.0,0.0,0.0,1611.5549895,0.0,344.318886,10.184505,0.0,700.3157666000001,0.0,0.0,518.602909,218.8604,173.7759139,0.0,0.0,0.0,0.0,0.0,344.318886,45.071219,0.0,0.0,0.0,0.0,0.0,10.184505,0.0,0.0
2026-07-23,0.0,0.0,0.0,0.0,37.198334057,0.0,43.121438,0.0,0.0,29.98915672,0.0,0.0,0.0,0.0,7.209177337,0.0,0.0,0.0,0.0,0.0,43.121438,0.0,0.0,0.0,0.0,0.0,0.0,0.0,0.0,0.0
2026-07-24,0.0,0.0,0.0,0.0,0.0,0.0,0.0,0.0,0.0,0.0,0.0,0.0,0.0,0.0,0.0,0.0,0.0,0.0,0.0,0.0,0.0,0.0,0.0,0.0,0.0,0.0,0.0,0.0,0.0,0.0
2026-07-25,0.0,0.0,0.0,0.0,0.0,0.0,0.0,0.0,0.0,0.0,0.0,0.0,0.0,0.0,0.0,0.0,0.0,0.0,0.0,0.0,0.0,0.0,0.0,0.0,0.0,0.0,0.0,0.0,0.0,0.0
2026-07-26,0.0,0.0,0.0,0.0,0.0,0.0,0.0,0.0,0.0,0.0,0.0,0.0,0.0,0.0,0.0,0.0,0.0,0.0,0.0,0.0,0.0,0.0,0.0,0.0,0.0,0.0,0.0,0.0,0.0,0.0
2026-07-27,0.0,0.0,0.0,0.0,0.0,0.0,0.0,0.0,0.0,0.0,0.0,0.0,0.0,0.0,0.0,0.0,0.0,0.0,0.0,0.0,0.0,0.0,0.0,0.0,0.0,0.0,0.0,0.0,0.0,0.0
2026-07-28,0.0,0.0,0.0,0.0,0.0,0.0,0.0,0.0,0.0,0.0,0.0,0.0,0.0,0.0,0.0,0.0,0.0,0.0,0.0,0.0,0.0,0.0,0.0,0.0,0.0,0.0,0.0,0.0,0.0,0.0
2026-07-29,0.0,0.0,0.0,0.0,0.0,0.0,0.0,0.0,0.0,0.0,0.0,0.0,0.0,0.0,0.0,0.0,0.0,0.0,0.0,0.0,0.0,0.0,0.0,0.0,0.0,0.0,0.0,0.0,0.0,0.0
2026-07-30,0.0,0.0,0.0,0.0,0.0,0.0,0.0,0.0,0.0,0.0,0.0,0.0,0.0,0.0,0.0,0.0,0.0,0.0,0.0,0.0,0.0,0.0,0.0,0.0,0.0,0.0,0.0,0.0,0.0,0.0
2026-07-31,0.0,0.0,0.0,0.0,0.0,0.0,0.0,0.0,0.0,0.0,0.0,0.0,0.0,0.0,0.0,0.0,0.0,0.0,0.0,0.0,0.0,0.0,0.0,0.0,0.0,0.0,0.0,0.0,0.0,0.0
2026-08-01,0.0,0.0,0.0,0.0,0.0,0.0,0.0,0.0,0.0,0.0,0.0,0.0,0.0,0.0,0.0,0.0,0.0,0.0,0.0,0.0,0.0,0.0,0.0,0.0,0.0,0.0,0.0,0.0,0.0,0.0
2026-08-02,0.0,0.0,0.0,0.0,0.0,0.0,0.0,0.0,0.0,0.0,0.0,0.0,0.0,0.0,0.0,0.0,0.0,0.0,0.0,0.0,0.0,0.0,0.0,0.0,0.0,0.0,0.0,0.0,0.0,0.0
2026-08-03,0.0,0.0,0.0,0.0,0.0,0.0,0.0,0.0,0.0,0.0,0.0,0.0,0.0,0.0,0.0,0.0,0.0,0.0,0.0,0.0,0.0,0.0,0.0,0.0,0.0,0.0,0.0,0.0,0.0,0.0
2026-08-04,0.0,0.0,0.0,0.0,0.0,0.0,0.0,0.0,0.0,0.0,0.0,0.0,0.0,0.0,0.0,0.0,0.0,0.0,0.0,0.0,0.0,0.0,0.0,0.0,0.0,0.0,0.0,0.0,0.0,0.0
2026-08-05,0.0,0.0,0.0,0.0,0.0,0.0,0.0,0.0,0.0,0.0,0.0,0.0,0.0,0.0,0.0,0.0,0.0,0.0,0.0,0.0,0.0,0.0,0.0,0.0,0.0,0.0,0.0,0.0,0.0,0.0
2026-08-06,0.0,0.0,0.0,0.0,0.0,0.0,0.0,0.0,0.0,0.0,0.0,0.0,0.0,0.0,0.0,0.0,0.0,0.0,0.0,0.0,0.0,0.0,0.0,0.0,0.0,0.0,0.0,0.0,0.0,0.0
2026-08-07,0.0,0.0,0.0,0.0,0.0,0.0,0.0,0.0,0.0,0.0,0.0,0.0,0.0,0.0,0.0,0.0,0.0,0.0,0.0,0.0,0.0,0.0,0.0,0.0,0.0,0.0,0.0,0.0,0.0,0.0
2026-08-08,0.0,0.0,0.0,0.0,0.0,0.0,0.0,0.0,0.0,0.0,0.0,0.0,0.0,0.0,0.0,0.0,0.0,0.0,0.0,0.0,0.0,0.0,0.0,0.0,0.0,0.0,0.0,0.0,0.0,0.0
2026-08-09,0.0,0.0,0.0,0.0,0.0,0.0,0.0,0.0,0.0,0.0,0.0,0.0,0.0,0.0,0.0,0.0,0.0,0.0,0.0,0.0,0.0,0.0,0.0,0.0,0.0,0.0,0.0,0.0,0.0,0.0
2026-08-10,0.0,0.0,0.0,0.0,0.0,0.0,0.0,0.0,0.0,0.0,0.0,0.0,0.0,0.0,0.0,0.0,0.0,0.0,0.0,0.0,0.0,0.0,0.0,0.0,0.0,0.0,0.0,0.0,0.0,0.0
2026-08-11,0.0,0.0,0.0,0.0,0.0,0.0,0.0,0.0,0.0,0.0,0.0,0.0,0.0,0.0,0.0,0.0,0.0,0.0,0.0,0.0,0.0,0.0,0.0,0.0,0.0,0.0,0.0,0.0,0.0,0.0
2026-08-12,0.0,0.0,0.0,0.0,0.0,0.0,0.0,0.0,0.0,0.0,0.0,0.0,0.0,0.0,0.0,0.0,0.0,0.0,0.0,0.0,0.0,0.0,0.0,0.0,0.0,0.0,0.0,0.0,0.0,0.0
2026-08-13,0.0,0.0,0.0,0.0,0.0,0.0,0.0,0.0,0.0,0.0,0.0,0.0,0.0,0.0,0.0,0.0,0.0,0.0,0.0,0.0,0.0,0.0,0.0,0.0,0.0,0.0,0.0,0.0,0.0,0.0
2026-08-14,0.0,0.0,0.0,0.0,0.0,0.0,0.0,0.0,0.0,0.0,0.0,0.0,0.0,0.0,0.0,0.0,0.0,0.0,0.0,0.0,0.0,0.0,0.0,0.0,0.0,0.0,0.0,0.0,0.0,0.0
2026-08-15,0.0,0.0,0.0,0.0,0.0,0.0,0.0,0.0,0.0,0.0,0.0,0.0,0.0,0.0,0.0,0.0,0.0,0.0,0.0,0.0,0.0,0.0,0.0,0.0,0.0,0.0,0.0,0.0,0.0,0.0
2026-08-16,0.0,0.0,0.0,0.0,0.0,0.0,0.0,0.0,0.0,0.0,0.0,0.0,0.0,0.0,0.0,0.0,0.0,0.0,0.0,0.0,0.0,0.0,0.0,0.0,0.0,0.0,0.0,0.0,0.0,0.0
2026-08-17,0.0,0.0,0.0,0.0,0.0,0.0,0.0,0.0,0.0,0.0,0.0,0.0,0.0,0.0,0.0,0.0,0.0,0.0,0.0,0.0,0.0,0.0,0.0,0.0,0.0,0.0,0.0,0.0,0.0,0.0
2026-08-18,0.0,0.0,0.0,0.0,0.0,0.0,0.0,0.0,0.0,0.0,0.0,0.0,0.0,0.0,0.0,0.0,0.0,0.0,0.0,0.0,0.0,0.0,0.0,0.0,0.0,0.0,0.0,0.0,0.0,0.0
2026-08-19,0.0,0.0,0.0,0.0,0.0,0.0,0.0,0.0,0.0,0.0,0.0,0.0,0.0,0.0,0.0,0.0,0.0,0.0,0.0,0.0,0.0,0.0,0.0,0.0,0.0,0.0,0.0,0.0,0.0,0.0
2026-08-20,0.0,0.0,0.0,0.0,0.0,0.0,0.0,0.0,0.0,0.0,0.0,0.0,0.0,0.0,0.0,0.0,0.0,0.0,0.0,0.0,0.0,0.0,0.0,0.0,0.0,0.0,0.0,0.0,0.0,0.0
2026-08-21,0.0,0.0,0.0,0.0,0.0,0.0,0.0,0.0,0.0,0.0,0.0,0.0,0.0,0.0,0.0,0.0,0.0,0.0,0.0,0.0,0.0,0.0,0.0,0.0,0.0,0.0,0.0,0.0,0.0,0.0
2026-08-22,0.0,0.0,0.0,0.0,0.0,0.0,0.0,0.0,0.0,0.0,0.0,0.0,0.0,0.0,0.0,0.0,0.0,0.0,0.0,0.0,0.0,0.0,0.0,0.0,0.0,0.0,0.0,0.0,0.0,0.0
2026-08-23,0.0,0.0,0.0,0.0,0.0,0.0,0.0,0.0,0.0,0.0,0.0,0.0,0.0,0.0,0.0,0.0,0.0,0.0,0.0,0.0,0.0,0.0,0.0,0.0,0.0,0.0,0.0,0.0,0.0,0.0
2026-08-24,0.0,0.0,0.0,0.0,0.0,0.0,0.0,0.0,0.0,0.0,0.0,0.0,0.0,0.0,0.0,0.0,0.0,0.0,0.0,0.0,0.0,0.0,0.0,0.0,0.0,0.0,0.0,0.0,0.0,0.0
2026-08-25,0.0,0.0,0.0,0.0,0.0,0.0,0.0,0.0,0.0,0.0,0.0,0.0,0.0,0.0,0.0,0.0,0.0,0.0,0.0,0.0,0.0,0.0,0.0,0.0,0.0,0.0,0.0,0.0,0.0,0.0
2026-08-26,0.0,0.0,0.0,0.0,0.0,0.0,0.0,0.0,0.0,0.0,0.0,0.0,0.0,0.0,0.0,0.0,0.0,0.0,0.0,0.0,0.0,0.0,0.0,0.0,0.0,0.0,0.0,0.0,0.0,0.0
2026-08-27,0.0,0.0,0.0,0.0,0.0,0.0,0.0,0.0,0.0,0.0,0.0,0.0,0.0,0.0,0.0,0.0,0.0,0.0,0.0,0.0,0.0,0.0,0.0,0.0,0.0,0.0,0.0,0.0,0.0,0.0
2026-08-28,0.0,0.0,0.0,0.0,0.0,0.0,0.0,0.0,0.0,0.0,0.0,0.0,0.0,0.0,0.0,0.0,0.0,0.0,0.0,0.0,0.0,0.0,0.0,0.0,0.0,0.0,0.0,0.0,0.0,0.0
2026-08-29,0.0,0.0,0.0,0.0,0.0,0.0,0.0,0.0,0.0,0.0,0.0,0.0,0.0,0.0,0.0,0.0,0.0,0.0,0.0,0.0,0.0,0.0,0.0,0.0,0.0,0.0,0.0,0.0,0.0,0.0
2026-08-30,0.0,0.0,0.0,0.0,0.0,0.0,0.0,0.0,0.0,0.0,0.0,0.0,0.0,0.0,0.0,0.0,0.0,0.0,0.0,0.0,0.0,0.0,0.0,0.0,0.0,0.0,0.0,0.0,0.0,0.0
2026-08-31,0.0,0.0,0.0,0.0,0.0,0.0,0.0,0.0,0.0,0.0,0.0,0.0,0.0,0.0,0.0,0.0,0.0,0.0,0.0,0.0,0.0,0.0,0.0,0.0,0.0,0.0,0.0,0.0,0.0,0.0
2026-09-01,0.0,0.0,0.0,0.0,0.0,0.0,0.0,0.0,0.0,0.0,0.0,0.0,0.0,0.0,0.0,0.0,0.0,0.0,0.0,0.0,0.0,0.0,0.0,0.0,0.0,0.0,0.0,0.0,0.0,0.0
2026-09-02,0.0,0.0,0.0,0.0,0.0,0.0,0.0,0.0,0.0,0.0,0.0,0.0,0.0,0.0,0.0,0.0,0.0,0.0,0.0,0.0,0.0,0.0,0.0,0.0,0.0,0.0,0.0,0.0,0.0,0.0
2026-09-03,0.0,0.0,0.0,0.0,0.0,0.0,0.0,0.0,0.0,0.0,0.0,0.0,0.0,0.0,0.0,0.0,0.0,0.0,0.0,0.0,0.0,0.0,0.0,0.0,0.0,0.0,0.0,0.0,0.0,0.0
2026-09-04,0.0,0.0,0.0,0.0,0.0,0.0,0.0,0.0,0.0,0.0,0.0,0.0,0.0,0.0,0.0,0.0,0.0,0.0,0.0,0.0,0.0,0.0,0.0,0.0,0.0,0.0,0.0,0.0,0.0,0.0
2026-09-05,0.0,0.0,0.0,0.0,0.0,0.0,0.0,0.0,0.0,0.0,0.0,0.0,0.0,0.0,0.0,0.0,0.0,0.0,0.0,0.0,0.0,0.0,0.0,0.0,0.0,0.0,0.0,0.0,0.0,0.0
2026-09-06,0.0,0.0,0.0,0.0,0.0,0.0,0.0,0.0,0.0,0.0,0.0,0.0,0.0,0.0,0.0,0.0,0.0,0.0,0.0,0.0,0.0,0.0,0.0,0.0,0.0,0.0,0.0,0.0,0.0,0.0
2026-09-07,0.0,0.0,0.0,0.0,0.0,0.0,0.0,0.0,0.0,0.0,0.0,0.0,0.0,0.0,0.0,0.0,0.0,0.0,0.0,0.0,0.0,0.0,0.0,0.0,0.0,0.0,0.0,0.0,0.0,0.0
2026-09-08,0.0,0.0,0.0,0.0,0.0,0.0,0.0,0.0,0.0,0.0,0.0,0.0,0.0,0.0,0.0,0.0,0.0,0.0,0.0,0.0,0.0,0.0,0.0,0.0,0.0,0.0,0.0,0.0,0.0,0.0
2026-09-09,0.0,0.0,0.0,0.0,0.0,0.0,0.0,0.0,0.0,0.0,0.0,0.0,0.0,0.0,0.0,0.0,0.0,0.0,0.0,0.0,0.0,0.0,0.0,0.0,0.0,0.0,0.0,0.0,0.0,0.0
2026-09-10,0.0,0.0,0.0,0.0,0.0,0.0,0.0,0.0,0.0,0.0,0.0,0.0,0.0,0.0,0.0,0.0,0.0,0.0,0.0,0.0,0.0,0.0,0.0,0.0,0.0,0.0,0.0,0.0,0.0,0.0
2026-09-11,0.0,0.0,0.0,0.0,0.0,0.0,0.0,0.0,0.0,0.0,0.0,0.0,0.0,0.0,0.0,0.0,0.0,0.0,0.0,0.0,0.0,0.0,0.0,0.0,0.0,0.0,0.0,0.0,0.0,0.0
2026-09-12,0.0,0.0,0.0,0.0,0.0,0.0,0.0,0.0,0.0,0.0,0.0,0.0,0.0,0.0,0.0,0.0,0.0,0.0,0.0,0.0,0.0,0.0,0.0,0.0,0.0,0.0,0.0,0.0,0.0,0.0
2026-09-13,0.0,0.0,0.0,0.0,0.0,0.0,0.0,0.0,0.0,0.0,0.0,0.0,0.0,0.0,0.0,0.0,0.0,0.0,0.0,0.0,0.0,0.0,0.0,0.0,0.0,0.0,0.0,0.0,0.0,0.0
2026-09-14,0.0,0.0,0.0,0.0,0.0,0.0,0.0,0.0,0.0,0.0,0.0,0.0,0.0,0.0,0.0,0.0,0.0,0.0,0.0,0.0,0.0,0.0,0.0,0.0,0.0,0.0,0.0,0.0,0.0,0.0
2026-09-15,0.0,0.0,0.0,0.0,0.0,0.0,0.0,0.0,0.0,0.0,0.0,0.0,0.0,0.0,0.0,0.0,0.0,0.0,0.0,0.0,0.0,0.0,0.0,0.0,0.0,0.0,0.0,0.0,0.0,0.0
2026-09-16,0.0,0.0,0.0,0.0,0.0,0.0,0.0,0.0,0.0,0.0,0.0,0.0,0.0,0.0,0.0,0.0,0.0,0.0,0.0,0.0,0.0,0.0,0.0,0.0,0.0,0.0,0.0,0.0,0.0,0.0
2026-09-17,0.0,0.0,0.0,0.0,0.0,0.0,0.0,0.0,0.0,0.0,0.0,0.0,0.0,0.0,0.0,0.0,0.0,0.0,0.0,0.0,0.0,0.0,0.0,0.0,0.0,0.0,0.0,0.0,0.0,0.0
2026-09-18,0.0,0.0,0.0,0.0,0.0,0.0,0.0,0.0,0.0,0.0,0.0,0.0,0.0,0.0,0.0,0.0,0.0,0.0,0.0,0.0,0.0,0.0,0.0,0.0,0.0,0.0,0.0,0.0,0.0,0.0
2026-09-19,0.0,0.0,0.0,0.0,0.0,0.0,0.0,0.0,0.0,0.0,0.0,0.0,0.0,0.0,0.0,0.0,0.0,0.0,0.0,0.0,0.0,0.0,0.0,0.0,0.0,0.0,0.0,0.0,0.0,0.0
2026-09-20,0.0,0.0,0.0,0.0,0.0,0.0,0.0,0.0,0.0,0.0,0.0,0.0,0.0,0.0,0.0,0.0,0.0,0.0,0.0,0.0,0.0,0.0,0.0,0.0,0.0,0.0,0.0,0.0,0.0,0.0
2026-09-21,0.0,0.0,0.0,0.0,0.0,0.0,0.0,0.0,0.0,0.0,0.0,0.0,0.0,0.0,0.0,0.0,0.0,0.0,0.0,0.0,0.0,0.0,0.0,0.0,0.0,0.0,0.0,0.0,0.0,0.0
2026-09-22,0.0,0.0,0.0,0.0,0.0,0.0,0.0,0.0,0.0,0.0,0.0,0.0,0.0,0.0,0.0,0.0,0.0,0.0,0.0,0.0,0.0,0.0,0.0,0.0,0.0,0.0,0.0,0.0,0.0,0.0
2026-09-23,0.0,0.0,0.0,0.0,0.0,0.0,0.0,0.0,0.0,0.0,0.0,0.0,0.0,0.0,0.0,0.0,0.0,0.0,0.0,0.0,0.0,0.0,0.0,0.0,0.0,0.0,0.0,0.0,0.0,0.0
2026-09-24,0.0,0.0,0.0,0.0,0.0,0.0,0.0,0.0,0.0,0.0,0.0,0.0,0.0,0.0,0.0,0.0,0.0,0.0,0.0,0.0,0.0,0.0,0.0,0.0,0.0,0.0,0.0,0.0,0.0,0.0
2026-09-25,0.0,0.0,0.0,0.0,0.0,0.0,0.0,0.0,0.0,0.0,0.0,0.0,0.0,0.0,0.0,0.0,0.0,0.0,0.0,0.0,0.0,0.0,0.0,0.0,0.0,0.0,0.0,0.0,0.0,0.0
2026-09-26,0.0,0.0,0.0,0.0,0.0,0.0,0.0,0.0,0.0,0.0,0.0,0.0,0.0,0.0,0.0,0.0,0.0,0.0,0.0,0.0,0.0,0.0,0.0,0.0,0.0,0.0,0.0,0.0,0.0,0.0
2026-09-27,0.0,0.0,0.0,0.0,0.0,0.0,0.0,0.0,0.0,0.0,0.0,0.0,0.0,0.0,0.0,0.0,0.0,0.0,0.0,0.0,0.0,0.0,0.0,0.0,0.0,0.0,0.0,0.0,0.0,0.0
2026-09-28,0.0,0.0,0.0,0.0,0.0,0.0,0.0,0.0,0.0,0.0,0.0,0.0,0.0,0.0,0.0,0.0,0.0,0.0,0.0,0.0,0.0,0.0,0.0,0.0,0.0,0.0,0.0,0.0,0.0,0.0
2026-09-29,0.0,0.0,0.0,0.0,0.0,0.0,0.0,0.0,0.0,0.0,0.0,0.0,0.0,0.0,0.0,0.0,0.0,0.0,0.0,0.0,0.0,0.0,0.0,0.0,0.0,0.0,0.0,0.0,0.0,0.0
2026-09-30,0.0,0.0,0.0,0.0,0.0,0.0,0.0,0.0,0.0,0.0,0.0,0.0,0.0,0.0,0.0,0.0,0.0,0.0,0.0,0.0,0.0,0.0,0.0,0.0,0.0,0.0,0.0,0.0,0.0,0.0
2026-10-01,0.0,0.0,0.0,0.0,0.0,0.0,0.0,0.0,0.0,0.0,0.0,0.0,0.0,0.0,0.0,0.0,0.0,0.0,0.0,0.0,0.0,0.0,0.0,0.0,0.0,0.0,0.0,0.0,0.0,0.0
2026-10-02,0.0,0.0,0.0,0.0,0.0,0.0,0.0,0.0,0.0,0.0,0.0,0.0,0.0,0.0,0.0,0.0,0.0,0.0,0.0,0.0,0.0,0.0,0.0,0.0,0.0,0.0,0.0,0.0,0.0,0.0
2026-10-03,0.0,0.0,0.0,0.0,0.0,0.0,0.0,0.0,0.0,0.0,0.0,0.0,0.0,0.0,0.0,0.0,0.0,0.0,0.0,0.0,0.0,0.0,0.0,0.0,0.0,0.0,0.0,0.0,0.0,0.0
2026-10-04,0.0,0.0,0.0,0.0,0.0,0.0,0.0,0.0,0.0,0.0,0.0,0.0,0.0,0.0,0.0,0.0,0.0,0.0,0.0,0.0,0.0,0.0,0.0,0.0,0.0,0.0,0.0,0.0,0.0,0.0
2026-10-05,0.0,0.0,0.0,0.0,0.0,0.0,0.0,0.0,0.0,0.0,0.0,0.0,0.0,0.0,0.0,0.0,0.0,0.0,0.0,0.0,0.0,0.0,0.0,0.0,0.0,0.0,0.0,0.0,0.0,0.0
2026-10-06,0.0,0.0,0.0,0.0,0.0,0.0,0.0,0.0,0.0,0.0,0.0,0.0,0.0,0.0,0.0,0.0,0.0,0.0,0.0,0.0,0.0,0.0,0.0,0.0,0.0,0.0,0.0,0.0,0.0,0.0
2026-10-07,0.0,0.0,0.0,0.0,0.0,0.0,0.0,0.0,0.0,0.0,0.0,0.0,0.0,0.0,0.0,0.0,0.0,0.0,0.0,0.0,0.0,0.0,0.0,0.0,0.0,0.0,0.0,0.0,0.0,0.0
2026-10-08,0.0,0.0,0.0,0.0,0.0,0.0,0.0,0.0,0.0,0.0,0.0,0.0,0.0,0.0,0.0,0.0,0.0,0.0,0.0,0.0,0.0,0.0,0.0,0.0,0.0,0.0,0.0,0.0,0.0,0.0
2026-10-09,0.0,0.0,0.0,0.0,0.0,0.0,0.0,0.0,0.0,0.0,0.0,0.0,0.0,0.0,0.0,0.0,0.0,0.0,0.0,0.0,0.0,0.0,0.0,0.0,0.0,0.0,0.0,0.0,0.0,0.0
2026-10-10,0.0,0.0,0.0,0.0,0.0,0.0,0.0,0.0,0.0,0.0,0.0,0.0,0.0,0.0,0.0,0.0,0.0,0.0,0.0,0.0,0.0,0.0,0.0,0.0,0.0,0.0,0.0,0.0,0.0,0.0
2026-10-11,0.0,0.0,0.0,0.0,0.0,0.0,0.0,0.0,0.0,0.0,0.0,0.0,0.0,0.0,0.0,0.0,0.0,0.0,0.0,0.0,0.0,0.0,0.0,0.0,0.0,0.0,0.0,0.0,0.0,0.0
2026-10-12,0.0,0.0,0.0,0.0,0.0,0.0,0.0,0.0,0.0,0.0,0.0,0.0,0.0,0.0,0.0,0.0,0.0,0.0,0.0,0.0,0.0,0.0,0.0,0.0,0.0,0.0,0.0,0.0,0.0,0.0
2026-10-13,0.0,0.0,0.0,0.0,0.0,0.0,0.0,0.0,0.0,0.0,0.0,0.0,0.0,0.0,0.0,0.0,0.0,0.0,0.0,0.0,0.0,0.0,0.0,0.0,0.0,0.0,0.0,0.0,0.0,0.0
2026-10-14,0.0,0.0,0.0,0.0,0.0,0.0,0.0,0.0,0.0,0.0,0.0,0.0,0.0,0.0,0.0,0.0,0.0,0.0,0.0,0.0,0.0,0.0,0.0,0.0,0.0,0.0,0.0,0.0,0.0,0.0
2026-10-15,0.0,0.0,0.0,0.0,0.0,0.0,0.0,0.0,0.0,0.0,0.0,0.0,0.0,0.0,0.0,0.0,0.0,0.0,0.0,0.0,0.0,0.0,0.0,0.0,0.0,0.0,0.0,0.0,0.0,0.0
2026-10-16,0.0,0.0,0.0,0.0,0.0,0.0,0.0,0.0,0.0,0.0,0.0,0.0,0.0,0.0,0.0,0.0,0.0,0.0,0.0,0.0,0.0,0.0,0.0,0.0,0.0,0.0,0.0,0.0,0.0,0.0
2026-10-17,0.0,0.0,0.0,0.0,0.0,0.0,0.0,0.0,0.0,0.0,0.0,0.0,0.0,0.0,0.0,0.0,0.0,0.0,0.0,0.0,0.0,0.0,0.0,0.0,0.0,0.0,0.0,0.0,0.0,0.0
2026-10-18,0.0,0.0,0.0,0.0,0.0,0.0,0.0,0.0,0.0,0.0,0.0,0.0,0.0,0.0,0.0,0.0,0.0,0.0,0.0,0.0,0.0,0.0,0.0,0.0,0.0,0.0,0.0,0.0,0.0,0.0
2026-10-19,0.0,0.0,0.0,0.0,0.0,0.0,0.0,0.0,0.0,0.0,0.0,0.0,0.0,0.0,0.0,0.0,0.0,0.0,0.0,0.0,0.0,0.0,0.0,0.0,0.0,0.0,0.0,0.0,0.0,0.0
2026-10-20,0.0,0.0,0.0,0.0,0.0,0.0,0.0,0.0,0.0,0.0,0.0,0.0,0.0,0.0,0.0,0.0,0.0,0.0,0.0,0.0,0.0,0.0,0.0,0.0,0.0,0.0,0.0,0.0,0.0,0.0
2026-10-21,0.0,0.0,0.0,0.0,0.0,0.0,0.0,0.0,0.0,0.0,0.0,0.0,0.0,0.0,0.0,0.0,0.0,0.0,0.0,0.0,0.0,0.0,0.0,0.0,0.0,0.0,0.0,0.0,0.0,0.0
2026-10-22,0.0,0.0,0.0,0.0,0.0,0.0,0.0,0.0,0.0,0.0,0.0,0.0,0.0,0.0,0.0,0.0,0.0,0.0,0.0,0.0,0.0,0.0,0.0,0.0,0.0,0.0,0.0,0.0,0.0,0.0
2026-10-23,0.0,0.0,0.0,0.0,0.0,0.0,0.0,0.0,0.0,0.0,0.0,0.0,0.0,0.0,0.0,0.0,0.0,0.0,0.0,0.0,0.0,0.0,0.0,0.0,0.0,0.0,0.0,0.0,0.0,0.0
2026-10-24,0.0,0.0,0.0,0.0,0.0,0.0,0.0,0.0,0.0,0.0,0.0,0.0,0.0,0.0,0.0,0.0,0.0,0.0,0.0,0.0,0.0,0.0,0.0,0.0,0.0,0.0,0.0,0.0,0.0,0.0
2026-10-25,0.0,0.0,0.0,0.0,0.0,0.0,0.0,0.0,0.0,0.0,0.0,0.0,0.0,0.0,0.0,0.0,0.0,0.0,0.0,0.0,0.0,0.0,0.0,0.0,0.0,0.0,0.0,0.0,0.0,0.0
2026-10-26,0.0,0.0,0.0,0.0,0.0,0.0,0.0,0.0,0.0,0.0,0.0,0.0,0.0,0.0,0.0,0.0,0.0,0.0,0.0,0.0,0.0,0.0,0.0,0.0,0.0,0.0,0.0,0.0,0.0,0.0
2026-10-27,0.0,0.0,0.0,0.0,0.0,0.0,0.0,0.0,0.0,0.0,0.0,0.0,0.0,0.0,0.0,0.0,0.0,0.0,0.0,0.0,0.0,0.0,0.0,0.0,0.0,0.0,0.0,0.0,0.0,0.0
2026-10-28,0.0,0.0,0.0,0.0,0.0,0.0,0.0,0.0,0.0,0.0,0.0,0.0,0.0,0.0,0.0,0.0,0.0,0.0,0.0,0.0,0.0,0.0,0.0,0.0,0.0,0.0,0.0,0.0,0.0,0.0
2026-10-29,0.0,0.0,0.0,0.0,0.0,0.0,0.0,0.0,0.0,0.0,0.0,0.0,0.0,0.0,0.0,0.0,0.0,0.0,0.0,0.0,0.0,0.0,0.0,0.0,0.0,0.0,0.0,0.0,0.0,0.0
2026-10-30,0.0,0.0,0.0,0.0,0.0,0.0,0.0,0.0,0.0,0.0,0.0,0.0,0.0,0.0,0.0,0.0,0.0,0.0,0.0,0.0,0.0,0.0,0.0,0.0,0.0,0.0,0.0,0.0,0.0,0.0
2026-10-31,0.0,0.0,0.0,0.0,0.0,0.0,0.0,0.0,0.0,0.0,0.0,0.0,0.0,0.0,0.0,0.0,0.0,0.0,0.0,0.0,0.0,0.0,0.0,0.0,0.0,0.0,0.0,0.0,0.0,0.0
2026-11-01,0.0,0.0,0.0,0.0,0.0,0.0,0.0,0.0,0.0,0.0,0.0,0.0,0.0,0.0,0.0,0.0,0.0,0.0,0.0,0.0,0.0,0.0,0.0,0.0,0.0,0.0,0.0,0.0,0.0,0.0
2026-11-02,0.0,0.0,0.0,0.0,0.0,0.0,0.0,0.0,0.0,0.0,0.0,0.0,0.0,0.0,0.0,0.0,0.0,0.0,0.0,0.0,0.0,0.0,0.0,0.0,0.0,0.0,0.0,0.0,0.0,0.0
2026-11-03,0.0,0.0,0.0,0.0,0.0,0.0,0.0,0.0,0.0,0.0,0.0,0.0,0.0,0.0,0.0,0.0,0.0,0.0,0.0,0.0,0.0,0.0,0.0,0.0,0.0,0.0,0.0,0.0,0.0,0.0
2026-11-04,0.0,0.0,0.0,0.0,0.0,0.0,0.0,0.0,0.0,0.0,0.0,0.0,0.0,0.0,0.0,0.0,0.0,0.0,0.0,0.0,0.0,0.0,0.0,0.0,0.0,0.0,0.0,0.0,0.0,0.0
2026-11-05,0.0,0.0,0.0,0.0,0.0,0.0,0.0,0.0,0.0,0.0,0.0,0.0,0.0,0.0,0.0,0.0,0.0,0.0,0.0,0.0,0.0,0.0,0.0,0.0,0.0,0.0,0.0,0.0,0.0,0.0
2026-11-06,0.0,0.0,0.0,0.0,0.0,0.0,0.0,0.0,0.0,0.0,0.0,0.0,0.0,0.0,0.0,0.0,0.0,0.0,0.0,0.0,0.0,0.0,0.0,0.0,0.0,0.0,0.0,0.0,0.0,0.0
2026-11-07,0.0,0.0,0.0,0.0,0.0,0.0,0.0,0.0,0.0,0.0,0.0,0.0,0.0,0.0,0.0,0.0,0.0,0.0,0.0,0.0,0.0,0.0,0.0,0.0,0.0,0.0,0.0,0.0,0.0,0.0
2026-11-08,0.0,0.0,0.0,0.0,0.0,0.0,0.0,0.0,0.0,0.0,0.0,0.0,0.0,0.0,0.0,0.0,0.0,0.0,0.0,0.0,0.0,0.0,0.0,0.0,0.0,0.0,0.0,0.0,0.0,0.0
2026-11-09,0.0,0.0,0.0,0.0,0.0,0.0,0.0,0.0,0.0,0.0,0.0,0.0,0.0,0.0,0.0,0.0,0.0,0.0,0.0,0.0,0.0,0.0,0.0,0.0,0.0,0.0,0.0,0.0,0.0,0.0
2026-11-10,0.0,0.0,0.0,0.0,0.0,0.0,0.0,0.0,0.0,0.0,0.0,0.0,0.0,0.0,0.0,0.0,0.0,0.0,0.0,0.0,0.0,0.0,0.0,0.0,0.0,0.0,0.0,0.0,0.0,0.0
2026-11-11,0.0,0.0,0.0,0.0,0.0,0.0,0.0,0.0,0.0,0.0,0.0,0.0,0.0,0.0,0.0,0.0,0.0,0.0,0.0,0.0,0.0,0.0,0.0,0.0,0.0,0.0,0.0,0.0,0.0,0.0
2026-11-12,0.0,0.0,0.0,0.0,0.0,0.0,0.0,0.0,0.0,0.0,0.0,0.0,0.0,0.0,0.0,0.0,0.0,0.0,0.0,0.0,0.0,0.0,0.0,0.0,0.0,0.0,0.0,0.0,0.0,0.0
2026-11-13,0.0,0.0,0.0,0.0,0.0,0.0,0.0,0.0,0.0,0.0,0.0,0.0,0.0,0.0,0.0,0.0,0.0,0.0,0.0,0.0,0.0,0.0,0.0,0.0,0.0,0.0,0.0,0.0,0.0,0.0
2026-11-14,0.0,0.0,0.0,0.0,0.0,0.0,0.0,0.0,0.0,0.0,0.0,0.0,0.0,0.0,0.0,0.0,0.0,0.0,0.0,0.0,0.0,0.0,0.0,0.0,0.0,0.0,0.0,0.0,0.0,0.0
2026-11-15,0.0,0.0,0.0,0.0,0.0,0.0,0.0,0.0,0.0,0.0,0.0,0.0,0.0,0.0,0.0,0.0,0.0,0.0,0.0,0.0,0.0,0.0,0.0,0.0,0.0,0.0,0.0,0.0,0.0,0.0
2026-11-16,0.0,0.0,0.0,0.0,0.0,0.0,0.0,0.0,0.0,0.0,0.0,0.0,0.0,0.0,0.0,0.0,0.0,0.0,0.0,0.0,0.0,0.0,0.0,0.0,0.0,0.0,0.0,0.0,0.0,0.0
2026-11-17,0.0,0.0,0.0,0.0,0.0,0.0,0.0,0.0,0.0,0.0,0.0,0.0,0.0,0.0,0.0,0.0,0.0,0.0,0.0,0.0,0.0,0.0,0.0,0.0,0.0,0.0,0.0,0.0,0.0,0.0
2026-11-18,0.0,0.0,0.0,0.0,0.0,0.0,0.0,0.0,0.0,0.0,0.0,0.0,0.0,0.0,0.0,0.0,0.0,0.0,0.0,0.0,0.0,0.0,0.0,0.0,0.0,0.0,0.0,0.0,0.0,0.0
2026-11-19,0.0,0.0,0.0,0.0,0.0,0.0,0.0,0.0,0.0,0.0,0.0,0.0,0.0,0.0,0.0,0.0,0.0,0.0,0.0,0.0,0.0,0.0,0.0,0.0,0.0,0.0,0.0,0.0,0.0,0.0
2026-11-20,0.0,0.0,0.0,0.0,0.0,0.0,0.0,0.0,0.0,0.0,0.0,0.0,0.0,0.0,0.0,0.0,0.0,0.0,0.0,0.0,0.0,0.0,0.0,0.0,0.0,0.0,0.0,0.0,0.0,0.0
2026-11-21,0.0,0.0,0.0,0.0,0.0,0.0,0.0,0.0,0.0,0.0,0.0,0.0,0.0,0.0,0.0,0.0,0.0,0.0,0.0,0.0,0.0,0.0,0.0,0.0,0.0,0.0,0.0,0.0,0.0,0.0
2026-11-22,0.0,0.0,0.0,0.0,0.0,0.0,0.0,0.0,0.0,0.0,0.0,0.0,0.0,0.0,0.0,0.0,0.0,0.0,0.0,0.0,0.0,0.0,0.0,0.0,0.0,0.0,0.0,0.0,0.0,0.0
2026-11-23,0.0,0.0,0.0,0.0,0.0,0.0,0.0,0.0,0.0,0.0,0.0,0.0,0.0,0.0,0.0,0.0,0.0,0.0,0.0,0.0,0.0,0.0,0.0,0.0,0.0,0.0,0.0,0.0,0.0,0.0
2026-11-24,0.0,0.0,0.0,0.0,0.0,0.0,0.0,0.0,0.0,0.0,0.0,0.0,0.0,0.0,0.0,0.0,0.0,0.0,0.0,0.0,0.0,0.0,0.0,0.0,0.0,0.0,0.0,0.0,0.0,0.0
2026-11-25,0.0,0.0,0.0,0.0,0.0,0.0,0.0,0.0,0.0,0.0,0.0,0.0,0.0,0.0,0.0,0.0,0.0,0.0,0.0,0.0,0.0,0.0,0.0,0.0,0.0,0.0,0.0,0.0,0.0,0.0
2026-11-26,0.0,0.0,0.0,0.0,0.0,0.0,0.0,0.0,0.0,0.0,0.0,0.0,0.0,0.0,0.0,0.0,0.0,0.0,0.0,0.0,0.0,0.0,0.0,0.0,0.0,0.0,0.0,0.0,0.0,0.0
2026-11-27,0.0,0.0,0.0,0.0,0.0,0.0,0.0,0.0,0.0,0.0,0.0,0.0,0.0,0.0,0.0,0.0,0.0,0.0,0.0,0.0,0.0,0.0,0.0,0.0,0.0,0.0,0.0,0.0,0.0,0.0
2026-11-28,0.0,0.0,0.0,0.0,0.0,0.0,0.0,0.0,0.0,0.0,0.0,0.0,0.0,0.0,0.0,0.0,0.0,0.0,0.0,0.0,0.0,0.0,0.0,0.0,0.0,0.0,0.0,0.0,0.0,0.0
2026-11-29,0.0,0.0,0.0,0.0,0.0,0.0,0.0,0.0,0.0,0.0,0.0,0.0,0.0,0.0,0.0,0.0,0.0,0.0,0.0,0.0,0.0,0.0,0.0,0.0,0.0,0.0,0.0,0.0,0.0,0.0
2026-11-30,0.0,0.0,0.0,0.0,0.0,0.0,0.0,0.0,0.0,0.0,0.0,0.0,0.0,0.0,0.0,0.0,0.0,0.0,0.0,0.0,0.0,0.0,0.0,0.0,0.0,0.0,0.0,0.0,0.0,0.0
2026-12-01,0.0,0.0,0.0,0.0,0.0,0.0,0.0,0.0,0.0,0.0,0.0,0.0,0.0,0.0,0.0,0.0,0.0,0.0,0.0,0.0,0.0,0.0,0.0,0.0,0.0,0.0,0.0,0.0,0.0,0.0
2026-12-02,0.0,0.0,0.0,0.0,0.0,0.0,0.0,0.0,0.0,0.0,0.0,0.0,0.0,0.0,0.0,0.0,0.0,0.0,0.0,0.0,0.0,0.0,0.0,0.0,0.0,0.0,0.0,0.0,0.0,0.0
2026-12-03,0.0,0.0,0.0,0.0,0.0,0.0,0.0,0.0,0.0,0.0,0.0,0.0,0.0,0.0,0.0,0.0,0.0,0.0,0.0,0.0,0.0,0.0,0.0,0.0,0.0,0.0,0.0,0.0,0.0,0.0
2026-12-04,0.0,0.0,0.0,0.0,0.0,0.0,0.0,0.0,0.0,0.0,0.0,0.0,0.0,0.0,0.0,0.0,0.0,0.0,0.0,0.0,0.0,0.0,0.0,0.0,0.0,0.0,0.0,0.0,0.0,0.0
2026-12-05,0.0,0.0,0.0,0.0,0.0,0.0,0.0,0.0,0.0,0.0,0.0,0.0,0.0,0.0,0.0,0.0,0.0,0.0,0.0,0.0,0.0,0.0,0.0,0.0,0.0,0.0,0.0,0.0,0.0,0.0
2026-12-06,0.0,0.0,0.0,0.0,0.0,0.0,0.0,0.0,0.0,0.0,0.0,0.0,0.0,0.0,0.0,0.0,0.0,0.0,0.0,0.0,0.0,0.0,0.0,0.0,0.0,0.0,0.0,0.0,0.0,0.0
2026-12-07,0.0,0.0,0.0,0.0,0.0,0.0,0.0,0.0,0.0,0.0,0.0,0.0,0.0,0.0,0.0,0.0,0.0,0.0,0.0,0.0,0.0,0.0,0.0,0.0,0.0,0.0,0.0,0.0,0.0,0.0
2026-12-08,0.0,0.0,0.0,0.0,0.0,0.0,0.0,0.0,0.0,0.0,0.0,0.0,0.0,0.0,0.0,0.0,0.0,0.0,0.0,0.0,0.0,0.0,0.0,0.0,0.0,0.0,0.0,0.0,0.0,0.0
2026-12-09,0.0,0.0,0.0,0.0,0.0,0.0,0.0,0.0,0.0,0.0,0.0,0.0,0.0,0.0,0.0,0.0,0.0,0.0,0.0,0.0,0.0,0.0,0.0,0.0,0.0,0.0,0.0,0.0,0.0,0.0
2026-12-10,0.0,0.0,0.0,0.0,0.0,0.0,0.0,0.0,0.0,0.0,0.0,0.0,0.0,0.0,0.0,0.0,0.0,0.0,0.0,0.0,0.0,0.0,0.0,0.0,0.0,0.0,0.0,0.0,0.0,0.0
2026-12-11,0.0,0.0,0.0,0.0,0.0,0.0,0.0,0.0,0.0,0.0,0.0,0.0,0.0,0.0,0.0,0.0,0.0,0.0,0.0,0.0,0.0,0.0,0.0,0.0,0.0,0.0,0.0,0.0,0.0,0.0
2026-12-12,0.0,0.0,0.0,0.0,0.0,0.0,0.0,0.0,0.0,0.0,0.0,0.0,0.0,0.0,0.0,0.0,0.0,0.0,0.0,0.0,0.0,0.0,0.0,0.0,0.0,0.0,0.0,0.0,0.0,0.0
2026-12-13,0.0,0.0,0.0,0.0,0.0,0.0,0.0,0.0,0.0,0.0,0.0,0.0,0.0,0.0,0.0,0.0,0.0,0.0,0.0,0.0,0.0,0.0,0.0,0.0,0.0,0.0,0.0,0.0,0.0,0.0
2026-12-14,0.0,0.0,0.0,0.0,0.0,0.0,0.0,0.0,0.0,0.0,0.0,0.0,0.0,0.0,0.0,0.0,0.0,0.0,0.0,0.0,0.0,0.0,0.0,0.0,0.0,0.0,0.0,0.0,0.0,0.0
2026-12-15,0.0,0.0,0.0,0.0,0.0,0.0,0.0,0.0,0.0,0.0,0.0,0.0,0.0,0.0,0.0,0.0,0.0,0.0,0.0,0.0,0.0,0.0,0.0,0.0,0.0,0.0,0.0,0.0,0.0,0.0
2026-12-16,0.0,0.0,0.0,0.0,0.0,0.0,0.0,0.0,0.0,0.0,0.0,0.0,0.0,0.0,0.0,0.0,0.0,0.0,0.0,0.0,0.0,0.0,0.0,0.0,0.0,0.0,0.0,0.0,0.0,0.0
2026-12-17,0.0,0.0,0.0,0.0,0.0,0.0,0.0,0.0,0.0,0.0,0.0,0.0,0.0,0.0,0.0,0.0,0.0,0.0,0.0,0.0,0.0,0.0,0.0,0.0,0.0,0.0,0.0,0.0,0.0,0.0
2026-12-18,0.0,0.0,0.0,0.0,0.0,0.0,0.0,0.0,0.0,0.0,0.0,0.0,0.0,0.0,0.0,0.0,0.0,0.0,0.0,0.0,0.0,0.0,0.0,0.0,0.0,0.0,0.0,0.0,0.0,0.0
2026-12-19,0.0,0.0,0.0,0.0,0.0,0.0,0.0,0.0,0.0,0.0,0.0,0.0,0.0,0.0,0.0,0.0,0.0,0.0,0.0,0.0,0.0,0.0,0.0,0.0,0.0,0.0,0.0,0.0,0.0,0.0
2026-12-20,0.0,0.0,0.0,0.0,0.0,0.0,0.0,0.0,0.0,0.0,0.0,0.0,0.0,0.0,0.0,0.0,0.0,0.0,0.0,0.0,0.0,0.0,0.0,0.0,0.0,0.0,0.0,0.0,0.0,0.0
2026-12-21,0.0,0.0,0.0,0.0,0.0,0.0,0.0,0.0,0.0,0.0,0.0,0.0,0.0,0.0,0.0,0.0,0.0,0.0,0.0,0.0,0.0,0.0,0.0,0.0,0.0,0.0,0.0,0.0,0.0,0.0
2026-12-22,0.0,0.0,0.0,0.0,0.0,0.0,0.0,0.0,0.0,0.0,0.0,0.0,0.0,0.0,0.0,0.0,0.0,0.0,0.0,0.0,0.0,0.0,0.0,0.0,0.0,0.0,0.0,0.0,0.0,0.0
2026-12-23,0.0,0.0,0.0,0.0,0.0,0.0,0.0,0.0,0.0,0.0,0.0,0.0,0.0,0.0,0.0,0.0,0.0,0.0,0.0,0.0,0.0,0.0,0.0,0.0,0.0,0.0,0.0,0.0,0.0,0.0
2026-12-24,0.0,0.0,0.0,0.0,0.0,0.0,0.0,0.0,0.0,0.0,0.0,0.0,0.0,0.0,0.0,0.0,0.0,0.0,0.0,0.0,0.0,0.0,0.0,0.0,0.0,0.0,0.0,0.0,0.0,0.0
2026-12-25,0.0,0.0,0.0,0.0,0.0,0.0,0.0,0.0,0.0,0.0,0.0,0.0,0.0,0.0,0.0,0.0,0.0,0.0,0.0,0.0,0.0,0.0,0.0,0.0,0.0,0.0,0.0,0.0,0.0,0.0
2026-12-26,0.0,0.0,0.0,0.0,0.0,0.0,0.0,0.0,0.0,0.0,0.0,0.0,0.0,0.0,0.0,0.0,0.0,0.0,0.0,0.0,0.0,0.0,0.0,0.0,0.0,0.0,0.0,0.0,0.0,0.0
2026-12-27,0.0,0.0,0.0,0.0,0.0,0.0,0.0,0.0,0.0,0.0,0.0,0.0,0.0,0.0,0.0,0.0,0.0,0.0,0.0,0.0,0.0,0.0,0.0,0.0,0.0,0.0,0.0,0.0,0.0,0.0
2026-12-28,0.0,0.0,0.0,0.0,0.0,0.0,0.0,0.0,0.0,0.0,0.0,0.0,0.0,0.0,0.0,0.0,0.0,0.0,0.0,0.0,0.0,0.0,0.0,0.0,0.0,0.0,0.0,0.0,0.0,0.0
2026-12-29,0.0,0.0,0.0,0.0,0.0,0.0,0.0,0.0,0.0,0.0,0.0,0.0,0.0,0.0,0.0,0.0,0.0,0.0,0.0,0.0,0.0,0.0,0.0,0.0,0.0,0.0,0.0,0.0,0.0,0.0
2026-12-30,0.0,0.0,0.0,0.0,0.0,0.0,0.0,0.0,0.0,0.0,0.0,0.0,0.0,0.0,0.0,0.0,0.0,0.0,0.0,0.0,0.0,0.0,0.0,0.0,0.0,0.0,0.0,0.0,0.0,0.0
2026-12-31,0.0,0.0,0.0,0.0,0.0,0.0,0.0,0.0,0.0,0.0,0.0,0.0,0.0,0.0,0.0,0.0,0.0,0.0,0.0,0.0,0.0,0.0,0.0,0.0,0.0,0.0,0.0,0.0,0.0,0.0
